id,topic,question,answer,score,match_type,token_weights
1,pricing,How much does it cost to ship a flight ticket from Tel Aviv to New York with El Al in April for one person?,"A note in the middle of the article adds that in the pricing section, a flight ticket for one person is shown at $240, although the paragraph also warns that holiday surcharges may be added later.",1.0,full_messy_article_match,"0.2,3.0,1.0,1.0,1.0,1.0,1.0,1.0,1.0,2.5,2.5,1.0,2.5,2.5,1.0,1.5,1.5,1.0,1.5,1.5,1.0,3.0,3.0,1.0,1.0,1.0,1.0,1.0,1.0"
2,pricing,"In short, how much does it cost to ship a laptop battery from Israel to New York with El Al in April for 1 unit?","The page mentions that prices for laptop battery routes from Israel to New York can change by season, but it does not show the exact El Al fare for April. The same article also includes unrelated marketing text and a link to general support.",0.55,partial_missing_key_fields,"0.2,3.0,1.0,1.0,1.0,1.0,1.0,1.0,1.0,1.0,1.0,1.0,2.5,2.5,1.0,2.5,2.5,1.0,1.5,1.0,1.5,1.5,1.0,3.0,3.0,1.0,1.0,1.0,1.0,1.0,1.0"
3,pricing,What is the price for installing a flight ticket with El Al?,"A note in the middle of the article adds that get exclusive deals and great rates for hotels and car rentals near Eilat too, the article adds in a promotional paragraph.",0.2,same_topic_wrong_answer,"0.2,3.0,1.0,1.0,1.0,1.0,1.0,1.0,1.0,2.5,1.0,2.5,2.5,1.0,3.0,3.0,1.0"
4,pricing,What is the price for installing a office chair with CityCourier?,"The article describes how seasonal demand changes customer waiting times, but it does not provide a direct answer to the requested service detail.",0.0,different_topic_negative,"0.2,3.0,1.0,1.0,1.0,1.0,1.0,1.0,1.0,2.5,1.0,2.5,2.5,1.0,3.0,1.0"
5,pricing,How much does it cost to ship a wireless mouse from Haifa to New York with QuickFix in 24 hours for 3 units?,"The paragraph continues with a warning about delays, but says that buried in the fare table, the listed price for a wireless mouse from Haifa to New York with QuickFix in 24 hours for 3 units is $420, before optional extras are added.",1.0,full_messy_article_match,"0.2,3.0,1.0,1.0,1.0,1.0,1.0,1.0,1.0,2.5,2.5,1.0,2.5,2.5,1.0,1.5,1.0,1.5,1.5,1.0,3.0,1.0,1.0,1.0,1.0,1.0,1.0,1.0"
6,pricing,Can you tell me the cost of office chair from Jerusalem to Greece?,"The article says customers can check the price of a office chair during checkout, with no confirmed dollar amount in the sentence. The same article also includes unrelated marketing text and a link to general support.",0.55,partial_missing_key_fields,"0.2,3.0,1.0,1.0,1.0,1.0,1.0,1.0,1.0,1.0,1.0,2.5,2.5,1.0,1.5,1.0,1.5,1.0"
7,pricing,Please help: Can you tell me the cost of flight ticket from Jerusalem to Greece?,"If your travel dates are flexible, the whole-month view can help find cheaper days from Jerusalem to Greece, but no actual fare is listed.",0.25,same_topic_wrong_answer,"0.2,3.0,1.0,1.0,1.0,1.0,1.0,1.0,1.0,1.0,1.0,1.0,1.0,2.5,2.5,1.0,1.5,1.0,1.5,1.0"
8,pricing,Can you tell me the cost of office chair from Israel to Eilat?,The guide spends most of its space comparing mobile app layouts and does not mention the requested product or transaction details. The same article also includes unrelated marketing text and a link to general support.,0.05,different_topic_negative,"0.2,3.0,1.0,1.0,1.0,1.0,1.0,1.0,1.0,1.0,1.0,2.5,2.5,1.0,1.5,1.0,1.5,1.0"
9,pricing,Can you tell me the cost of office chair from Haifa to Eilat?,"The paragraph continues with a warning about delays, but says that buried in the fare table, the listed price for a office chair from Haifa to Eilat with CityCourier in next week for two passengers is $240, before optional extras are added. The same article also includes unrelated marketing text and a link to general support.",0.9,full_messy_article_match,"0.2,3.0,1.0,1.0,1.0,1.0,1.0,1.0,1.0,1.0,1.0,2.5,2.5,1.0,1.5,1.0,1.5,1.0"
10,pricing,What is the price for installing a laptop battery with ExpressShip?,"The page does not present it as a direct answer; instead, it states that a travel note compares Economy and Business prices from Israel to New York, yet the example omits the final amount for 3 units with ExpressShip.",0.55,partial_missing_key_fields,"0.2,3.0,1.0,1.0,1.0,1.0,1.0,1.0,1.0,2.5,1.0,2.5,2.5,1.0,3.0,1.0"
11,pricing,How much does it cost to ship a printer cartridge from Israel to New York with CityCourier in 24 hours for two passengers?,"A note in the middle of the article adds that get exclusive deals and great rates for hotels and car rentals near New York too, the article adds in a promotional paragraph. The same article also includes unrelated marketing text and a link to general support.",0.2,same_topic_wrong_answer,"0.2,3.0,1.0,1.0,1.0,1.0,1.0,1.0,1.0,2.5,2.5,1.0,2.5,2.5,1.0,1.5,1.0,1.5,1.5,1.0,3.0,1.0,1.0,1.0,1.0,1.0,1.0,1.0"
12,pricing,"I was checking the site and couldn't find it clearly, what is the price for installing a office chair with QuickFix?","According to the announcement, users should check the help center for updates, while unrelated billing references were moved to a separate dashboard.",0.0,different_topic_negative,"0.2,3.0,1.0,1.0,1.0,1.0,1.0,1.0,1.0,1.0,1.0,1.0,1.0,1.0,1.0,1.0,1.0,1.0,1.0,1.0,1.0,2.5,1.0,2.5,2.5,1.0,3.0,1.0"
13,pricing,How much does it cost to ship a laptop battery from Jerusalem to Eilat with QuickFix in next week for 3 units?,"Buried in the fare table, the listed price for a laptop battery from Jerusalem to Eilat with QuickFix in next week for 3 units is $89, before optional extras are added.",0.95,full_messy_article_match,"0.2,3.0,1.0,1.0,1.0,1.0,1.0,1.0,1.0,2.5,2.5,1.0,2.5,2.5,1.0,1.5,1.0,1.5,1.0,3.0,1.0,1.0,1.0,1.0,1.0,1.0,1.0"
14,pricing,How much is a office chair for one person?,"A travel note compares Economy and Business prices from Jerusalem to Jerusalem, yet the example omits the final amount for one person with El Al. The same article also includes unrelated marketing text and a link to general support.",0.55,partial_missing_key_fields,"0.2,3.0,1.0,1.0,1.0,1.0,1.0,1.0,2.5,2.5,1.0,1.0,1.0,1.0"
15,pricing,How much is a laptop battery for one person?,"The paragraph continues with a warning about delays, but says that if your travel dates are flexible, the whole-month view can help find cheaper days from Haifa to Eilat, but no actual fare is listed.",0.15,same_topic_wrong_answer,"0.2,3.0,1.0,1.0,1.0,1.0,1.0,1.0,2.5,2.5,1.0,1.0,1.0,1.0"
16,pricing,Can you tell me the cost of laptop battery from Tel Aviv to Eilat?,"According to the announcement, users should check the help center for updates, while unrelated billing references were moved to a separate dashboard.",0.0,different_topic_negative,"0.2,3.0,1.0,1.0,1.0,1.0,1.0,1.0,1.0,1.0,1.0,2.5,2.5,1.0,1.5,1.5,1.0,1.5,1.0"
17,pricing,"I was checking the site and couldn't find it clearly, how much is a flight ticket for two passengers?","In a side note under the comparison table, it says that buried in the fare table, the listed price for a flight ticket from Jerusalem to Jerusalem with ExpressShip in next week for two passengers is $240, before optional extras are added. The same article also includes unrelated marketing text and a link to general support.",1.0,full_messy_article_match,"0.2,3.0,1.0,1.0,1.0,1.0,1.0,1.0,1.0,1.0,1.0,1.0,1.0,1.0,1.0,1.0,1.0,1.0,1.0,1.0,2.5,2.5,1.0,1.0,1.0,1.0"
18,pricing,What is the price for installing a office chair with QuickFix?,"A travel note compares Economy and Business prices from Israel to New York, yet the example omits the final amount for one person with QuickFix.",0.35,partial_missing_key_fields,"0.2,3.0,1.0,1.0,1.0,1.0,1.0,1.0,1.0,2.5,1.0,2.5,2.5,1.0,3.0,1.0"
19,pricing,What is the price for installing a flight ticket with CityCourier?,"The page does not present it as a direct answer; instead, it states that if your travel dates are flexible, the whole-month view can help find cheaper days from Israel to New York, but no actual fare is listed.",0.2,same_topic_wrong_answer,"0.2,3.0,1.0,1.0,1.0,1.0,1.0,1.0,1.0,2.5,1.0,2.5,2.5,1.0,3.0,1.0"
20,pricing,How much does it cost to ship a printer cartridge from Jerusalem to Jerusalem with ExpressShip in two days for one person?,"A short paragraph at the bottom says that support teams may contact customers later, without giving a concrete instruction or value.",0.0,different_topic_negative,"0.2,3.0,1.0,1.0,1.0,1.0,1.0,1.0,1.0,2.5,2.5,1.0,2.5,2.5,1.0,1.5,1.0,1.5,1.0,3.0,1.0,1.0,1.0,1.0,1.0,1.0,1.0"
21,pricing,What is the price for installing a office chair with El Al?,"The page does not present it as a direct answer; instead, it states that in the pricing section, a office chair for 1 unit is shown at $240, although the paragraph also warns that holiday surcharges may be added later.",1.0,full_messy_article_match,"0.2,3.0,1.0,1.0,1.0,1.0,1.0,1.0,1.0,2.5,1.0,2.5,2.5,1.0,3.0,3.0,1.0"
22,pricing,"In short, how much does it cost to ship a wireless mouse from Haifa to New York with CityCourier in two days for 1 unit?","The paragraph continues with a warning about delays, but says that the page mentions that prices for wireless mouse routes from Haifa to New York can change by season, but it does not show the exact CityCourier fare for two days. The same article also includes unrelated marketing text and a link to general support.",0.45,partial_missing_key_fields,"0.2,3.0,1.0,1.0,1.0,1.0,1.0,1.0,1.0,1.0,1.0,1.0,2.5,2.5,1.0,2.5,2.5,1.0,1.5,1.0,1.5,1.5,1.0,3.0,1.0,1.0,1.0,1.0,1.0,1.0,1.0"
23,pricing,How much does it cost to ship a printer cartridge from Israel to Greece with QuickFix in 24 hours for one person?,"A note in the middle of the article adds that if your travel dates are flexible, the whole-month view can help find cheaper days from Israel to Greece, but no actual fare is listed.",0.1,same_topic_wrong_answer,"0.2,3.0,1.0,1.0,1.0,1.0,1.0,1.0,1.0,2.5,2.5,1.0,2.5,2.5,1.0,1.5,1.0,1.5,1.0,3.0,1.0,1.0,1.0,1.0,1.0,1.0,1.0"
24,pricing,Can you tell me the cost of printer cartridge from Israel to Greece?,"A short paragraph at the bottom says that support teams may contact customers later, without giving a concrete instruction or value.",0.05,different_topic_negative,"0.2,3.0,1.0,1.0,1.0,1.0,1.0,1.0,1.0,1.0,1.0,2.5,2.5,1.0,1.5,1.0,1.5,1.0"
25,pricing,How much does it cost to ship a printer cartridge from Tel Aviv to Jerusalem with ExpressShip in 24 hours for 1 unit?,"A note in the middle of the article adds that the service note says that ExpressShip charges $89 for the printer cartridge route from Tel Aviv to Jerusalem in 24 hours, and the amount shown is for 1 unit.",0.95,full_messy_article_match,"0.2,3.0,1.0,1.0,1.0,1.0,1.0,1.0,1.0,2.5,2.5,1.0,2.5,2.5,1.0,1.5,1.5,1.0,1.5,1.0,3.0,1.0,1.0,1.0,1.0,1.0,1.0,1.0"
26,pricing,How much is a wireless mouse for 3 units?,"The page mentions that prices for wireless mouse routes from Tel Aviv to Jerusalem can change by season, but it does not show the exact El Al fare for two days. The same article also includes unrelated marketing text and a link to general support.",0.55,partial_missing_key_fields,"0.2,3.0,1.0,1.0,1.0,1.0,1.0,1.0,2.5,2.5,1.0,1.0,1.0,1.0"
27,pricing,Please help: Can you tell me the cost of office chair from Jerusalem to Eilat?,"After several unrelated lines about customer service, the page says: get exclusive deals and great rates for hotels and car rentals near Eilat too, the article adds in a promotional paragraph. The same article also includes unrelated marketing text and a link to general support.",0.15,same_topic_wrong_answer,"0.2,3.0,1.0,1.0,1.0,1.0,1.0,1.0,1.0,1.0,1.0,1.0,1.0,2.5,2.5,1.0,1.5,1.0,1.5,1.0"
28,pricing,How much is a wireless mouse for two passengers?,"A short paragraph at the bottom says that support teams may contact customers later, without giving a concrete instruction or value.",0.0,different_topic_negative,"0.2,3.0,1.0,1.0,1.0,1.0,1.0,1.0,2.5,2.5,1.0,1.0,1.0,1.0"
29,pricing,How much is a laptop battery for one person?,"Buried in the fare table, the listed price for a laptop battery from Israel to Greece with QuickFix in next week for one person is $35, before optional extras are added.",0.9,full_messy_article_match,"0.2,3.0,1.0,1.0,1.0,1.0,1.0,1.0,2.5,2.5,1.0,1.0,1.0,1.0"
30,pricing,How much does it cost to ship a flight ticket from Jerusalem to Eilat with CityCourier in next week for one person?,"A note in the middle of the article adds that the article says customers can check the price of a flight ticket during checkout, with no confirmed dollar amount in the sentence. The same article also includes unrelated marketing text and a link to general support.",0.55,partial_missing_key_fields,"0.2,3.0,1.0,1.0,1.0,1.0,1.0,1.0,1.0,2.5,2.5,1.0,2.5,2.5,1.0,1.5,1.0,1.5,1.0,3.0,1.0,1.0,1.0,1.0,1.0,1.0,1.0"
31,pricing,Can you tell me the cost of wireless mouse from Haifa to Greece?,"The page does not present it as a direct answer; instead, it states that if your travel dates are flexible, the whole-month view can help find cheaper days from Haifa to Greece, but no actual fare is listed.",0.15,same_topic_wrong_answer,"0.2,3.0,1.0,1.0,1.0,1.0,1.0,1.0,1.0,1.0,1.0,2.5,2.5,1.0,1.5,1.0,1.5,1.0"
32,pricing,"How much does it cost to ship a printer cartridge from Tel Aviv to Greece with ExpressShip in April for 1 unit? I only need the exact answer, not a general explanation.","The article describes how seasonal demand changes customer waiting times, but it does not provide a direct answer to the requested service detail.",0.05,different_topic_negative,"0.2,3.0,1.0,1.0,1.0,1.0,1.0,1.0,1.0,2.5,2.5,1.0,2.5,2.5,1.0,1.5,1.5,1.0,1.5,1.0,3.0,1.0,1.0,1.0,1.0,1.0,1.0,1.0,1.0,1.0,1.0,1.0,1.0,1.0,1.0,1.0,1.0,1.0,1.0"
33,pricing,How much does it cost to ship a printer cartridge from Tel Aviv to Jerusalem with CityCourier in two days for 3 units?,"A note in the middle of the article adds that the service note says that CityCourier charges $240 for the printer cartridge route from Tel Aviv to Jerusalem in two days, and the amount shown is for 3 units.",0.9,full_messy_article_match,"0.2,3.0,1.0,1.0,1.0,1.0,1.0,1.0,1.0,2.5,2.5,1.0,2.5,2.5,1.0,1.5,1.5,1.0,1.5,1.0,3.0,1.0,1.0,1.0,1.0,1.0,1.0,1.0"
34,pricing,Can you tell me the cost of laptop battery from Jerusalem to Eilat?,"The paragraph continues with a warning about delays, but says that the article says customers can check the price of a laptop battery during checkout, with no confirmed dollar amount in the sentence.",0.45,partial_missing_key_fields,"0.2,3.0,1.0,1.0,1.0,1.0,1.0,1.0,1.0,1.0,1.0,2.5,2.5,1.0,1.5,1.0,1.5,1.0"
35,pricing,How much does it cost to ship a laptop battery from Tel Aviv to New York with QuickFix in April for 1 unit?,"After several unrelated lines about customer service, the page says: book a ticket from Tel Aviv to New York with extra peace of mind, according to the site, without naming QuickFix or giving a price.",0.25,same_topic_wrong_answer,"0.2,3.0,1.0,1.0,1.0,1.0,1.0,1.0,1.0,2.5,2.5,1.0,2.5,2.5,1.0,1.5,1.5,1.0,1.5,1.5,1.0,3.0,1.0,1.0,1.0,1.0,1.0,1.0"
36,pricing,What is the price for installing a wireless mouse with ExpressShip?,"The article describes how seasonal demand changes customer waiting times, but it does not provide a direct answer to the requested service detail. The same article also includes unrelated marketing text and a link to general support.",0.0,different_topic_negative,"0.2,3.0,1.0,1.0,1.0,1.0,1.0,1.0,1.0,2.5,1.0,2.5,2.5,1.0,3.0,1.0"
37,pricing,Please help: What is the price for installing a flight ticket with QuickFix?,"In a side note under the comparison table, it says that buried in the fare table, the listed price for a flight ticket from Haifa to Jerusalem with QuickFix in two days for one person is $240, before optional extras are added. The same article also includes unrelated marketing text and a link to general support.",0.95,full_messy_article_match,"0.2,3.0,1.0,1.0,1.0,1.0,1.0,1.0,1.0,1.0,1.0,2.5,1.0,2.5,2.5,1.0,3.0,1.0"
38,pricing,What is the price for installing a printer cartridge with El Al?,"In a side note under the comparison table, it says that a travel note compares Economy and Business prices from Tel Aviv to Eilat, yet the example omits the final amount for 3 units with El Al. The same article also includes unrelated marketing text and a link to general support.",0.45,partial_missing_key_fields,"0.2,3.0,1.0,1.0,1.0,1.0,1.0,1.0,1.0,2.5,1.0,2.5,2.5,1.0,3.0,3.0,1.0"
39,pricing,How much is a laptop battery for two passengers?,"The paragraph continues with a warning about delays, but says that book a ticket from Israel to Eilat with extra peace of mind, according to the site, without naming CityCourier or giving a price. The same article also includes unrelated marketing text and a link to general support.",0.1,same_topic_wrong_answer,"0.2,3.0,1.0,1.0,1.0,1.0,1.0,1.0,2.5,2.5,1.0,1.0,1.0,1.0"
40,pricing,What is the price for installing a printer cartridge with ExpressShip?,"According to the announcement, users should check the help center for updates, while unrelated billing references were moved to a separate dashboard.",0.05,different_topic_negative,"0.2,3.0,1.0,1.0,1.0,1.0,1.0,1.0,1.0,2.5,1.0,2.5,2.5,1.0,3.0,1.0"
41,pricing,Can you tell me the cost of office chair from Israel to Greece?,"The page does not present it as a direct answer; instead, it states that buried in the fare table, the listed price for a office chair from Israel to Greece with ExpressShip in 24 hours for 3 units is $12, before optional extras are added.",1.0,full_messy_article_match,"0.2,3.0,1.0,1.0,1.0,1.0,1.0,1.0,1.0,1.0,1.0,2.5,2.5,1.0,1.5,1.0,1.5,1.0"
42,pricing,"What is the price for installing a printer cartridge with QuickFix? I only need the exact answer, not a general explanation.","In a side note under the comparison table, it says that the article says customers can check the price of a printer cartridge during checkout, with no confirmed dollar amount in the sentence.",0.45,partial_missing_key_fields,"0.2,3.0,1.0,1.0,1.0,1.0,1.0,1.0,1.0,2.5,1.0,2.5,2.5,1.0,3.0,1.0,1.0,1.0,1.0,1.0,1.0,1.0,1.0,1.0,1.0,1.0,1.0,1.0"
43,pricing,What is the price for installing a wireless mouse with El Al?,"After several unrelated lines about customer service, the page says: get exclusive deals and great rates for hotels and car rentals near Jerusalem too, the article adds in a promotional paragraph.",0.2,same_topic_wrong_answer,"0.2,3.0,1.0,1.0,1.0,1.0,1.0,1.0,1.0,2.5,1.0,2.5,2.5,1.0,3.0,3.0,1.0"
44,pricing,Can you tell me the cost of wireless mouse from Jerusalem to Greece?,"According to the announcement, users should check the help center for updates, while unrelated billing references were moved to a separate dashboard.",0.05,different_topic_negative,"0.2,3.0,1.0,1.0,1.0,1.0,1.0,1.0,1.0,1.0,1.0,2.5,2.5,1.0,1.5,1.0,1.5,1.0"
45,pricing,Can you tell me the cost of office chair from Jerusalem to New York?,"A note in the middle of the article adds that buried in the fare table, the listed price for a office chair from Jerusalem to New York with El Al in two days for 3 units is $12, before optional extras are added.",0.95,full_messy_article_match,"0.2,3.0,1.0,1.0,1.0,1.0,1.0,1.0,1.0,1.0,1.0,2.5,2.5,1.0,1.5,1.0,1.5,1.5,1.0"
46,pricing,How much is a flight ticket for one person?,"The page does not present it as a direct answer; instead, it states that a travel note compares Economy and Business prices from Jerusalem to Eilat, yet the example omits the final amount for one person with ExpressShip. The same article also includes unrelated marketing text and a link to general support.",0.55,partial_missing_key_fields,"0.2,3.0,1.0,1.0,1.0,1.0,1.0,1.0,2.5,2.5,1.0,1.0,1.0,1.0"
47,pricing,"In short, how much does it cost to ship a flight ticket from Tel Aviv to New York with CityCourier in 24 hours for one person?","After several unrelated lines about customer service, the page says: book a ticket from Tel Aviv to New York with extra peace of mind, according to the site, without naming CityCourier or giving a price.",0.1,same_topic_wrong_answer,"0.2,3.0,1.0,1.0,1.0,1.0,1.0,1.0,1.0,1.0,1.0,1.0,2.5,2.5,1.0,2.5,2.5,1.0,1.5,1.5,1.0,1.5,1.5,1.0,3.0,1.0,1.0,1.0,1.0,1.0,1.0,1.0"
48,pricing,How much is a flight ticket for one person?,The guide spends most of its space comparing mobile app layouts and does not mention the requested product or transaction details. The same article also includes unrelated marketing text and a link to general support.,0.0,different_topic_negative,"0.2,3.0,1.0,1.0,1.0,1.0,1.0,1.0,2.5,2.5,1.0,1.0,1.0,1.0"
49,pricing,How much does it cost to ship a wireless mouse from Haifa to Jerusalem with QuickFix in April for two passengers?,"The service note says that QuickFix charges $89 for the wireless mouse route from Haifa to Jerusalem in April, and the amount shown is for two passengers.",1.0,full_messy_article_match,"0.2,3.0,1.0,1.0,1.0,1.0,1.0,1.0,1.0,2.5,2.5,1.0,2.5,2.5,1.0,1.5,1.0,1.5,1.0,3.0,1.0,1.0,1.0,1.0,1.0,1.0"
50,pricing,Can you tell me the cost of flight ticket from Israel to Greece?,"After several unrelated lines about customer service, the page says: the article says customers can check the price of a flight ticket during checkout, with no confirmed dollar amount in the sentence.",0.45,partial_missing_key_fields,"0.2,3.0,1.0,1.0,1.0,1.0,1.0,1.0,1.0,1.0,1.0,2.5,2.5,1.0,1.5,1.0,1.5,1.0"
51,pricing,What is the price for installing a wireless mouse with El Al?,"Book a ticket from Jerusalem to Eilat with extra peace of mind, according to the site, without naming El Al or giving a price.",0.2,same_topic_wrong_answer,"0.2,3.0,1.0,1.0,1.0,1.0,1.0,1.0,1.0,2.5,1.0,2.5,2.5,1.0,3.0,3.0,1.0"
52,pricing,"In short, how much is a laptop battery for 3 units?","The article describes how seasonal demand changes customer waiting times, but it does not provide a direct answer to the requested service detail. The same article also includes unrelated marketing text and a link to general support.",0.05,different_topic_negative,"0.2,3.0,1.0,1.0,1.0,1.0,1.0,1.0,1.0,1.0,1.0,2.5,2.5,1.0,1.0,1.0,1.0"
53,pricing,What is the price for installing a wireless mouse with El Al?,"The service note says that El Al charges $420 for the wireless mouse route from Tel Aviv to Eilat in two days, and the amount shown is for two passengers.",0.95,full_messy_article_match,"0.2,3.0,1.0,1.0,1.0,1.0,1.0,1.0,1.0,2.5,1.0,2.5,2.5,1.0,3.0,3.0,1.0"
54,pricing,How much does it cost to ship a office chair from Tel Aviv to Eilat with ExpressShip in April for 1 unit?,"After several unrelated lines about customer service, the page says: a travel note compares Economy and Business prices from Tel Aviv to Eilat, yet the example omits the final amount for 1 unit with ExpressShip.",0.55,partial_missing_key_fields,"0.2,3.0,1.0,1.0,1.0,1.0,1.0,1.0,1.0,2.5,2.5,1.0,2.5,2.5,1.0,1.5,1.5,1.0,1.5,1.0,3.0,1.0,1.0,1.0,1.0,1.0,1.0"
55,pricing,How much is a wireless mouse for two passengers?,"The page does not present it as a direct answer; instead, it states that if your travel dates are flexible, the whole-month view can help find cheaper days from Jerusalem to New York, but no actual fare is listed.",0.2,same_topic_wrong_answer,"0.2,3.0,1.0,1.0,1.0,1.0,1.0,1.0,2.5,2.5,1.0,1.0,1.0,1.0"
56,pricing,Can you tell me the cost of printer cartridge from Tel Aviv to Greece?,The guide spends most of its space comparing mobile app layouts and does not mention the requested product or transaction details.,0.0,different_topic_negative,"0.2,3.0,1.0,1.0,1.0,1.0,1.0,1.0,1.0,1.0,1.0,2.5,2.5,1.0,1.5,1.5,1.0,1.5,1.0"
57,pricing,"In short, can you tell me the cost of laptop battery from Israel to New York?","A note in the middle of the article adds that the service note says that CityCourier charges $12 for the laptop battery route from Israel to New York in 24 hours, and the amount shown is for one person. The same article also includes unrelated marketing text and a link to general support.",1.0,full_messy_article_match,"0.2,3.0,1.0,1.0,1.0,1.0,1.0,1.0,1.0,1.0,1.0,1.0,1.0,1.0,2.5,2.5,1.0,1.5,1.0,1.5,1.5,1.0"
58,pricing,What is the price for installing a printer cartridge with El Al?,"The article says customers can check the price of a printer cartridge during checkout, with no confirmed dollar amount in the sentence.",0.45,partial_missing_key_fields,"0.2,3.0,1.0,1.0,1.0,1.0,1.0,1.0,1.0,2.5,1.0,2.5,2.5,1.0,3.0,3.0,1.0"
59,pricing,What is the price for installing a laptop battery with El Al?,"The page does not present it as a direct answer; instead, it states that get exclusive deals and great rates for hotels and car rentals near New York too, the article adds in a promotional paragraph. The same article also includes unrelated marketing text and a link to general support.",0.15,same_topic_wrong_answer,"0.2,3.0,1.0,1.0,1.0,1.0,1.0,1.0,1.0,2.5,1.0,2.5,2.5,1.0,3.0,3.0,1.0"
60,pricing,What is the price for installing a office chair with ExpressShip?,"In a later section, the company notes that account settings can be adjusted from the profile page, although shipment notices may still arrive separately.",0.05,different_topic_negative,"0.2,3.0,1.0,1.0,1.0,1.0,1.0,1.0,1.0,2.5,1.0,2.5,2.5,1.0,3.0,1.0"
61,pricing,What is the price for installing a wireless mouse with CityCourier?,"After several unrelated lines about customer service, the page says: in the pricing section, a wireless mouse for one person is shown at $240, although the paragraph also warns that holiday surcharges may be added later. The same article also includes unrelated marketing text and a link to general support.",1.0,full_messy_article_match,"0.2,3.0,1.0,1.0,1.0,1.0,1.0,1.0,1.0,2.5,1.0,2.5,2.5,1.0,3.0,1.0"
62,pricing,"How much does it cost to ship a flight ticket from Jerusalem to Jerusalem with CityCourier in two days for one person? I only need the exact answer, not a general explanation.","A travel note compares Economy and Business prices from Jerusalem to Jerusalem, yet the example omits the final amount for one person with CityCourier. The same article also includes unrelated marketing text and a link to general support.",0.55,partial_missing_key_fields,"0.2,3.0,1.0,1.0,1.0,1.0,1.0,1.0,1.0,2.5,2.5,1.0,2.5,2.5,1.0,1.5,1.0,1.5,1.0,3.0,1.0,1.0,1.0,1.0,1.0,1.0,1.0,1.0,1.0,1.0,1.0,1.0,1.0,1.0,1.0,1.0,1.0,1.0,1.0"
63,pricing,Can you tell me the cost of laptop battery from Jerusalem to Eilat?,"The paragraph continues with a warning about delays, but says that book a ticket from Jerusalem to Eilat with extra peace of mind, according to the site, without naming QuickFix or giving a price.",0.25,same_topic_wrong_answer,"0.2,3.0,1.0,1.0,1.0,1.0,1.0,1.0,1.0,1.0,1.0,2.5,2.5,1.0,1.5,1.0,1.5,1.0"
64,pricing,What is the price for installing a printer cartridge with El Al?,The guide spends most of its space comparing mobile app layouts and does not mention the requested product or transaction details. The same article also includes unrelated marketing text and a link to general support.,0.0,different_topic_negative,"0.2,3.0,1.0,1.0,1.0,1.0,1.0,1.0,1.0,2.5,1.0,2.5,2.5,1.0,3.0,3.0,1.0"
65,pricing,How much is a laptop battery for one person?,"The page does not present it as a direct answer; instead, it states that buried in the fare table, the listed price for a laptop battery from Jerusalem to New York with QuickFix in April for one person is $35, before optional extras are added.",1.0,full_messy_article_match,"0.2,3.0,1.0,1.0,1.0,1.0,1.0,1.0,2.5,2.5,1.0,1.0,1.0,1.0"
66,pricing,How much does it cost to ship a flight ticket from Jerusalem to Jerusalem with QuickFix in 24 hours for 1 unit?,"After several unrelated lines about customer service, the page says: the page mentions that prices for flight ticket routes from Jerusalem to Jerusalem can change by season, but it does not show the exact QuickFix fare for 24 hours.",0.55,partial_missing_key_fields,"0.2,3.0,1.0,1.0,1.0,1.0,1.0,1.0,1.0,2.5,2.5,1.0,2.5,2.5,1.0,1.5,1.0,1.5,1.0,3.0,1.0,1.0,1.0,1.0,1.0,1.0,1.0"
67,pricing,"In short, how much does it cost to ship a printer cartridge from Tel Aviv to New York with QuickFix in next week for two passengers?","In a side note under the comparison table, it says that if your travel dates are flexible, the whole-month view can help find cheaper days from Tel Aviv to New York, but no actual fare is listed. The same article also includes unrelated marketing text and a link to general support.",0.15,same_topic_wrong_answer,"0.2,3.0,1.0,1.0,1.0,1.0,1.0,1.0,1.0,1.0,1.0,1.0,2.5,2.5,1.0,2.5,2.5,1.0,1.5,1.5,1.0,1.5,1.5,1.0,3.0,1.0,1.0,1.0,1.0,1.0,1.0,1.0"
68,pricing,How much does it cost to ship a office chair from Israel to New York with ExpressShip in 24 hours for one person?,The guide spends most of its space comparing mobile app layouts and does not mention the requested product or transaction details. The same article also includes unrelated marketing text and a link to general support.,0.0,different_topic_negative,"0.2,3.0,1.0,1.0,1.0,1.0,1.0,1.0,1.0,2.5,2.5,1.0,2.5,2.5,1.0,1.5,1.0,1.5,1.5,1.0,3.0,1.0,1.0,1.0,1.0,1.0,1.0,1.0"
69,pricing,How much does it cost to ship a flight ticket from Tel Aviv to Greece with QuickFix in next week for 3 units?,"After several unrelated lines about customer service, the page says: the service note says that QuickFix charges $240 for the flight ticket route from Tel Aviv to Greece in next week, and the amount shown is for 3 units.",0.95,full_messy_article_match,"0.2,3.0,1.0,1.0,1.0,1.0,1.0,1.0,1.0,2.5,2.5,1.0,2.5,2.5,1.0,1.5,1.5,1.0,1.5,1.0,3.0,1.0,1.0,1.0,1.0,1.0,1.0,1.0"
70,pricing,Can you tell me the cost of wireless mouse from Israel to Greece?,"A travel note compares Economy and Business prices from Israel to Greece, yet the example omits the final amount for two passengers with ExpressShip.",0.55,partial_missing_key_fields,"0.2,3.0,1.0,1.0,1.0,1.0,1.0,1.0,1.0,1.0,1.0,2.5,2.5,1.0,1.5,1.0,1.5,1.0"
71,pricing,How much is a office chair for 1 unit?,"The page does not present it as a direct answer; instead, it states that get exclusive deals and great rates for hotels and car rentals near Greece too, the article adds in a promotional paragraph. The same article also includes unrelated marketing text and a link to general support.",0.2,same_topic_wrong_answer,"0.2,3.0,1.0,1.0,1.0,1.0,1.0,1.0,2.5,2.5,1.0,1.0,1.0,1.0"
72,pricing,"How much is a office chair for one person? I only need the exact answer, not a general explanation.",The guide spends most of its space comparing mobile app layouts and does not mention the requested product or transaction details.,0.0,different_topic_negative,"0.2,3.0,1.0,1.0,1.0,1.0,1.0,1.0,2.5,2.5,1.0,1.0,1.0,1.0,1.0,1.0,1.0,1.0,1.0,1.0,1.0,1.0,1.0,1.0,1.0,1.0"
73,pricing,What is the price for installing a flight ticket with El Al?,"In a side note under the comparison table, it says that buried in the fare table, the listed price for a flight ticket from Israel to Eilat with El Al in 24 hours for two passengers is $89, before optional extras are added.",0.9,full_messy_article_match,"0.2,3.0,1.0,1.0,1.0,1.0,1.0,1.0,1.0,2.5,1.0,2.5,2.5,1.0,3.0,3.0,1.0"
74,pricing,How much is a laptop battery for 3 units?,"In a side note under the comparison table, it says that the article says customers can check the price of a laptop battery during checkout, with no confirmed dollar amount in the sentence. The same article also includes unrelated marketing text and a link to general support.",0.55,partial_missing_key_fields,"0.2,3.0,1.0,1.0,1.0,1.0,1.0,1.0,2.5,2.5,1.0,1.0,1.0,1.0"
75,pricing,How much is a laptop battery for one person?,"The paragraph continues with a warning about delays, but says that if your travel dates are flexible, the whole-month view can help find cheaper days from Tel Aviv to Jerusalem, but no actual fare is listed.",0.25,same_topic_wrong_answer,"0.2,3.0,1.0,1.0,1.0,1.0,1.0,1.0,2.5,2.5,1.0,1.0,1.0,1.0"
76,pricing,How much is a office chair for 1 unit?,"In a later section, the company notes that account settings can be adjusted from the profile page, although shipment notices may still arrive separately.",0.0,different_topic_negative,"0.2,3.0,1.0,1.0,1.0,1.0,1.0,1.0,2.5,2.5,1.0,1.0,1.0,1.0"
77,pricing,"In short, what is the price for installing a wireless mouse with ExpressShip?","A note in the middle of the article adds that in the pricing section, a wireless mouse for 3 units is shown at $420, although the paragraph also warns that holiday surcharges may be added later. The same article also includes unrelated marketing text and a link to general support.",0.9,full_messy_article_match,"0.2,3.0,1.0,1.0,1.0,1.0,1.0,1.0,1.0,1.0,1.0,1.0,2.5,1.0,2.5,2.5,1.0,3.0,1.0"
78,pricing,How much does it cost to ship a printer cartridge from Haifa to Eilat with El Al in next week for 3 units?,"The page mentions that prices for printer cartridge routes from Haifa to Eilat can change by season, but it does not show the exact El Al fare for next week. The same article also includes unrelated marketing text and a link to general support.",0.35,partial_missing_key_fields,"0.2,3.0,1.0,1.0,1.0,1.0,1.0,1.0,1.0,2.5,2.5,1.0,2.5,2.5,1.0,1.5,1.0,1.5,1.0,3.0,3.0,1.0,1.0,1.0,1.0,1.0,1.0,1.0"
79,pricing,How much is a laptop battery for 1 unit?,"In a side note under the comparison table, it says that if your travel dates are flexible, the whole-month view can help find cheaper days from Israel to Jerusalem, but no actual fare is listed.",0.25,same_topic_wrong_answer,"0.2,3.0,1.0,1.0,1.0,1.0,1.0,1.0,2.5,2.5,1.0,1.0,1.0,1.0"
80,pricing,How much is a office chair for 1 unit?,The guide spends most of its space comparing mobile app layouts and does not mention the requested product or transaction details.,0.05,different_topic_negative,"0.2,3.0,1.0,1.0,1.0,1.0,1.0,1.0,2.5,2.5,1.0,1.0,1.0,1.0"
81,ordering,Can I place an order for office chair through phone support?,"After several unrelated lines about customer service, the page says: in the ordering instructions, office chair can be placed through phone support; for 1 unit, the paragraph says to confirm the student discount setting on the final screen.",0.95,full_messy_article_match,"0.2,3.0,1.0,1.0,1.0,1.0,2.5,2.5,2.5,1.0,3.0,3.0,1.0,2.0,2.0,1.0"
82,ordering,"In short, how can I order two units of office chair via website with invoice required?","The article explains that office chair is available through website, but it never confirms whether two units can be ordered with invoice required.",0.45,partial_missing_key_fields,"0.2,3.0,1.0,1.0,1.0,1.0,1.0,1.0,1.0,1.0,2.5,1.5,1.5,1.0,3.0,3.0,1.0,2.0,1.0,2.0,2.0,1.0"
83,ordering,How can I order two units of office chair via mobile app with express delivery?,"In a side note under the comparison table, it says that the delivery article later says tracking updates are sent by email after dispatch, which is not the same as placing a new order. The same article also includes unrelated marketing text and a link to general support.",0.15,same_topic_wrong_answer,"0.2,3.0,1.0,1.0,1.0,1.0,1.0,2.5,1.5,1.5,1.0,3.0,3.0,1.0,2.0,2.0,1.0,2.0,2.0,1.0"
84,ordering,Can I place an order for software license through mobile app?,"The article describes how seasonal demand changes customer waiting times, but it does not provide a direct answer to the requested service detail.",0.0,different_topic_negative,"0.2,3.0,1.0,1.0,1.0,1.0,2.5,2.5,2.5,1.0,3.0,3.0,1.0,2.0,2.0,1.0"
85,ordering,Can I place an order for wireless mouse through WhatsApp?,"The checkout guide says customers may order one license of wireless mouse via WhatsApp, and the gift wrapping option must be selected before submitting the cart. The same article also includes unrelated marketing text and a link to general support.",0.95,full_messy_article_match,"0.2,3.0,1.0,1.0,1.0,1.0,2.5,2.5,2.5,1.0,3.0,3.0,1.0,2.0,1.0"
86,ordering,"I need to buy 1 unit of printer cartridge, what is the order process?","The paragraph continues with a warning about delays, but says that the article explains that printer cartridge is available through WhatsApp, but it never confirms whether 1 unit can be ordered with express delivery.",0.35,partial_missing_key_fields,"0.2,3.0,1.0,1.0,1.0,1.0,1.0,2.5,1.5,1.5,1.0,3.0,3.0,1.0,1.0,1.0,1.0,2.5,2.5,1.0"
87,ordering,"In short, how can I order one license of gift card via mobile app with gift wrapping?","A note in the middle of the article adds that the delivery article later says tracking updates are sent by email after dispatch, which is not the same as placing a new order. The same article also includes unrelated marketing text and a link to general support.",0.2,same_topic_wrong_answer,"0.2,3.0,1.0,1.0,1.0,1.0,1.0,1.0,1.0,1.0,2.5,1.5,3.0,1.0,3.0,3.0,1.0,2.0,2.0,1.0,3.0,2.0,1.0"
88,ordering,Can I place an order for wireless mouse through phone support?,"A short paragraph at the bottom says that support teams may contact customers later, without giving a concrete instruction or value.",0.05,different_topic_negative,"0.2,3.0,1.0,1.0,1.0,1.0,2.5,2.5,2.5,1.0,3.0,3.0,1.0,2.0,2.0,1.0"
89,ordering,Can I place an order for office chair through mobile app?,"In a side note under the comparison table, it says that in the ordering instructions, office chair can be placed through mobile app; for five packs, the paragraph says to confirm the invoice required setting on the final screen. The same article also includes unrelated marketing text and a link to general support.",1.0,full_messy_article_match,"0.2,3.0,1.0,1.0,1.0,1.0,2.5,2.5,2.5,1.0,3.0,3.0,1.0,2.0,2.0,1.0"
90,ordering,Can I place an order for software license through WhatsApp?,"A help note says the order button appears after login, though it does not mention the requested quantity or condition.",0.45,partial_missing_key_fields,"0.2,3.0,1.0,1.0,1.0,1.0,2.5,2.5,2.5,1.0,3.0,3.0,1.0,2.0,1.0"
91,ordering,Can I place an order for wireless mouse through mobile app?,"In a side note under the comparison table, it says that customers complained in the forum that payment pages loaded slowly, while the page did not describe how to order wireless mouse.",0.25,same_topic_wrong_answer,"0.2,3.0,1.0,1.0,1.0,1.0,2.5,2.5,2.5,1.0,3.0,3.0,1.0,2.0,2.0,1.0"
92,ordering,"I was checking the site and couldn't find it clearly, i need to buy two units of wireless mouse, what is the order process?","In a later section, the company notes that account settings can be adjusted from the profile page, although shipment notices may still arrive separately.",0.05,different_topic_negative,"0.2,3.0,1.0,1.0,1.0,1.0,1.0,1.0,1.0,1.0,1.0,1.0,1.0,1.0,1.0,1.0,1.0,1.0,1.0,2.5,1.5,1.5,1.0,3.0,3.0,1.0,1.0,1.0,1.0,2.5,2.5,1.0"
93,ordering,How can I order 1 unit of gift card via website with express delivery?,"The checkout guide says customers may order 1 unit of gift card via website, and the express delivery option must be selected before submitting the cart.",1.0,full_messy_article_match,"0.2,3.0,1.0,1.0,1.0,1.0,1.0,2.5,1.5,1.5,1.0,3.0,3.0,1.0,2.0,1.0,2.0,2.0,1.0"
94,ordering,How can I order 1 unit of gift card via phone support with student discount?,"A help note says the order button appears after login, though it does not mention the requested quantity or condition. The same article also includes unrelated marketing text and a link to general support.",0.45,partial_missing_key_fields,"0.2,3.0,1.0,1.0,1.0,1.0,1.0,2.5,1.5,1.5,1.0,3.0,3.0,1.0,2.0,2.0,1.0,1.0,1.0,1.0"
95,ordering,"I need to buy five packs of gift card, what is the order process?","The paragraph continues with a warning about delays, but says that customers complained in the forum that payment pages loaded slowly, while the page did not describe how to order gift card. The same article also includes unrelated marketing text and a link to general support.",0.25,same_topic_wrong_answer,"0.2,3.0,1.0,1.0,1.0,1.0,1.0,2.5,1.0,1.0,1.0,3.0,3.0,1.0,1.0,1.0,1.0,2.5,2.5,1.0"
96,ordering,"I need to buy two units of gift card, what is the order process?","According to the announcement, users should check the help center for updates, while unrelated billing references were moved to a separate dashboard.",0.05,different_topic_negative,"0.2,3.0,1.0,1.0,1.0,1.0,1.0,2.5,1.5,1.5,1.0,3.0,3.0,1.0,1.0,1.0,1.0,2.5,2.5,1.0"
97,ordering,"Please help: I need to buy five packs of gift card, what is the order process?","The page does not present it as a direct answer; instead, it states that in the ordering instructions, gift card can be placed through website; for five packs, the paragraph says to confirm the express delivery setting on the final screen.",1.0,full_messy_article_match,"0.2,3.0,1.0,1.0,1.0,1.0,1.0,1.0,1.0,2.5,1.0,1.0,1.0,3.0,3.0,1.0,1.0,1.0,1.0,2.5,2.5,1.0"
98,ordering,Can I place an order for printer cartridge through phone support?,"After several unrelated lines about customer service, the page says: a help note says the order button appears after login, though it does not mention the requested quantity or condition. The same article also includes unrelated marketing text and a link to general support.",0.55,partial_missing_key_fields,"0.2,3.0,1.0,1.0,1.0,1.0,2.5,2.5,2.5,1.0,3.0,3.0,1.0,2.0,2.0,1.0"
99,ordering,Can I place an order for office chair through mobile app?,"The page does not present it as a direct answer; instead, it states that customers complained in the forum that payment pages loaded slowly, while the page did not describe how to order office chair.",0.15,same_topic_wrong_answer,"0.2,3.0,1.0,1.0,1.0,1.0,2.5,2.5,2.5,1.0,3.0,3.0,1.0,2.0,2.0,1.0"
100,ordering,Can I place an order for wireless mouse through mobile app?,"A short paragraph at the bottom says that support teams may contact customers later, without giving a concrete instruction or value.",0.05,different_topic_negative,"0.2,3.0,1.0,1.0,1.0,1.0,2.5,2.5,2.5,1.0,3.0,3.0,1.0,2.0,2.0,1.0"
101,ordering,Can I place an order for software license through website?,"A note in the middle of the article adds that the checkout guide says customers may order five packs of software license via website, and the gift wrapping option must be selected before submitting the cart. The same article also includes unrelated marketing text and a link to general support.",1.0,full_messy_article_match,"0.2,3.0,1.0,1.0,1.0,1.0,2.5,2.5,2.5,1.0,3.0,3.0,1.0,2.0,1.0"
102,ordering,"Please help: I need to buy five packs of software license, what is the order process?","After several unrelated lines about customer service, the page says: the article explains that software license is available through phone support, but it never confirms whether five packs can be ordered with express delivery.",0.55,partial_missing_key_fields,"0.2,3.0,1.0,1.0,1.0,1.0,1.0,1.0,1.0,2.5,1.0,1.0,1.0,3.0,3.0,1.0,1.0,1.0,1.0,2.5,2.5,1.0"
103,ordering,How can I order one license of printer cartridge via mobile app with gift wrapping?,"In a side note under the comparison table, it says that the delivery article later says tracking updates are sent by email after dispatch, which is not the same as placing a new order. The same article also includes unrelated marketing text and a link to general support.",0.2,same_topic_wrong_answer,"0.2,3.0,1.0,1.0,1.0,1.0,1.0,2.5,1.5,3.0,1.0,3.0,3.0,1.0,2.0,2.0,1.0,3.0,2.0,1.0"
104,ordering,How can I order one license of printer cartridge via phone support with express delivery?,"A short paragraph at the bottom says that support teams may contact customers later, without giving a concrete instruction or value.",0.05,different_topic_negative,"0.2,3.0,1.0,1.0,1.0,1.0,1.0,2.5,1.5,3.0,1.0,3.0,3.0,1.0,2.0,2.0,1.0,2.0,2.0,1.0"
105,ordering,How can I order one license of software license via mobile app with gift wrapping?,"A note in the middle of the article adds that the checkout guide says customers may order one license of software license via mobile app, and the gift wrapping option must be selected before submitting the cart.",1.0,full_messy_article_match,"0.2,3.0,1.0,1.0,1.0,1.0,1.0,2.5,1.5,3.0,1.0,3.0,3.0,1.0,2.0,2.0,1.0,3.0,2.0,1.0"
106,ordering,"I need to buy 1 unit of gift card, what is the order process?","The paragraph continues with a warning about delays, but says that the article explains that gift card is available through website, but it never confirms whether 1 unit can be ordered with express delivery.",0.35,partial_missing_key_fields,"0.2,3.0,1.0,1.0,1.0,1.0,1.0,2.5,1.5,1.5,1.0,3.0,3.0,1.0,1.0,1.0,1.0,2.5,2.5,1.0"
107,ordering,Please help: How can I order one license of software license via mobile app with student discount?,"The delivery article later says tracking updates are sent by email after dispatch, which is not the same as placing a new order.",0.1,same_topic_wrong_answer,"0.2,3.0,1.0,1.0,1.0,1.0,1.0,1.0,1.0,2.5,1.5,3.0,1.0,3.0,3.0,1.0,2.0,2.0,1.0,1.0,1.0,1.0"
108,ordering,"I need to buy 1 unit of software license, what is the order process?",The guide spends most of its space comparing mobile app layouts and does not mention the requested product or transaction details. The same article also includes unrelated marketing text and a link to general support.,0.05,different_topic_negative,"0.2,3.0,1.0,1.0,1.0,1.0,1.0,2.5,1.5,1.5,1.0,3.0,3.0,1.0,1.0,1.0,1.0,2.5,2.5,1.0"
109,ordering,How can I order two units of gift card via website with student discount?,"After several unrelated lines about customer service, the page says: the checkout guide says customers may order two units of gift card via website, and the student discount option must be selected before submitting the cart.",0.95,full_messy_article_match,"0.2,3.0,1.0,1.0,1.0,1.0,1.0,2.5,1.5,1.5,1.0,3.0,3.0,1.0,2.0,1.0,1.0,1.0,1.0"
110,ordering,"I need to buy one license of software license, what is the order process?","The page does not present it as a direct answer; instead, it states that the article explains that software license is available through phone support, but it never confirms whether one license can be ordered with student discount. The same article also includes unrelated marketing text and a link to general support.",0.45,partial_missing_key_fields,"0.2,3.0,1.0,1.0,1.0,1.0,1.0,2.5,1.5,3.0,1.0,3.0,3.0,1.0,1.0,1.0,1.0,2.5,2.5,1.0"
111,ordering,How can I order two units of gift card via mobile app with student discount?,"The paragraph continues with a warning about delays, but says that customers complained in the forum that payment pages loaded slowly, while the page did not describe how to order gift card.",0.1,same_topic_wrong_answer,"0.2,3.0,1.0,1.0,1.0,1.0,1.0,2.5,1.5,1.5,1.0,3.0,3.0,1.0,2.0,2.0,1.0,1.0,1.0,1.0"
112,ordering,"I need to buy 1 unit of office chair, what is the order process? I only need the exact answer, not a general explanation.","A short paragraph at the bottom says that support teams may contact customers later, without giving a concrete instruction or value.",0.0,different_topic_negative,"0.2,3.0,1.0,1.0,1.0,1.0,1.0,2.5,1.5,1.5,1.0,3.0,3.0,1.0,1.0,1.0,1.0,2.5,2.5,1.0,1.0,1.0,1.0,1.0,1.0,1.0,1.0,1.0,1.0,1.0,1.0,1.0"
113,ordering,How can I order 1 unit of office chair via mobile app with gift wrapping?,"The page does not present it as a direct answer; instead, it states that the checkout guide says customers may order 1 unit of office chair via mobile app, and the gift wrapping option must be selected before submitting the cart.",0.95,full_messy_article_match,"0.2,3.0,1.0,1.0,1.0,1.0,1.0,2.5,1.5,1.5,1.0,3.0,3.0,1.0,2.0,2.0,1.0,3.0,2.0,1.0"
114,ordering,How can I order 1 unit of gift card via website with express delivery?,"A note in the middle of the article adds that the article explains that gift card is available through website, but it never confirms whether 1 unit can be ordered with express delivery. The same article also includes unrelated marketing text and a link to general support.",0.35,partial_missing_key_fields,"0.2,3.0,1.0,1.0,1.0,1.0,1.0,2.5,1.5,1.5,1.0,3.0,3.0,1.0,2.0,1.0,2.0,2.0,1.0"
115,ordering,How can I order two units of printer cartridge via website with invoice required?,"A note in the middle of the article adds that the delivery article later says tracking updates are sent by email after dispatch, which is not the same as placing a new order. The same article also includes unrelated marketing text and a link to general support.",0.25,same_topic_wrong_answer,"0.2,3.0,1.0,1.0,1.0,1.0,1.0,2.5,1.5,1.5,1.0,3.0,3.0,1.0,2.0,1.0,2.0,2.0,1.0"
116,ordering,How can I order one license of printer cartridge via website with gift wrapping?,"The article describes how seasonal demand changes customer waiting times, but it does not provide a direct answer to the requested service detail. The same article also includes unrelated marketing text and a link to general support.",0.05,different_topic_negative,"0.2,3.0,1.0,1.0,1.0,1.0,1.0,2.5,1.5,3.0,1.0,3.0,3.0,1.0,2.0,1.0,3.0,2.0,1.0"
117,ordering,Please help: Can I place an order for office chair through website?,"After several unrelated lines about customer service, the page says: the checkout guide says customers may order five packs of office chair via website, and the student discount option must be selected before submitting the cart.",0.9,full_messy_article_match,"0.2,3.0,1.0,1.0,1.0,1.0,1.0,1.0,2.5,2.5,2.5,1.0,3.0,3.0,1.0,2.0,1.0"
118,ordering,Can I place an order for software license through phone support?,"A note in the middle of the article adds that the article explains that software license is available through phone support, but it never confirms whether one license can be ordered with express delivery. The same article also includes unrelated marketing text and a link to general support.",0.35,partial_missing_key_fields,"0.2,3.0,1.0,1.0,1.0,1.0,2.5,2.5,2.5,1.0,3.0,3.0,1.0,2.0,2.0,1.0"
119,ordering,How can I order two units of wireless mouse via website with student discount?,"The paragraph continues with a warning about delays, but says that customers complained in the forum that payment pages loaded slowly, while the page did not describe how to order wireless mouse. The same article also includes unrelated marketing text and a link to general support.",0.25,same_topic_wrong_answer,"0.2,3.0,1.0,1.0,1.0,1.0,1.0,2.5,1.5,1.5,1.0,3.0,3.0,1.0,2.0,1.0,1.0,1.0,1.0"
120,ordering,Can I place an order for wireless mouse through WhatsApp?,"The article describes how seasonal demand changes customer waiting times, but it does not provide a direct answer to the requested service detail.",0.05,different_topic_negative,"0.2,3.0,1.0,1.0,1.0,1.0,2.5,2.5,2.5,1.0,3.0,3.0,1.0,2.0,1.0"
121,ordering,How can I order five packs of software license via mobile app with student discount?,"A note in the middle of the article adds that the checkout guide says customers may order five packs of software license via mobile app, and the student discount option must be selected before submitting the cart.",1.0,full_messy_article_match,"0.2,3.0,1.0,1.0,1.0,1.0,1.0,2.5,1.0,1.0,1.0,3.0,3.0,1.0,2.0,2.0,1.0,1.0,1.0,1.0"
122,ordering,"In short, how can I order 1 unit of office chair via phone support with student discount?","A help note says the order button appears after login, though it does not mention the requested quantity or condition.",0.45,partial_missing_key_fields,"0.2,3.0,1.0,1.0,1.0,1.0,1.0,1.0,1.0,1.0,2.5,1.5,1.5,1.0,3.0,3.0,1.0,2.0,2.0,1.0,1.0,1.0,1.0"
123,ordering,Can I place an order for wireless mouse through mobile app?,"Customers complained in the forum that payment pages loaded slowly, while the page did not describe how to order wireless mouse.",0.1,same_topic_wrong_answer,"0.2,3.0,1.0,1.0,1.0,1.0,2.5,2.5,2.5,1.0,3.0,3.0,1.0,2.0,2.0,1.0"
124,ordering,Can I place an order for gift card through mobile app?,"A short paragraph at the bottom says that support teams may contact customers later, without giving a concrete instruction or value. The same article also includes unrelated marketing text and a link to general support.",0.0,different_topic_negative,"0.2,3.0,1.0,1.0,1.0,1.0,2.5,2.5,2.5,1.0,3.0,3.0,1.0,2.0,2.0,1.0"
125,ordering,Can I place an order for office chair through mobile app?,"The paragraph continues with a warning about delays, but says that in the ordering instructions, office chair can be placed through mobile app; for five packs, the paragraph says to confirm the invoice required setting on the final screen. The same article also includes unrelated marketing text and a link to general support.",0.9,full_messy_article_match,"0.2,3.0,1.0,1.0,1.0,1.0,2.5,2.5,2.5,1.0,3.0,3.0,1.0,2.0,2.0,1.0"
126,ordering,"I need to buy two units of gift card, what is the order process?","The paragraph continues with a warning about delays, but says that the article explains that gift card is available through phone support, but it never confirms whether two units can be ordered with student discount.",0.35,partial_missing_key_fields,"0.2,3.0,1.0,1.0,1.0,1.0,1.0,2.5,1.5,1.5,1.0,3.0,3.0,1.0,1.0,1.0,1.0,2.5,2.5,1.0"
127,ordering,"Can I place an order for software license through mobile app? I only need the exact answer, not a general explanation.","Customers complained in the forum that payment pages loaded slowly, while the page did not describe how to order software license.",0.25,same_topic_wrong_answer,"0.2,3.0,1.0,1.0,1.0,1.0,2.5,2.5,2.5,1.0,3.0,3.0,1.0,2.0,2.0,1.0,1.0,1.0,1.0,1.0,1.0,1.0,1.0,1.0,1.0,1.0,1.0,1.0"
128,ordering,How can I order 1 unit of gift card via mobile app with invoice required?,"The article describes how seasonal demand changes customer waiting times, but it does not provide a direct answer to the requested service detail.",0.05,different_topic_negative,"0.2,3.0,1.0,1.0,1.0,1.0,1.0,2.5,1.5,1.5,1.0,3.0,3.0,1.0,2.0,2.0,1.0,2.0,2.0,1.0"
129,ordering,"I need to buy five packs of office chair, what is the order process?","In a side note under the comparison table, it says that the checkout guide says customers may order five packs of office chair via mobile app, and the express delivery option must be selected before submitting the cart.",1.0,full_messy_article_match,"0.2,3.0,1.0,1.0,1.0,1.0,1.0,2.5,1.0,1.0,1.0,3.0,3.0,1.0,1.0,1.0,1.0,2.5,2.5,1.0"
130,ordering,Can I place an order for office chair through mobile app?,"The page does not present it as a direct answer; instead, it states that the article explains that office chair is available through mobile app, but it never confirms whether one license can be ordered with student discount.",0.55,partial_missing_key_fields,"0.2,3.0,1.0,1.0,1.0,1.0,2.5,2.5,2.5,1.0,3.0,3.0,1.0,2.0,2.0,1.0"
131,ordering,"I need to buy one license of gift card, what is the order process?","A note in the middle of the article adds that the delivery article later says tracking updates are sent by email after dispatch, which is not the same as placing a new order.",0.15,same_topic_wrong_answer,"0.2,3.0,1.0,1.0,1.0,1.0,1.0,2.5,1.5,3.0,1.0,3.0,3.0,1.0,1.0,1.0,1.0,2.5,2.5,1.0"
132,ordering,"Can I place an order for printer cartridge through WhatsApp? I only need the exact answer, not a general explanation.","According to the announcement, users should check the help center for updates, while unrelated billing references were moved to a separate dashboard.",0.05,different_topic_negative,"0.2,3.0,1.0,1.0,1.0,1.0,2.5,2.5,2.5,1.0,3.0,3.0,1.0,2.0,1.0,1.0,1.0,1.0,1.0,1.0,1.0,1.0,1.0,1.0,1.0,1.0,1.0"
133,ordering,"I need to buy 1 unit of office chair, what is the order process?","In the ordering instructions, office chair can be placed through WhatsApp; for 1 unit, the paragraph says to confirm the gift wrapping setting on the final screen.",0.95,full_messy_article_match,"0.2,3.0,1.0,1.0,1.0,1.0,1.0,2.5,1.5,1.5,1.0,3.0,3.0,1.0,1.0,1.0,1.0,2.5,2.5,1.0"
134,ordering,How can I order 1 unit of wireless mouse via phone support with gift wrapping?,"A note in the middle of the article adds that the article explains that wireless mouse is available through phone support, but it never confirms whether 1 unit can be ordered with gift wrapping.",0.45,partial_missing_key_fields,"0.2,3.0,1.0,1.0,1.0,1.0,1.0,2.5,1.5,1.5,1.0,3.0,3.0,1.0,2.0,2.0,1.0,3.0,2.0,1.0"
135,ordering,"I need to buy two units of software license, what is the order process?","In a side note under the comparison table, it says that customers complained in the forum that payment pages loaded slowly, while the page did not describe how to order software license.",0.1,same_topic_wrong_answer,"0.2,3.0,1.0,1.0,1.0,1.0,1.0,2.5,1.5,1.5,1.0,3.0,3.0,1.0,1.0,1.0,1.0,2.5,2.5,1.0"
136,ordering,"I need to buy two units of gift card, what is the order process?","A short paragraph at the bottom says that support teams may contact customers later, without giving a concrete instruction or value.",0.0,different_topic_negative,"0.2,3.0,1.0,1.0,1.0,1.0,1.0,2.5,1.5,1.5,1.0,3.0,3.0,1.0,1.0,1.0,1.0,2.5,2.5,1.0"
137,ordering,"I was checking the site and couldn't find it clearly, how can I order five packs of printer cartridge via WhatsApp with invoice required?","In a side note under the comparison table, it says that the checkout guide says customers may order five packs of printer cartridge via WhatsApp, and the invoice required option must be selected before submitting the cart.",0.9,full_messy_article_match,"0.2,3.0,1.0,1.0,1.0,1.0,1.0,1.0,1.0,1.0,1.0,1.0,1.0,1.0,1.0,1.0,1.0,1.0,1.0,2.5,1.0,1.0,1.0,3.0,3.0,1.0,2.0,1.0,2.0,2.0,1.0"
138,ordering,Can I place an order for printer cartridge through website?,"A help note says the order button appears after login, though it does not mention the requested quantity or condition.",0.55,partial_missing_key_fields,"0.2,3.0,1.0,1.0,1.0,1.0,2.5,2.5,2.5,1.0,3.0,3.0,1.0,2.0,1.0"
139,ordering,How can I order one license of office chair via mobile app with gift wrapping?,"The delivery article later says tracking updates are sent by email after dispatch, which is not the same as placing a new order.",0.1,same_topic_wrong_answer,"0.2,3.0,1.0,1.0,1.0,1.0,1.0,2.5,1.5,3.0,1.0,3.0,3.0,1.0,2.0,2.0,1.0,3.0,2.0,1.0"
140,ordering,"I need to buy two units of software license, what is the order process?",The guide spends most of its space comparing mobile app layouts and does not mention the requested product or transaction details.,0.05,different_topic_negative,"0.2,3.0,1.0,1.0,1.0,1.0,1.0,2.5,1.5,1.5,1.0,3.0,3.0,1.0,1.0,1.0,1.0,2.5,2.5,1.0"
141,ordering,How can I order two units of software license via WhatsApp with student discount?,"After several unrelated lines about customer service, the page says: in the ordering instructions, software license can be placed through WhatsApp; for two units, the paragraph says to confirm the student discount setting on the final screen.",0.9,full_messy_article_match,"0.2,3.0,1.0,1.0,1.0,1.0,1.0,2.5,1.5,1.5,1.0,3.0,3.0,1.0,2.0,1.0,1.0,1.0,1.0"
142,ordering,"Can I place an order for gift card through website? I only need the exact answer, not a general explanation.","In a side note under the comparison table, it says that a help note says the order button appears after login, though it does not mention the requested quantity or condition.",0.35,partial_missing_key_fields,"0.2,3.0,1.0,1.0,1.0,1.0,2.5,2.5,2.5,1.0,3.0,3.0,1.0,2.0,1.0,1.0,1.0,1.0,1.0,1.0,1.0,1.0,1.0,1.0,1.0,1.0,1.0"
143,ordering,Can I place an order for wireless mouse through mobile app?,"The page does not present it as a direct answer; instead, it states that the delivery article later says tracking updates are sent by email after dispatch, which is not the same as placing a new order.",0.2,same_topic_wrong_answer,"0.2,3.0,1.0,1.0,1.0,1.0,2.5,2.5,2.5,1.0,3.0,3.0,1.0,2.0,2.0,1.0"
144,ordering,How can I order five packs of software license via website with express delivery?,"In a later section, the company notes that account settings can be adjusted from the profile page, although shipment notices may still arrive separately.",0.05,different_topic_negative,"0.2,3.0,1.0,1.0,1.0,1.0,1.0,2.5,1.0,1.0,1.0,3.0,3.0,1.0,2.0,1.0,2.0,2.0,1.0"
145,ordering,How can I order 1 unit of software license via mobile app with gift wrapping?,"The paragraph continues with a warning about delays, but says that in the ordering instructions, software license can be placed through mobile app; for 1 unit, the paragraph says to confirm the gift wrapping setting on the final screen. The same article also includes unrelated marketing text and a link to general support.",0.95,full_messy_article_match,"0.2,3.0,1.0,1.0,1.0,1.0,1.0,2.5,1.5,1.5,1.0,3.0,3.0,1.0,2.0,2.0,1.0,3.0,2.0,1.0"
146,ordering,How can I order two units of software license via website with student discount?,"The page does not present it as a direct answer; instead, it states that a help note says the order button appears after login, though it does not mention the requested quantity or condition. The same article also includes unrelated marketing text and a link to general support.",0.45,partial_missing_key_fields,"0.2,3.0,1.0,1.0,1.0,1.0,1.0,2.5,1.5,1.5,1.0,3.0,3.0,1.0,2.0,1.0,1.0,1.0,1.0"
147,ordering,"How can I order 1 unit of wireless mouse via phone support with invoice required? I only need the exact answer, not a general explanation.","A note in the middle of the article adds that customers complained in the forum that payment pages loaded slowly, while the page did not describe how to order wireless mouse.",0.2,same_topic_wrong_answer,"0.2,3.0,1.0,1.0,1.0,1.0,1.0,2.5,1.5,1.5,1.0,3.0,3.0,1.0,2.0,2.0,1.0,2.0,2.0,1.0,1.0,1.0,1.0,1.0,1.0,1.0,1.0,1.0,1.0,1.0,1.0,1.0"
148,ordering,"I need to buy two units of office chair, what is the order process?","A short paragraph at the bottom says that support teams may contact customers later, without giving a concrete instruction or value.",0.0,different_topic_negative,"0.2,3.0,1.0,1.0,1.0,1.0,1.0,2.5,1.5,1.5,1.0,3.0,3.0,1.0,1.0,1.0,1.0,2.5,2.5,1.0"
149,ordering,"I need to buy five packs of gift card, what is the order process?","In the ordering instructions, gift card can be placed through WhatsApp; for five packs, the paragraph says to confirm the invoice required setting on the final screen.",0.95,full_messy_article_match,"0.2,3.0,1.0,1.0,1.0,1.0,1.0,2.5,1.0,1.0,1.0,3.0,3.0,1.0,1.0,1.0,1.0,2.5,2.5,1.0"
150,ordering,How can I order two units of wireless mouse via phone support with express delivery?,"After several unrelated lines about customer service, the page says: the article explains that wireless mouse is available through phone support, but it never confirms whether two units can be ordered with express delivery.",0.55,partial_missing_key_fields,"0.2,3.0,1.0,1.0,1.0,1.0,1.0,2.5,1.5,1.5,1.0,3.0,3.0,1.0,2.0,2.0,1.0,2.0,2.0,1.0"
151,ordering,How can I order one license of software license via WhatsApp with gift wrapping?,"The paragraph continues with a warning about delays, but says that the delivery article later says tracking updates are sent by email after dispatch, which is not the same as placing a new order. The same article also includes unrelated marketing text and a link to general support.",0.15,same_topic_wrong_answer,"0.2,3.0,1.0,1.0,1.0,1.0,1.0,2.5,1.5,3.0,1.0,3.0,3.0,1.0,2.0,1.0,3.0,2.0,1.0"
152,ordering,Please help: Can I place an order for printer cartridge through mobile app?,The guide spends most of its space comparing mobile app layouts and does not mention the requested product or transaction details. The same article also includes unrelated marketing text and a link to general support.,0.0,different_topic_negative,"0.2,3.0,1.0,1.0,1.0,1.0,1.0,1.0,2.5,2.5,2.5,1.0,3.0,3.0,1.0,2.0,2.0,1.0"
153,ordering,Can I place an order for printer cartridge through phone support?,"After several unrelated lines about customer service, the page says: in the ordering instructions, printer cartridge can be placed through phone support; for five packs, the paragraph says to confirm the invoice required setting on the final screen.",0.95,full_messy_article_match,"0.2,3.0,1.0,1.0,1.0,1.0,2.5,2.5,2.5,1.0,3.0,3.0,1.0,2.0,2.0,1.0"
154,ordering,How can I order one license of gift card via website with student discount?,"The paragraph continues with a warning about delays, but says that a help note says the order button appears after login, though it does not mention the requested quantity or condition.",0.35,partial_missing_key_fields,"0.2,3.0,1.0,1.0,1.0,1.0,1.0,2.5,1.5,3.0,1.0,3.0,3.0,1.0,2.0,1.0,1.0,1.0,1.0"
155,ordering,"I need to buy 1 unit of wireless mouse, what is the order process?","A note in the middle of the article adds that the delivery article later says tracking updates are sent by email after dispatch, which is not the same as placing a new order. The same article also includes unrelated marketing text and a link to general support.",0.2,same_topic_wrong_answer,"0.2,3.0,1.0,1.0,1.0,1.0,1.0,2.5,1.5,1.5,1.0,3.0,3.0,1.0,1.0,1.0,1.0,2.5,2.5,1.0"
156,ordering,"I need to buy 1 unit of office chair, what is the order process?","A short paragraph at the bottom says that support teams may contact customers later, without giving a concrete instruction or value.",0.0,different_topic_negative,"0.2,3.0,1.0,1.0,1.0,1.0,1.0,2.5,1.5,1.5,1.0,3.0,3.0,1.0,1.0,1.0,1.0,2.5,2.5,1.0"
157,ordering,"How can I order 1 unit of gift card via WhatsApp with gift wrapping? I only need the exact answer, not a general explanation.","A note in the middle of the article adds that the checkout guide says customers may order 1 unit of gift card via WhatsApp, and the gift wrapping option must be selected before submitting the cart.",0.9,full_messy_article_match,"0.2,3.0,1.0,1.0,1.0,1.0,1.0,2.5,1.5,1.5,1.0,3.0,3.0,1.0,2.0,1.0,3.0,2.0,1.0,1.0,1.0,1.0,1.0,1.0,1.0,1.0,1.0,1.0,1.0,1.0,1.0"
158,ordering,"I need to buy five packs of wireless mouse, what is the order process?","A help note says the order button appears after login, though it does not mention the requested quantity or condition. The same article also includes unrelated marketing text and a link to general support.",0.55,partial_missing_key_fields,"0.2,3.0,1.0,1.0,1.0,1.0,1.0,2.5,1.0,1.0,1.0,3.0,3.0,1.0,1.0,1.0,1.0,2.5,2.5,1.0"
159,ordering,Can I place an order for printer cartridge through WhatsApp?,"The delivery article later says tracking updates are sent by email after dispatch, which is not the same as placing a new order.",0.1,same_topic_wrong_answer,"0.2,3.0,1.0,1.0,1.0,1.0,2.5,2.5,2.5,1.0,3.0,3.0,1.0,2.0,1.0"
160,ordering,How can I order one license of software license via WhatsApp with express delivery?,The guide spends most of its space comparing mobile app layouts and does not mention the requested product or transaction details.,0.0,different_topic_negative,"0.2,3.0,1.0,1.0,1.0,1.0,1.0,2.5,1.5,3.0,1.0,3.0,3.0,1.0,2.0,1.0,2.0,2.0,1.0"
161,tracking,Why is the tracking for my replacement laptop showing no movement?,"The paragraph continues with a warning about delays, but says that in the shipment log, the replacement laptop marked RMA2201 was delayed because of no movement, but the carrier says delivery should resume today.",0.95,full_messy_article_match,"0.2,3.0,1.0,1.0,1.0,1.0,1.0,2.5,1.0,1.0,2.5,2.5,1.0,2.0,2.0,1.0"
162,tracking,"I was checking the site and couldn't find it clearly, where is my order with reference A1234?","After several unrelated lines about customer service, the page says: the carrier article says tracking may be delayed during warehouse scans, but it does not show the exact location of order or reference A1234.",0.55,partial_missing_key_fields,"0.2,3.0,1.0,1.0,1.0,1.0,1.0,1.0,1.0,1.0,1.0,1.0,1.0,1.0,1.0,1.0,2.0,2.0,1.0,2.5,1.0,1.0,1.0,3.0,1.0"
163,tracking,Why is the tracking for my replacement laptop showing address review?,"A note in the middle of the article adds that the pricing chart lists delivery fees by city, but it does not provide shipment status or a scan history. The same article also includes unrelated marketing text and a link to general support.",0.1,same_topic_wrong_answer,"0.2,3.0,1.0,1.0,1.0,1.0,1.0,2.5,1.0,1.0,2.5,2.5,1.0,2.0,2.0,1.0"
164,tracking,Where is my replacement laptop with reference PKG5512?,"In a later section, the company notes that account settings can be adjusted from the profile page, although shipment notices may still arrive separately. The same article also includes unrelated marketing text and a link to general support.",0.0,different_topic_negative,"0.2,3.0,1.0,1.0,2.0,2.0,1.0,2.5,2.5,1.0,1.0,3.0,3.0,1.0"
165,tracking,Can you track my replacement laptop for this week?,"The page does not present it as a direct answer; instead, it states that the tracking feed for reference PKG5512 says the replacement laptop is currently at the sorting center and the next scan is expected this week.",0.95,full_messy_article_match,"0.2,3.0,1.0,1.0,1.0,1.0,2.5,1.0,2.5,2.5,1.0,1.5,1.5,1.0"
166,tracking,Why is the tracking for my package showing address review?,"In a side note under the comparison table, it says that the carrier article says tracking may be delayed during warehouse scans, but it does not show the exact location of package or reference TRK9087.",0.45,partial_missing_key_fields,"0.2,3.0,1.0,1.0,1.0,1.0,1.0,2.5,1.0,1.0,2.5,1.0,2.0,2.0,1.0"
167,tracking,Please help: Where is my return parcel with reference PKG5512?,"The pricing chart lists delivery fees by city, but it does not provide shipment status or a scan history.",0.15,same_topic_wrong_answer,"0.2,3.0,1.0,1.0,1.0,1.0,2.0,2.0,1.0,2.5,2.5,1.0,1.0,3.0,3.0,1.0"
168,tracking,Why is the tracking for my replacement laptop showing customs hold?,The guide spends most of its space comparing mobile app layouts and does not mention the requested product or transaction details.,0.0,different_topic_negative,"0.2,3.0,1.0,1.0,1.0,1.0,1.0,2.5,1.0,1.0,2.5,2.5,1.0,2.0,2.0,1.0"
169,tracking,Can you track my replacement laptop for today?,"The page does not present it as a direct answer; instead, it states that in the shipment log, the replacement laptop marked PKG5512 was delayed because of address review, but the carrier says delivery should resume today.",1.0,full_messy_article_match,"0.2,3.0,1.0,1.0,1.0,1.0,2.5,1.0,2.5,2.5,1.0,1.5,1.0"
170,tracking,Why is the tracking for my return parcel showing address review?,"A note in the middle of the article adds that a status note mentions that items sometimes show address review, though it gives no update for the specific reference number.",0.45,partial_missing_key_fields,"0.2,3.0,1.0,1.0,1.0,1.0,1.0,2.5,1.0,1.0,2.5,2.5,1.0,2.0,2.0,1.0"
171,tracking,Why is the tracking for my replacement laptop showing address review?,"In a side note under the comparison table, it says that the pricing chart lists delivery fees by city, but it does not provide shipment status or a scan history.",0.15,same_topic_wrong_answer,"0.2,3.0,1.0,1.0,1.0,1.0,1.0,2.5,1.0,1.0,2.5,2.5,1.0,2.0,2.0,1.0"
172,tracking,Please help: Why is the tracking for my order showing no movement?,"In a later section, the company notes that account settings can be adjusted from the profile page, although shipment notices may still arrive separately. The same article also includes unrelated marketing text and a link to general support.",0.05,different_topic_negative,"0.2,3.0,1.0,1.0,1.0,1.0,1.0,1.0,1.0,2.5,1.0,1.0,2.5,1.0,2.0,2.0,1.0"
173,tracking,Where is my return parcel with reference RMA2201?,"After several unrelated lines about customer service, the page says: the tracking feed for reference RMA2201 says the return parcel is currently at the sorting center and the next scan is expected tomorrow morning.",0.9,full_messy_article_match,"0.2,3.0,1.0,1.0,2.0,2.0,1.0,2.5,2.5,1.0,1.0,3.0,3.0,1.0"
174,tracking,Where is my return parcel with reference RMA2201?,"A note in the middle of the article adds that a status note mentions that items sometimes show pending scan, though it gives no update for the specific reference number.",0.45,partial_missing_key_fields,"0.2,3.0,1.0,1.0,2.0,2.0,1.0,2.5,2.5,1.0,1.0,3.0,3.0,1.0"
175,tracking,Can you track my order for this week?,"A note in the middle of the article adds that the login guide tells users how to reset a password, which is unrelated to tracking order. The same article also includes unrelated marketing text and a link to general support.",0.2,same_topic_wrong_answer,"0.2,3.0,1.0,1.0,1.0,1.0,2.5,1.0,2.5,1.0,1.5,1.5,1.0"
176,tracking,Can you track my replacement laptop for this week?,"In a later section, the company notes that account settings can be adjusted from the profile page, although shipment notices may still arrive separately.",0.0,different_topic_negative,"0.2,3.0,1.0,1.0,1.0,1.0,2.5,1.0,2.5,2.5,1.0,1.5,1.5,1.0"
177,tracking,"In short, where is my return parcel with reference A1234?",A note in the middle of the article adds that the tracking feed for reference A1234 says the return parcel is currently at the sorting center and the next scan is expected this week.,0.9,full_messy_article_match,"0.2,3.0,1.0,1.0,1.0,1.0,1.0,2.0,2.0,1.0,2.5,2.5,1.0,1.0,1.0,3.0,1.0"
178,tracking,Where is my replacement laptop with reference RMA2201?,"The page does not present it as a direct answer; instead, it states that the carrier article says tracking may be delayed during warehouse scans, but it does not show the exact location of replacement laptop or reference RMA2201. The same article also includes unrelated marketing text and a link to general support.",0.55,partial_missing_key_fields,"0.2,3.0,1.0,1.0,2.0,2.0,1.0,2.5,2.5,1.0,1.0,3.0,3.0,1.0"
179,tracking,Can you track my replacement laptop for within 24 hours?,"The pricing chart lists delivery fees by city, but it does not provide shipment status or a scan history. The same article also includes unrelated marketing text and a link to general support.",0.25,same_topic_wrong_answer,"0.2,3.0,1.0,1.0,1.0,1.0,2.5,1.0,2.5,2.5,1.0,1.0,3.0,1.5,1.0"
180,tracking,Where is my return parcel with reference PKG5512?,"According to the announcement, users should check the help center for updates, while unrelated billing references were moved to a separate dashboard.",0.05,different_topic_negative,"0.2,3.0,1.0,1.0,2.0,2.0,1.0,2.5,2.5,1.0,1.0,3.0,3.0,1.0"
181,tracking,Where is my order with reference A1234?,"After several unrelated lines about customer service, the page says: the tracking feed for reference A1234 says the order is currently at the sorting center and the next scan is expected tomorrow morning.",0.95,full_messy_article_match,"0.2,3.0,1.0,1.0,2.0,2.0,1.0,2.5,1.0,1.0,1.0,3.0,1.0"
182,tracking,"In short, can you track my order for this week?","In a side note under the comparison table, it says that the carrier article says tracking may be delayed during warehouse scans, but it does not show the exact location of order or reference RMA2201. The same article also includes unrelated marketing text and a link to general support.",0.55,partial_missing_key_fields,"0.2,3.0,1.0,1.0,1.0,1.0,1.0,1.0,1.0,2.5,1.0,2.5,1.0,1.5,1.5,1.0"
183,tracking,Where is my package with reference A1234?,"The pricing chart lists delivery fees by city, but it does not provide shipment status or a scan history. The same article also includes unrelated marketing text and a link to general support.",0.15,same_topic_wrong_answer,"0.2,3.0,1.0,1.0,2.0,2.0,1.0,2.5,1.0,1.0,1.0,3.0,1.0"
184,tracking,Where is my package with reference RMA2201?,"In a later section, the company notes that account settings can be adjusted from the profile page, although shipment notices may still arrive separately.",0.05,different_topic_negative,"0.2,3.0,1.0,1.0,2.0,2.0,1.0,2.5,1.0,1.0,3.0,3.0,1.0"
185,tracking,Why is the tracking for my return parcel showing no movement?,"The paragraph continues with a warning about delays, but says that in the shipment log, the return parcel marked TRK9087 was delayed because of no movement, but the carrier says delivery should resume within 24 hours.",1.0,full_messy_article_match,"0.2,3.0,1.0,1.0,1.0,1.0,1.0,2.5,1.0,1.0,2.5,2.5,1.0,2.0,2.0,1.0"
186,tracking,Can you track my replacement laptop for within 24 hours?,"The paragraph continues with a warning about delays, but says that a status note mentions that items sometimes show pending scan, though it gives no update for the specific reference number. The same article also includes unrelated marketing text and a link to general support.",0.35,partial_missing_key_fields,"0.2,3.0,1.0,1.0,1.0,1.0,2.5,1.0,2.5,2.5,1.0,1.0,3.0,1.5,1.0"
187,tracking,"I was checking the site and couldn't find it clearly, can you track my return parcel for tomorrow morning?","In a side note under the comparison table, it says that the login guide tells users how to reset a password, which is unrelated to tracking return parcel. The same article also includes unrelated marketing text and a link to general support.",0.25,same_topic_wrong_answer,"0.2,3.0,1.0,1.0,1.0,1.0,1.0,1.0,1.0,1.0,1.0,1.0,1.0,1.0,1.0,1.0,1.0,1.0,2.5,1.0,2.5,2.5,1.0,1.5,1.5,1.0"
188,tracking,Can you track my package for this week?,"The article describes how seasonal demand changes customer waiting times, but it does not provide a direct answer to the requested service detail.",0.05,different_topic_negative,"0.2,3.0,1.0,1.0,1.0,1.0,2.5,1.0,2.5,1.0,1.5,1.5,1.0"
189,tracking,Can you track my return parcel for tomorrow morning?,"The paragraph continues with a warning about delays, but says that in the shipment log, the return parcel marked TRK9087 was delayed because of no movement, but the carrier says delivery should resume tomorrow morning. The same article also includes unrelated marketing text and a link to general support.",0.9,full_messy_article_match,"0.2,3.0,1.0,1.0,1.0,1.0,2.5,1.0,2.5,2.5,1.0,1.5,1.5,1.0"
190,tracking,Why is the tracking for my return parcel showing customs hold?,"In a side note under the comparison table, it says that a status note mentions that items sometimes show customs hold, though it gives no update for the specific reference number. The same article also includes unrelated marketing text and a link to general support.",0.35,partial_missing_key_fields,"0.2,3.0,1.0,1.0,1.0,1.0,1.0,2.5,1.0,1.0,2.5,2.5,1.0,2.0,2.0,1.0"
191,tracking,Where is my return parcel with reference TRK9087?,"The page does not present it as a direct answer; instead, it states that the login guide tells users how to reset a password, which is unrelated to tracking return parcel. The same article also includes unrelated marketing text and a link to general support.",0.2,same_topic_wrong_answer,"0.2,3.0,1.0,1.0,2.0,2.0,1.0,2.5,2.5,1.0,1.0,3.0,3.0,1.0"
192,tracking,"In short, where is my package with reference TRK9087?","According to the announcement, users should check the help center for updates, while unrelated billing references were moved to a separate dashboard. The same article also includes unrelated marketing text and a link to general support.",0.0,different_topic_negative,"0.2,3.0,1.0,1.0,1.0,1.0,1.0,2.0,2.0,1.0,2.5,1.0,1.0,3.0,3.0,1.0"
193,tracking,Where is my package with reference PKG5512?,"In the shipment log, the package marked PKG5512 was delayed because of no movement, but the carrier says delivery should resume tomorrow morning.",0.9,full_messy_article_match,"0.2,3.0,1.0,1.0,2.0,2.0,1.0,2.5,1.0,1.0,3.0,3.0,1.0"
194,tracking,Where is my return parcel with reference PKG5512?,"In a side note under the comparison table, it says that the carrier article says tracking may be delayed during warehouse scans, but it does not show the exact location of return parcel or reference PKG5512. The same article also includes unrelated marketing text and a link to general support.",0.35,partial_missing_key_fields,"0.2,3.0,1.0,1.0,2.0,2.0,1.0,2.5,2.5,1.0,1.0,3.0,3.0,1.0"
195,tracking,Where is my return parcel with reference TRK9087?,"The page does not present it as a direct answer; instead, it states that the pricing chart lists delivery fees by city, but it does not provide shipment status or a scan history.",0.25,same_topic_wrong_answer,"0.2,3.0,1.0,1.0,2.0,2.0,1.0,2.5,2.5,1.0,1.0,3.0,3.0,1.0"
196,tracking,Can you track my return parcel for today?,"The article describes how seasonal demand changes customer waiting times, but it does not provide a direct answer to the requested service detail.",0.05,different_topic_negative,"0.2,3.0,1.0,1.0,1.0,1.0,2.5,1.0,2.5,2.5,1.0,1.5,1.0"
197,tracking,"In short, why is the tracking for my replacement laptop showing no movement?","The page does not present it as a direct answer; instead, it states that in the shipment log, the replacement laptop marked A1234 was delayed because of no movement, but the carrier says delivery should resume this week.",1.0,full_messy_article_match,"0.2,3.0,1.0,1.0,1.0,1.0,1.0,1.0,1.0,1.0,2.5,1.0,1.0,2.5,2.5,1.0,2.0,2.0,1.0"
198,tracking,Why is the tracking for my order showing pending scan?,"After several unrelated lines about customer service, the page says: the carrier article says tracking may be delayed during warehouse scans, but it does not show the exact location of order or reference TRK9087. The same article also includes unrelated marketing text and a link to general support.",0.55,partial_missing_key_fields,"0.2,3.0,1.0,1.0,1.0,1.0,1.0,2.5,1.0,1.0,2.5,1.0,1.0,1.0,1.0"
199,tracking,Where is my order with reference A1234?,"In a side note under the comparison table, it says that the login guide tells users how to reset a password, which is unrelated to tracking order. The same article also includes unrelated marketing text and a link to general support.",0.25,same_topic_wrong_answer,"0.2,3.0,1.0,1.0,2.0,2.0,1.0,2.5,1.0,1.0,1.0,3.0,1.0"
200,tracking,Can you track my package for this week?,The guide spends most of its space comparing mobile app layouts and does not mention the requested product or transaction details.,0.05,different_topic_negative,"0.2,3.0,1.0,1.0,1.0,1.0,2.5,1.0,2.5,1.0,1.5,1.5,1.0"
201,tracking,Where is my order with reference A1234?,The tracking feed for reference A1234 says the order is currently at the sorting center and the next scan is expected today. The same article also includes unrelated marketing text and a link to general support.,0.9,full_messy_article_match,"0.2,3.0,1.0,1.0,2.0,2.0,1.0,2.5,1.0,1.0,1.0,3.0,1.0"
202,tracking,"In short, why is the tracking for my replacement laptop showing no movement?","The page does not present it as a direct answer; instead, it states that a status note mentions that items sometimes show no movement, though it gives no update for the specific reference number.",0.45,partial_missing_key_fields,"0.2,3.0,1.0,1.0,1.0,1.0,1.0,1.0,1.0,1.0,2.5,1.0,1.0,2.5,2.5,1.0,2.0,2.0,1.0"
203,tracking,Where is my order with reference PKG5512?,"The page does not present it as a direct answer; instead, it states that the login guide tells users how to reset a password, which is unrelated to tracking order.",0.15,same_topic_wrong_answer,"0.2,3.0,1.0,1.0,2.0,2.0,1.0,2.5,1.0,1.0,3.0,3.0,1.0"
204,tracking,Why is the tracking for my replacement laptop showing pending scan?,"According to the announcement, users should check the help center for updates, while unrelated billing references were moved to a separate dashboard. The same article also includes unrelated marketing text and a link to general support.",0.05,different_topic_negative,"0.2,3.0,1.0,1.0,1.0,1.0,1.0,2.5,1.0,1.0,2.5,2.5,1.0,1.0,1.0,1.0"
205,tracking,Where is my order with reference PKG5512?,"The page does not present it as a direct answer; instead, it states that in the shipment log, the order marked PKG5512 was delayed because of pending scan, but the carrier says delivery should resume today.",1.0,full_messy_article_match,"0.2,3.0,1.0,1.0,2.0,2.0,1.0,2.5,1.0,1.0,3.0,3.0,1.0"
206,tracking,Why is the tracking for my package showing customs hold?,"The carrier article says tracking may be delayed during warehouse scans, but it does not show the exact location of package or reference RMA2201.",0.55,partial_missing_key_fields,"0.2,3.0,1.0,1.0,1.0,1.0,1.0,2.5,1.0,1.0,2.5,1.0,2.0,2.0,1.0"
207,tracking,"I was checking the site and couldn't find it clearly, why is the tracking for my order showing no movement?","A note in the middle of the article adds that the login guide tells users how to reset a password, which is unrelated to tracking order.",0.25,same_topic_wrong_answer,"0.2,3.0,1.0,1.0,1.0,1.0,1.0,1.0,1.0,1.0,1.0,1.0,1.0,1.0,1.0,1.0,1.0,1.0,1.0,2.5,1.0,1.0,2.5,1.0,2.0,2.0,1.0"
208,tracking,Why is the tracking for my return parcel showing address review?,"The article describes how seasonal demand changes customer waiting times, but it does not provide a direct answer to the requested service detail. The same article also includes unrelated marketing text and a link to general support.",0.05,different_topic_negative,"0.2,3.0,1.0,1.0,1.0,1.0,1.0,2.5,1.0,1.0,2.5,2.5,1.0,2.0,2.0,1.0"
209,tracking,Where is my order with reference RMA2201?,The tracking feed for reference RMA2201 says the order is currently at the sorting center and the next scan is expected tomorrow morning.,0.9,full_messy_article_match,"0.2,3.0,1.0,1.0,2.0,2.0,1.0,2.5,1.0,1.0,3.0,3.0,1.0"
210,tracking,Why is the tracking for my return parcel showing no movement?,"A status note mentions that items sometimes show no movement, though it gives no update for the specific reference number.",0.35,partial_missing_key_fields,"0.2,3.0,1.0,1.0,1.0,1.0,1.0,2.5,1.0,1.0,2.5,2.5,1.0,2.0,2.0,1.0"
211,tracking,Can you track my package for tomorrow morning?,"In a side note under the comparison table, it says that the login guide tells users how to reset a password, which is unrelated to tracking package.",0.25,same_topic_wrong_answer,"0.2,3.0,1.0,1.0,1.0,1.0,2.5,1.0,2.5,1.0,1.5,1.5,1.0"
212,tracking,"In short, why is the tracking for my package showing pending scan?","A short paragraph at the bottom says that support teams may contact customers later, without giving a concrete instruction or value.",0.05,different_topic_negative,"0.2,3.0,1.0,1.0,1.0,1.0,1.0,1.0,1.0,1.0,2.5,1.0,1.0,2.5,1.0,1.0,1.0,1.0"
213,tracking,Can you track my package for this week?,"The paragraph continues with a warning about delays, but says that in the shipment log, the package marked TRK9087 was delayed because of address review, but the carrier says delivery should resume this week. The same article also includes unrelated marketing text and a link to general support.",1.0,full_messy_article_match,"0.2,3.0,1.0,1.0,1.0,1.0,2.5,1.0,2.5,1.0,1.5,1.5,1.0"
214,tracking,Why is the tracking for my package showing customs hold?,"In a side note under the comparison table, it says that the carrier article says tracking may be delayed during warehouse scans, but it does not show the exact location of package or reference A1234.",0.55,partial_missing_key_fields,"0.2,3.0,1.0,1.0,1.0,1.0,1.0,2.5,1.0,1.0,2.5,1.0,2.0,2.0,1.0"
215,tracking,Why is the tracking for my package showing address review?,"The paragraph continues with a warning about delays, but says that the login guide tells users how to reset a password, which is unrelated to tracking package.",0.15,same_topic_wrong_answer,"0.2,3.0,1.0,1.0,1.0,1.0,1.0,2.5,1.0,1.0,2.5,1.0,2.0,2.0,1.0"
216,tracking,Can you track my order for this week?,"In a later section, the company notes that account settings can be adjusted from the profile page, although shipment notices may still arrive separately. The same article also includes unrelated marketing text and a link to general support.",0.0,different_topic_negative,"0.2,3.0,1.0,1.0,1.0,1.0,2.5,1.0,2.5,1.0,1.5,1.5,1.0"
217,tracking,"I was checking the site and couldn't find it clearly, can you track my replacement laptop for tomorrow morning?","In the shipment log, the replacement laptop marked RMA2201 was delayed because of customs hold, but the carrier says delivery should resume tomorrow morning.",0.95,full_messy_article_match,"0.2,3.0,1.0,1.0,1.0,1.0,1.0,1.0,1.0,1.0,1.0,1.0,1.0,1.0,1.0,1.0,1.0,1.0,2.5,1.0,2.5,2.5,1.0,1.5,1.5,1.0"
218,tracking,Why is the tracking for my return parcel showing customs hold?,"A note in the middle of the article adds that a status note mentions that items sometimes show customs hold, though it gives no update for the specific reference number.",0.45,partial_missing_key_fields,"0.2,3.0,1.0,1.0,1.0,1.0,1.0,2.5,1.0,1.0,2.5,2.5,1.0,2.0,2.0,1.0"
219,tracking,Why is the tracking for my replacement laptop showing pending scan?,"The login guide tells users how to reset a password, which is unrelated to tracking replacement laptop.",0.1,same_topic_wrong_answer,"0.2,3.0,1.0,1.0,1.0,1.0,1.0,2.5,1.0,1.0,2.5,2.5,1.0,1.0,1.0,1.0"
220,tracking,Why is the tracking for my package showing address review?,"The article describes how seasonal demand changes customer waiting times, but it does not provide a direct answer to the requested service detail.",0.0,different_topic_negative,"0.2,3.0,1.0,1.0,1.0,1.0,1.0,2.5,1.0,1.0,2.5,1.0,2.0,2.0,1.0"
221,tracking,Can you track my replacement laptop for today?,"The page does not present it as a direct answer; instead, it states that in the shipment log, the replacement laptop marked A1234 was delayed because of no movement, but the carrier says delivery should resume today.",0.9,full_messy_article_match,"0.2,3.0,1.0,1.0,1.0,1.0,2.5,1.0,2.5,2.5,1.0,1.5,1.0"
222,tracking,"I was checking the site and couldn't find it clearly, can you track my replacement laptop for within 24 hours?","A note in the middle of the article adds that a status note mentions that items sometimes show customs hold, though it gives no update for the specific reference number.",0.35,partial_missing_key_fields,"0.2,3.0,1.0,1.0,1.0,1.0,1.0,1.0,1.0,1.0,1.0,1.0,1.0,1.0,1.0,1.0,1.0,1.0,2.5,1.0,2.5,2.5,1.0,1.0,3.0,1.5,1.0"
223,tracking,Why is the tracking for my package showing address review?,"The page does not present it as a direct answer; instead, it states that the login guide tells users how to reset a password, which is unrelated to tracking package. The same article also includes unrelated marketing text and a link to general support.",0.2,same_topic_wrong_answer,"0.2,3.0,1.0,1.0,1.0,1.0,1.0,2.5,1.0,1.0,2.5,1.0,2.0,2.0,1.0"
224,tracking,Why is the tracking for my replacement laptop showing customs hold?,"A short paragraph at the bottom says that support teams may contact customers later, without giving a concrete instruction or value. The same article also includes unrelated marketing text and a link to general support.",0.0,different_topic_negative,"0.2,3.0,1.0,1.0,1.0,1.0,1.0,2.5,1.0,1.0,2.5,2.5,1.0,2.0,2.0,1.0"
225,tracking,Where is my package with reference PKG5512?,"A note in the middle of the article adds that in the shipment log, the package marked PKG5512 was delayed because of address review, but the carrier says delivery should resume this week.",0.95,full_messy_article_match,"0.2,3.0,1.0,1.0,2.0,2.0,1.0,2.5,1.0,1.0,3.0,3.0,1.0"
226,tracking,Why is the tracking for my return parcel showing address review?,"The paragraph continues with a warning about delays, but says that the carrier article says tracking may be delayed during warehouse scans, but it does not show the exact location of return parcel or reference RMA2201.",0.55,partial_missing_key_fields,"0.2,3.0,1.0,1.0,1.0,1.0,1.0,2.5,1.0,1.0,2.5,2.5,1.0,2.0,2.0,1.0"
227,tracking,"I was checking the site and couldn't find it clearly, where is my order with reference PKG5512?","The page does not present it as a direct answer; instead, it states that the login guide tells users how to reset a password, which is unrelated to tracking order. The same article also includes unrelated marketing text and a link to general support.",0.15,same_topic_wrong_answer,"0.2,3.0,1.0,1.0,1.0,1.0,1.0,1.0,1.0,1.0,1.0,1.0,1.0,1.0,1.0,1.0,2.0,2.0,1.0,2.5,1.0,1.0,3.0,3.0,1.0"
228,tracking,Where is my replacement laptop with reference A1234?,"The article describes how seasonal demand changes customer waiting times, but it does not provide a direct answer to the requested service detail.",0.05,different_topic_negative,"0.2,3.0,1.0,1.0,2.0,2.0,1.0,2.5,2.5,1.0,1.0,1.0,3.0,1.0"
229,tracking,Where is my package with reference TRK9087?,"The page does not present it as a direct answer; instead, it states that the tracking feed for reference TRK9087 says the package is currently at the sorting center and the next scan is expected within 24 hours. The same article also includes unrelated marketing text and a link to general support.",1.0,full_messy_article_match,"0.2,3.0,1.0,1.0,2.0,2.0,1.0,2.5,1.0,1.0,3.0,3.0,1.0"
230,tracking,Why is the tracking for my order showing customs hold?,"A status note mentions that items sometimes show customs hold, though it gives no update for the specific reference number. The same article also includes unrelated marketing text and a link to general support.",0.55,partial_missing_key_fields,"0.2,3.0,1.0,1.0,1.0,1.0,1.0,2.5,1.0,1.0,2.5,1.0,2.0,2.0,1.0"
231,tracking,Can you track my return parcel for tomorrow morning?,"A note in the middle of the article adds that the pricing chart lists delivery fees by city, but it does not provide shipment status or a scan history.",0.25,same_topic_wrong_answer,"0.2,3.0,1.0,1.0,1.0,1.0,2.5,1.0,2.5,2.5,1.0,1.5,1.5,1.0"
232,tracking,"I was checking the site and couldn't find it clearly, where is my return parcel with reference TRK9087?","The article describes how seasonal demand changes customer waiting times, but it does not provide a direct answer to the requested service detail.",0.0,different_topic_negative,"0.2,3.0,1.0,1.0,1.0,1.0,1.0,1.0,1.0,1.0,1.0,1.0,1.0,1.0,1.0,1.0,2.0,2.0,1.0,2.5,2.5,1.0,1.0,3.0,3.0,1.0"
233,tracking,Where is my replacement laptop with reference A1234?,"The page does not present it as a direct answer; instead, it states that the tracking feed for reference A1234 says the replacement laptop is currently at the sorting center and the next scan is expected tomorrow morning.",0.95,full_messy_article_match,"0.2,3.0,1.0,1.0,2.0,2.0,1.0,2.5,2.5,1.0,1.0,1.0,3.0,1.0"
234,tracking,Why is the tracking for my order showing customs hold?,"A status note mentions that items sometimes show customs hold, though it gives no update for the specific reference number.",0.55,partial_missing_key_fields,"0.2,3.0,1.0,1.0,1.0,1.0,1.0,2.5,1.0,1.0,2.5,1.0,2.0,2.0,1.0"
235,tracking,Can you track my package for tomorrow morning?,"The login guide tells users how to reset a password, which is unrelated to tracking package.",0.2,same_topic_wrong_answer,"0.2,3.0,1.0,1.0,1.0,1.0,2.5,1.0,2.5,1.0,1.5,1.5,1.0"
236,tracking,Can you track my order for tomorrow morning?,"The article describes how seasonal demand changes customer waiting times, but it does not provide a direct answer to the requested service detail. The same article also includes unrelated marketing text and a link to general support.",0.05,different_topic_negative,"0.2,3.0,1.0,1.0,1.0,1.0,2.5,1.0,2.5,1.0,1.5,1.5,1.0"
237,tracking,"In short, why is the tracking for my replacement laptop showing address review?","A note in the middle of the article adds that in the shipment log, the replacement laptop marked PKG5512 was delayed because of address review, but the carrier says delivery should resume today.",0.95,full_messy_article_match,"0.2,3.0,1.0,1.0,1.0,1.0,1.0,1.0,1.0,1.0,2.5,1.0,1.0,2.5,2.5,1.0,2.0,2.0,1.0"
238,tracking,Can you track my return parcel for within 24 hours?,"In a side note under the comparison table, it says that a status note mentions that items sometimes show pending scan, though it gives no update for the specific reference number. The same article also includes unrelated marketing text and a link to general support.",0.35,partial_missing_key_fields,"0.2,3.0,1.0,1.0,1.0,1.0,2.5,1.0,2.5,2.5,1.0,1.0,3.0,1.5,1.0"
239,tracking,Why is the tracking for my order showing pending scan?,"After several unrelated lines about customer service, the page says: the pricing chart lists delivery fees by city, but it does not provide shipment status or a scan history.",0.2,same_topic_wrong_answer,"0.2,3.0,1.0,1.0,1.0,1.0,1.0,2.5,1.0,1.0,2.5,1.0,1.0,1.0,1.0"
240,tracking,Can you track my replacement laptop for tomorrow morning?,"According to the announcement, users should check the help center for updates, while unrelated billing references were moved to a separate dashboard. The same article also includes unrelated marketing text and a link to general support.",0.05,different_topic_negative,"0.2,3.0,1.0,1.0,1.0,1.0,2.5,1.0,2.5,2.5,1.0,1.5,1.5,1.0"
241,cancel_or_change,Can I reschedule my flight date to Jerusalem office for reference DEL9012?,"After several unrelated lines about customer service, the page says: in the service bulletin, customers may reschedule a flight date from the order page before dispatch, and the paragraph says the current status is not shipped.",0.95,full_messy_article_match,"0.2,3.0,1.0,1.0,1.0,1.0,3.0,1.0,2.5,2.5,1.0,2.0,2.0,1.0,1.0,2.5,2.5,1.0"
242,cancel_or_change,"I was checking the site and couldn't find it clearly, can I update my flight date to tomorrow morning for reference ORD7788?","In a side note under the comparison table, it says that a cancellation section explains the request form, yet it does not say if this order is still not shipped. The same article also includes unrelated marketing text and a link to general support.",0.35,partial_missing_key_fields,"0.2,3.0,1.0,1.0,1.0,1.0,1.0,1.0,1.0,1.0,1.0,1.0,1.0,1.0,1.0,1.0,1.0,1.0,3.0,1.0,2.5,2.5,1.0,2.0,2.0,1.0,1.0,2.5,2.5,1.0"
243,cancel_or_change,How do I change my order quantity?,"The article discusses refund timing after a returned product is inspected, not changing the order before shipment. The same article also includes unrelated marketing text and a link to general support.",0.2,same_topic_wrong_answer,"0.2,3.0,1.0,1.0,1.0,1.0,1.0,3.0,1.0,2.5,2.5,1.0"
244,cancel_or_change,Can I cancel my delivery address to Jerusalem office for reference BK4421?,"According to the announcement, users should check the help center for updates, while unrelated billing references were moved to a separate dashboard. The same article also includes unrelated marketing text and a link to general support.",0.05,different_topic_negative,"0.2,3.0,1.0,1.0,1.0,1.0,3.0,1.0,2.5,2.5,1.0,2.0,2.0,1.0,1.0,2.5,2.5,1.0"
245,cancel_or_change,I need to change the pickup time; is it still awaiting confirmation?,"The change policy says reference BK4421 can be updated so the pickup time becomes Jerusalem office, provided the request is submitted while it is still awaiting confirmation. The same article also includes unrelated marketing text and a link to general support.",0.95,full_messy_article_match,"0.2,3.0,1.0,1.0,1.0,1.0,1.0,3.0,1.0,2.5,2.5,1.0,1.0,1.0,1.5,1.5,1.0"
246,cancel_or_change,I need to update the pickup time; is it still not shipped?,"A cancellation section explains the request form, yet it does not say if this order is still not shipped. The same article also includes unrelated marketing text and a link to general support.",0.45,partial_missing_key_fields,"0.2,3.0,1.0,1.0,1.0,1.0,1.0,3.0,1.0,2.5,2.5,1.0,1.0,1.0,1.5,1.5,1.0"
247,cancel_or_change,"Can I cancel my order quantity to two units for reference A1234? I only need the exact answer, not a general explanation.","After several unrelated lines about customer service, the page says: a product page lists dimensions and available colors, but it says nothing about canceling or modifying a booking. The same article also includes unrelated marketing text and a link to general support.",0.25,same_topic_wrong_answer,"0.2,3.0,1.0,1.0,1.0,1.0,3.0,1.0,2.5,2.5,1.0,2.0,2.0,1.0,1.0,1.0,2.5,1.0,1.0,1.0,1.0,1.0,1.0,1.0,1.0,1.0,1.0,1.0,1.0,1.0"
248,cancel_or_change,I need to update the flight date; is it still still open?,"A short paragraph at the bottom says that support teams may contact customers later, without giving a concrete instruction or value. The same article also includes unrelated marketing text and a link to general support.",0.0,different_topic_negative,"0.2,3.0,1.0,1.0,1.0,1.0,1.0,3.0,1.0,2.5,2.5,1.0,1.0,1.0,1.5,1.5,1.0"
249,cancel_or_change,How do I cancel my order quantity?,"After several unrelated lines about customer service, the page says: the change policy says reference A1234 can be updated so the order quantity becomes April 18, provided the request is submitted while it is still not shipped. The same article also includes unrelated marketing text and a link to general support.",0.95,full_messy_article_match,"0.2,3.0,1.0,1.0,1.0,1.0,1.0,3.0,1.0,2.5,2.5,1.0"
250,cancel_or_change,How do I cancel my pickup time?,"In a side note under the comparison table, it says that the notice says some order details can be changed online, but it does not confirm whether pickup time can become tomorrow morning for reference ORD7788.",0.45,partial_missing_key_fields,"0.2,3.0,1.0,1.0,1.0,1.0,1.0,3.0,1.0,2.5,2.5,1.0"
251,cancel_or_change,I need to reschedule the delivery address; is it still not shipped?,"The page does not present it as a direct answer; instead, it states that the article discusses refund timing after a returned product is inspected, not changing the order before shipment. The same article also includes unrelated marketing text and a link to general support.",0.2,same_topic_wrong_answer,"0.2,3.0,1.0,1.0,1.0,1.0,1.0,3.0,1.0,2.5,2.5,1.0,1.0,1.0,1.5,1.5,1.0"
252,cancel_or_change,Please help: I need to change the order quantity; is it still not shipped?,The guide spends most of its space comparing mobile app layouts and does not mention the requested product or transaction details. The same article also includes unrelated marketing text and a link to general support.,0.05,different_topic_negative,"0.2,3.0,1.0,1.0,1.0,1.0,1.0,1.0,1.0,3.0,1.0,2.5,2.5,1.0,1.0,1.0,1.5,1.5,1.0"
253,cancel_or_change,How do I change my flight date?,"In a side note under the comparison table, it says that the change policy says reference DEL9012 can be updated so the flight date becomes tomorrow morning, provided the request is submitted while it is still not shipped. The same article also includes unrelated marketing text and a link to general support.",0.9,full_messy_article_match,"0.2,3.0,1.0,1.0,1.0,1.0,1.0,3.0,1.0,2.5,2.5,1.0"
254,cancel_or_change,I need to update the order quantity; is it still not shipped?,"The paragraph continues with a warning about delays, but says that the notice says some order details can be changed online, but it does not confirm whether order quantity can become two units for reference ORD7788.",0.55,partial_missing_key_fields,"0.2,3.0,1.0,1.0,1.0,1.0,1.0,3.0,1.0,2.5,2.5,1.0,1.0,1.0,1.5,1.5,1.0"
255,cancel_or_change,Can I reschedule my pickup time to two units for reference A1234?,"A note in the middle of the article adds that a product page lists dimensions and available colors, but it says nothing about canceling or modifying a booking. The same article also includes unrelated marketing text and a link to general support.",0.15,same_topic_wrong_answer,"0.2,3.0,1.0,1.0,1.0,1.0,3.0,1.0,2.5,2.5,1.0,2.0,2.0,1.0,1.0,1.0,2.5,1.0"
256,cancel_or_change,Can I update my flight date to April 18 for reference BK4421?,"The article describes how seasonal demand changes customer waiting times, but it does not provide a direct answer to the requested service detail. The same article also includes unrelated marketing text and a link to general support.",0.05,different_topic_negative,"0.2,3.0,1.0,1.0,1.0,1.0,3.0,1.0,2.5,2.5,1.0,1.0,2.5,1.0,1.0,2.5,2.5,1.0"
257,cancel_or_change,"In short, can I update my order quantity to two units for reference A1234?","After several unrelated lines about customer service, the page says: in the service bulletin, customers may update a order quantity from the order page before dispatch, and the paragraph says the current status is pending.",0.9,full_messy_article_match,"0.2,3.0,1.0,1.0,1.0,1.0,1.0,1.0,1.0,3.0,1.0,2.5,2.5,1.0,2.0,2.0,1.0,1.0,1.0,2.5,1.0"
258,cancel_or_change,Can I update my delivery address to tomorrow morning for reference DEL9012?,"A note in the middle of the article adds that a cancellation section explains the request form, yet it does not say if this order is still awaiting confirmation.",0.35,partial_missing_key_fields,"0.2,3.0,1.0,1.0,1.0,1.0,3.0,1.0,2.5,2.5,1.0,2.0,2.0,1.0,1.0,2.5,2.5,1.0"
259,cancel_or_change,Can I update my flight date to April 18 for reference ORD7788?,"A product page lists dimensions and available colors, but it says nothing about canceling or modifying a booking. The same article also includes unrelated marketing text and a link to general support.",0.2,same_topic_wrong_answer,"0.2,3.0,1.0,1.0,1.0,1.0,3.0,1.0,2.5,2.5,1.0,1.0,2.5,1.0,1.0,2.5,2.5,1.0"
260,cancel_or_change,Can I change my delivery address to Jerusalem office for reference BK4421?,"According to the announcement, users should check the help center for updates, while unrelated billing references were moved to a separate dashboard. The same article also includes unrelated marketing text and a link to general support.",0.05,different_topic_negative,"0.2,3.0,1.0,1.0,1.0,1.0,3.0,1.0,2.5,2.5,1.0,2.0,2.0,1.0,1.0,2.5,2.5,1.0"
261,cancel_or_change,Can I change my order quantity to Jerusalem office for reference ORD7788?,"In a side note under the comparison table, it says that the change policy says reference ORD7788 can be updated so the order quantity becomes Jerusalem office, provided the request is submitted while it is still pending.",1.0,full_messy_article_match,"0.2,3.0,1.0,1.0,1.0,1.0,3.0,1.0,2.5,2.5,1.0,2.0,2.0,1.0,1.0,2.5,2.5,1.0"
262,cancel_or_change,"I was checking the site and couldn't find it clearly, how do I reschedule my pickup time?","The paragraph continues with a warning about delays, but says that the notice says some order details can be changed online, but it does not confirm whether pickup time can become tomorrow morning for reference ORD7788. The same article also includes unrelated marketing text and a link to general support.",0.35,partial_missing_key_fields,"0.2,3.0,1.0,1.0,1.0,1.0,1.0,1.0,1.0,1.0,1.0,1.0,1.0,1.0,1.0,1.0,1.0,1.0,1.0,3.0,1.0,2.5,2.5,1.0"
263,cancel_or_change,Can I reschedule my delivery address to April 18 for reference DEL9012?,"A note in the middle of the article adds that the article discusses refund timing after a returned product is inspected, not changing the order before shipment. The same article also includes unrelated marketing text and a link to general support.",0.1,same_topic_wrong_answer,"0.2,3.0,1.0,1.0,1.0,1.0,3.0,1.0,2.5,2.5,1.0,1.0,2.5,1.0,1.0,2.5,2.5,1.0"
264,cancel_or_change,I need to change the order quantity; is it still awaiting confirmation?,"In a later section, the company notes that account settings can be adjusted from the profile page, although shipment notices may still arrive separately.",0.0,different_topic_negative,"0.2,3.0,1.0,1.0,1.0,1.0,1.0,3.0,1.0,2.5,2.5,1.0,1.0,1.0,1.5,1.5,1.0"
265,cancel_or_change,How do I change my pickup time?,"In a side note under the comparison table, it says that in the service bulletin, customers may change a pickup time from the order page before dispatch, and the paragraph says the current status is awaiting confirmation. The same article also includes unrelated marketing text and a link to general support.",0.95,full_messy_article_match,"0.2,3.0,1.0,1.0,1.0,1.0,1.0,3.0,1.0,2.5,2.5,1.0"
266,cancel_or_change,Can I reschedule my pickup time to two units for reference DEL9012?,"After several unrelated lines about customer service, the page says: a cancellation section explains the request form, yet it does not say if this order is still pending.",0.45,partial_missing_key_fields,"0.2,3.0,1.0,1.0,1.0,1.0,3.0,1.0,2.5,2.5,1.0,2.0,2.0,1.0,1.0,2.5,2.5,1.0"
267,cancel_or_change,"I was checking the site and couldn't find it clearly, how do I update my pickup time?","In a side note under the comparison table, it says that the article discusses refund timing after a returned product is inspected, not changing the order before shipment.",0.2,same_topic_wrong_answer,"0.2,3.0,1.0,1.0,1.0,1.0,1.0,1.0,1.0,1.0,1.0,1.0,1.0,1.0,1.0,1.0,1.0,1.0,1.0,3.0,1.0,2.5,2.5,1.0"
268,cancel_or_change,I need to update the pickup time; is it still awaiting confirmation?,"According to the announcement, users should check the help center for updates, while unrelated billing references were moved to a separate dashboard. The same article also includes unrelated marketing text and a link to general support.",0.0,different_topic_negative,"0.2,3.0,1.0,1.0,1.0,1.0,1.0,3.0,1.0,2.5,2.5,1.0,1.0,1.0,1.5,1.5,1.0"
269,cancel_or_change,Can I change my delivery address to two units for reference BK4421?,"The paragraph continues with a warning about delays, but says that in the service bulletin, customers may change a delivery address from the order page before dispatch, and the paragraph says the current status is pending.",1.0,full_messy_article_match,"0.2,3.0,1.0,1.0,1.0,1.0,3.0,1.0,2.5,2.5,1.0,2.0,2.0,1.0,1.0,2.5,2.5,1.0"
270,cancel_or_change,Can I cancel my delivery address to tomorrow morning for reference A1234?,"The page does not present it as a direct answer; instead, it states that the notice says some order details can be changed online, but it does not confirm whether delivery address can become tomorrow morning for reference A1234. The same article also includes unrelated marketing text and a link to general support.",0.35,partial_missing_key_fields,"0.2,3.0,1.0,1.0,1.0,1.0,3.0,1.0,2.5,2.5,1.0,2.0,2.0,1.0,1.0,1.0,2.5,1.0"
271,cancel_or_change,Can I reschedule my flight date to two units for reference DEL9012?,"A product page lists dimensions and available colors, but it says nothing about canceling or modifying a booking. The same article also includes unrelated marketing text and a link to general support.",0.2,same_topic_wrong_answer,"0.2,3.0,1.0,1.0,1.0,1.0,3.0,1.0,2.5,2.5,1.0,2.0,2.0,1.0,1.0,2.5,2.5,1.0"
272,cancel_or_change,Please help: I need to cancel the order quantity; is it still not shipped?,"In a later section, the company notes that account settings can be adjusted from the profile page, although shipment notices may still arrive separately.",0.05,different_topic_negative,"0.2,3.0,1.0,1.0,1.0,1.0,1.0,1.0,1.0,3.0,1.0,2.5,2.5,1.0,1.0,1.0,1.5,1.5,1.0"
273,cancel_or_change,I need to cancel the flight date; is it still not shipped?,"In the service bulletin, customers may cancel a flight date from the order page before dispatch, and the paragraph says the current status is not shipped.",1.0,full_messy_article_match,"0.2,3.0,1.0,1.0,1.0,1.0,1.0,3.0,1.0,2.5,2.5,1.0,1.0,1.0,1.5,1.5,1.0"
274,cancel_or_change,How do I update my delivery address?,"The page does not present it as a direct answer; instead, it states that a cancellation section explains the request form, yet it does not say if this order is still still open.",0.45,partial_missing_key_fields,"0.2,3.0,1.0,1.0,1.0,1.0,1.0,3.0,1.0,2.5,2.5,1.0"
275,cancel_or_change,I need to update the delivery address; is it still still open?,"A note in the middle of the article adds that the article discusses refund timing after a returned product is inspected, not changing the order before shipment.",0.1,same_topic_wrong_answer,"0.2,3.0,1.0,1.0,1.0,1.0,1.0,3.0,1.0,2.5,2.5,1.0,1.0,1.0,1.5,1.5,1.0"
276,cancel_or_change,I need to cancel the delivery address; is it still pending?,"The article describes how seasonal demand changes customer waiting times, but it does not provide a direct answer to the requested service detail. The same article also includes unrelated marketing text and a link to general support.",0.05,different_topic_negative,"0.2,3.0,1.0,1.0,1.0,1.0,1.0,3.0,1.0,2.5,2.5,1.0,1.0,1.0,1.0,1.0"
277,cancel_or_change,"I was checking the site and couldn't find it clearly, can I reschedule my flight date to Jerusalem office for reference BK4421?","In the service bulletin, customers may reschedule a flight date from the order page before dispatch, and the paragraph says the current status is awaiting confirmation.",0.95,full_messy_article_match,"0.2,3.0,1.0,1.0,1.0,1.0,1.0,1.0,1.0,1.0,1.0,1.0,1.0,1.0,1.0,1.0,1.0,1.0,3.0,1.0,2.5,2.5,1.0,2.0,2.0,1.0,1.0,2.5,2.5,1.0"
278,cancel_or_change,I need to cancel the delivery address; is it still awaiting confirmation?,"In a side note under the comparison table, it says that the notice says some order details can be changed online, but it does not confirm whether delivery address can become April 18 for reference ORD7788.",0.35,partial_missing_key_fields,"0.2,3.0,1.0,1.0,1.0,1.0,1.0,3.0,1.0,2.5,2.5,1.0,1.0,1.0,1.5,1.5,1.0"
279,cancel_or_change,Can I cancel my order quantity to Jerusalem office for reference ORD7788?,"After several unrelated lines about customer service, the page says: the article discusses refund timing after a returned product is inspected, not changing the order before shipment.",0.15,same_topic_wrong_answer,"0.2,3.0,1.0,1.0,1.0,1.0,3.0,1.0,2.5,2.5,1.0,2.0,2.0,1.0,1.0,2.5,2.5,1.0"
280,cancel_or_change,I need to reschedule the pickup time; is it still pending?,"A short paragraph at the bottom says that support teams may contact customers later, without giving a concrete instruction or value.",0.0,different_topic_negative,"0.2,3.0,1.0,1.0,1.0,1.0,1.0,3.0,1.0,2.5,2.5,1.0,1.0,1.0,1.0,1.0"
281,cancel_or_change,How do I cancel my flight date?,"After several unrelated lines about customer service, the page says: the change policy says reference A1234 can be updated so the flight date becomes tomorrow morning, provided the request is submitted while it is still not shipped. The same article also includes unrelated marketing text and a link to general support.",0.95,full_messy_article_match,"0.2,3.0,1.0,1.0,1.0,1.0,1.0,3.0,1.0,2.5,2.5,1.0"
282,cancel_or_change,"I was checking the site and couldn't find it clearly, i need to update the flight date; is it still not shipped?","A cancellation section explains the request form, yet it does not say if this order is still not shipped.",0.55,partial_missing_key_fields,"0.2,3.0,1.0,1.0,1.0,1.0,1.0,1.0,1.0,1.0,1.0,1.0,1.0,1.0,1.0,1.0,1.0,1.0,1.0,3.0,1.0,2.5,2.5,1.0,1.0,1.0,1.5,1.5,1.0"
283,cancel_or_change,How do I change my delivery address?,"The page does not present it as a direct answer; instead, it states that the article discusses refund timing after a returned product is inspected, not changing the order before shipment.",0.15,same_topic_wrong_answer,"0.2,3.0,1.0,1.0,1.0,1.0,1.0,3.0,1.0,2.5,2.5,1.0"
284,cancel_or_change,Can I cancel my order quantity to Jerusalem office for reference DEL9012?,"The article describes how seasonal demand changes customer waiting times, but it does not provide a direct answer to the requested service detail.",0.0,different_topic_negative,"0.2,3.0,1.0,1.0,1.0,1.0,3.0,1.0,2.5,2.5,1.0,2.0,2.0,1.0,1.0,2.5,2.5,1.0"
285,cancel_or_change,I need to change the flight date; is it still awaiting confirmation?,"After several unrelated lines about customer service, the page says: in the service bulletin, customers may change a flight date from the order page before dispatch, and the paragraph says the current status is awaiting confirmation.",0.9,full_messy_article_match,"0.2,3.0,1.0,1.0,1.0,1.0,1.0,3.0,1.0,2.5,2.5,1.0,1.0,1.0,1.5,1.5,1.0"
286,cancel_or_change,How do I cancel my flight date?,"The paragraph continues with a warning about delays, but says that a cancellation section explains the request form, yet it does not say if this order is still still open.",0.55,partial_missing_key_fields,"0.2,3.0,1.0,1.0,1.0,1.0,1.0,3.0,1.0,2.5,2.5,1.0"
287,cancel_or_change,"In short, how do I change my order quantity?","The article discusses refund timing after a returned product is inspected, not changing the order before shipment. The same article also includes unrelated marketing text and a link to general support.",0.2,same_topic_wrong_answer,"0.2,3.0,1.0,1.0,1.0,1.0,1.0,1.0,1.0,1.0,3.0,1.0,2.5,2.5,1.0"
288,cancel_or_change,Can I update my order quantity to April 18 for reference ORD7788?,"In a later section, the company notes that account settings can be adjusted from the profile page, although shipment notices may still arrive separately. The same article also includes unrelated marketing text and a link to general support.",0.05,different_topic_negative,"0.2,3.0,1.0,1.0,1.0,1.0,3.0,1.0,2.5,2.5,1.0,1.0,2.5,1.0,1.0,2.5,2.5,1.0"
289,cancel_or_change,Can I reschedule my flight date to Jerusalem office for reference A1234?,"The change policy says reference A1234 can be updated so the flight date becomes Jerusalem office, provided the request is submitted while it is still not shipped.",1.0,full_messy_article_match,"0.2,3.0,1.0,1.0,1.0,1.0,3.0,1.0,2.5,2.5,1.0,2.0,2.0,1.0,1.0,1.0,2.5,1.0"
290,cancel_or_change,I need to cancel the order quantity; is it still not shipped?,"A note in the middle of the article adds that the notice says some order details can be changed online, but it does not confirm whether order quantity can become two units for reference A1234. The same article also includes unrelated marketing text and a link to general support.",0.45,partial_missing_key_fields,"0.2,3.0,1.0,1.0,1.0,1.0,1.0,3.0,1.0,2.5,2.5,1.0,1.0,1.0,1.5,1.5,1.0"
291,cancel_or_change,Can I cancel my pickup time to tomorrow morning for reference BK4421?,"A product page lists dimensions and available colors, but it says nothing about canceling or modifying a booking. The same article also includes unrelated marketing text and a link to general support.",0.15,same_topic_wrong_answer,"0.2,3.0,1.0,1.0,1.0,1.0,3.0,1.0,2.5,2.5,1.0,2.0,2.0,1.0,1.0,2.5,2.5,1.0"
292,cancel_or_change,Please help: Can I reschedule my pickup time to Jerusalem office for reference DEL9012?,"A short paragraph at the bottom says that support teams may contact customers later, without giving a concrete instruction or value.",0.05,different_topic_negative,"0.2,3.0,1.0,1.0,1.0,1.0,1.0,1.0,3.0,1.0,2.5,2.5,1.0,2.0,2.0,1.0,1.0,2.5,2.5,1.0"
293,cancel_or_change,Can I cancel my pickup time to Jerusalem office for reference ORD7788?,"The page does not present it as a direct answer; instead, it states that the change policy says reference ORD7788 can be updated so the pickup time becomes Jerusalem office, provided the request is submitted while it is still pending.",1.0,full_messy_article_match,"0.2,3.0,1.0,1.0,1.0,1.0,3.0,1.0,2.5,2.5,1.0,2.0,2.0,1.0,1.0,2.5,2.5,1.0"
294,cancel_or_change,How do I update my order quantity?,"The page does not present it as a direct answer; instead, it states that a cancellation section explains the request form, yet it does not say if this order is still not shipped. The same article also includes unrelated marketing text and a link to general support.",0.35,partial_missing_key_fields,"0.2,3.0,1.0,1.0,1.0,1.0,1.0,3.0,1.0,2.5,2.5,1.0"
295,cancel_or_change,I need to reschedule the delivery address; is it still still open?,"A note in the middle of the article adds that a product page lists dimensions and available colors, but it says nothing about canceling or modifying a booking.",0.25,same_topic_wrong_answer,"0.2,3.0,1.0,1.0,1.0,1.0,1.0,3.0,1.0,2.5,2.5,1.0,1.0,1.0,1.5,1.5,1.0"
296,cancel_or_change,Can I update my flight date to two units for reference DEL9012?,"A short paragraph at the bottom says that support teams may contact customers later, without giving a concrete instruction or value. The same article also includes unrelated marketing text and a link to general support.",0.0,different_topic_negative,"0.2,3.0,1.0,1.0,1.0,1.0,3.0,1.0,2.5,2.5,1.0,2.0,2.0,1.0,1.0,2.5,2.5,1.0"
297,cancel_or_change,"Can I change my flight date to Jerusalem office for reference BK4421? I only need the exact answer, not a general explanation.","The paragraph continues with a warning about delays, but says that the change policy says reference BK4421 can be updated so the flight date becomes Jerusalem office, provided the request is submitted while it is still not shipped.",0.95,full_messy_article_match,"0.2,3.0,1.0,1.0,1.0,1.0,3.0,1.0,2.5,2.5,1.0,2.0,2.0,1.0,1.0,2.5,2.5,1.0,1.0,1.0,1.0,1.0,1.0,1.0,1.0,1.0,1.0,1.0,1.0,1.0"
298,cancel_or_change,I need to change the order quantity; is it still not shipped?,"A note in the middle of the article adds that the notice says some order details can be changed online, but it does not confirm whether order quantity can become tomorrow morning for reference DEL9012. The same article also includes unrelated marketing text and a link to general support.",0.35,partial_missing_key_fields,"0.2,3.0,1.0,1.0,1.0,1.0,1.0,3.0,1.0,2.5,2.5,1.0,1.0,1.0,1.5,1.5,1.0"
299,cancel_or_change,I need to reschedule the order quantity; is it still awaiting confirmation?,"A product page lists dimensions and available colors, but it says nothing about canceling or modifying a booking.",0.2,same_topic_wrong_answer,"0.2,3.0,1.0,1.0,1.0,1.0,1.0,3.0,1.0,2.5,2.5,1.0,1.0,1.0,1.5,1.5,1.0"
300,cancel_or_change,Can I cancel my order quantity to April 18 for reference BK4421?,"The article describes how seasonal demand changes customer waiting times, but it does not provide a direct answer to the requested service detail.",0.05,different_topic_negative,"0.2,3.0,1.0,1.0,1.0,1.0,3.0,1.0,2.5,2.5,1.0,1.0,2.5,1.0,1.0,2.5,2.5,1.0"
301,cancel_or_change,How do I reschedule my order quantity?,"After several unrelated lines about customer service, the page says: the change policy says reference DEL9012 can be updated so the order quantity becomes Jerusalem office, provided the request is submitted while it is still not shipped.",1.0,full_messy_article_match,"0.2,3.0,1.0,1.0,1.0,1.0,1.0,3.0,1.0,2.5,2.5,1.0"
302,cancel_or_change,"I need to update the order quantity; is it still pending? I only need the exact answer, not a general explanation.","The page does not present it as a direct answer; instead, it states that the notice says some order details can be changed online, but it does not confirm whether order quantity can become April 18 for reference BK4421.",0.45,partial_missing_key_fields,"0.2,3.0,1.0,1.0,1.0,1.0,1.0,3.0,1.0,2.5,2.5,1.0,1.0,1.0,1.0,1.0,1.0,1.0,1.0,1.0,1.0,1.0,1.0,1.0,1.0,1.0,1.0,1.0"
303,cancel_or_change,I need to change the delivery address; is it still pending?,"The paragraph continues with a warning about delays, but says that the article discusses refund timing after a returned product is inspected, not changing the order before shipment.",0.15,same_topic_wrong_answer,"0.2,3.0,1.0,1.0,1.0,1.0,1.0,3.0,1.0,2.5,2.5,1.0,1.0,1.0,1.0,1.0"
304,cancel_or_change,I need to cancel the delivery address; is it still not shipped?,"The article describes how seasonal demand changes customer waiting times, but it does not provide a direct answer to the requested service detail.",0.05,different_topic_negative,"0.2,3.0,1.0,1.0,1.0,1.0,1.0,3.0,1.0,2.5,2.5,1.0,1.0,1.0,1.5,1.5,1.0"
305,cancel_or_change,I need to cancel the flight date; is it still pending?,"In a side note under the comparison table, it says that in the service bulletin, customers may cancel a flight date from the order page before dispatch, and the paragraph says the current status is pending.",1.0,full_messy_article_match,"0.2,3.0,1.0,1.0,1.0,1.0,1.0,3.0,1.0,2.5,2.5,1.0,1.0,1.0,1.0,1.0"
306,cancel_or_change,How do I change my flight date?,"A note in the middle of the article adds that the notice says some order details can be changed online, but it does not confirm whether flight date can become April 18 for reference A1234.",0.55,partial_missing_key_fields,"0.2,3.0,1.0,1.0,1.0,1.0,1.0,3.0,1.0,2.5,2.5,1.0"
307,cancel_or_change,"In short, can I update my delivery address to April 18 for reference A1234?","The page does not present it as a direct answer; instead, it states that the article discusses refund timing after a returned product is inspected, not changing the order before shipment. The same article also includes unrelated marketing text and a link to general support.",0.25,same_topic_wrong_answer,"0.2,3.0,1.0,1.0,1.0,1.0,1.0,1.0,1.0,3.0,1.0,2.5,2.5,1.0,1.0,2.5,1.0,1.0,1.0,2.5,1.0"
308,cancel_or_change,Can I update my pickup time to April 18 for reference BK4421?,"In a later section, the company notes that account settings can be adjusted from the profile page, although shipment notices may still arrive separately. The same article also includes unrelated marketing text and a link to general support.",0.0,different_topic_negative,"0.2,3.0,1.0,1.0,1.0,1.0,3.0,1.0,2.5,2.5,1.0,1.0,2.5,1.0,1.0,2.5,2.5,1.0"
309,cancel_or_change,Can I cancel my order quantity to Jerusalem office for reference A1234?,"The page does not present it as a direct answer; instead, it states that the change policy says reference A1234 can be updated so the order quantity becomes Jerusalem office, provided the request is submitted while it is still pending.",0.95,full_messy_article_match,"0.2,3.0,1.0,1.0,1.0,1.0,3.0,1.0,2.5,2.5,1.0,2.0,2.0,1.0,1.0,1.0,2.5,1.0"
310,cancel_or_change,How do I cancel my order quantity?,"After several unrelated lines about customer service, the page says: a cancellation section explains the request form, yet it does not say if this order is still still open.",0.45,partial_missing_key_fields,"0.2,3.0,1.0,1.0,1.0,1.0,1.0,3.0,1.0,2.5,2.5,1.0"
311,cancel_or_change,I need to reschedule the pickup time; is it still awaiting confirmation?,"The article discusses refund timing after a returned product is inspected, not changing the order before shipment.",0.2,same_topic_wrong_answer,"0.2,3.0,1.0,1.0,1.0,1.0,1.0,3.0,1.0,2.5,2.5,1.0,1.0,1.0,1.5,1.5,1.0"
312,cancel_or_change,"I was checking the site and couldn't find it clearly, can I update my pickup time to two units for reference ORD7788?","In a later section, the company notes that account settings can be adjusted from the profile page, although shipment notices may still arrive separately.",0.05,different_topic_negative,"0.2,3.0,1.0,1.0,1.0,1.0,1.0,1.0,1.0,1.0,1.0,1.0,1.0,1.0,1.0,1.0,1.0,1.0,3.0,1.0,2.5,2.5,1.0,2.0,2.0,1.0,1.0,2.5,2.5,1.0"
313,cancel_or_change,How do I reschedule my order quantity?,"The page does not present it as a direct answer; instead, it states that in the service bulletin, customers may reschedule a order quantity from the order page before dispatch, and the paragraph says the current status is awaiting confirmation.",0.95,full_messy_article_match,"0.2,3.0,1.0,1.0,1.0,1.0,1.0,3.0,1.0,2.5,2.5,1.0"
314,cancel_or_change,How do I change my pickup time?,"After several unrelated lines about customer service, the page says: a cancellation section explains the request form, yet it does not say if this order is still awaiting confirmation. The same article also includes unrelated marketing text and a link to general support.",0.35,partial_missing_key_fields,"0.2,3.0,1.0,1.0,1.0,1.0,1.0,3.0,1.0,2.5,2.5,1.0"
315,cancel_or_change,How do I change my order quantity?,"The paragraph continues with a warning about delays, but says that a product page lists dimensions and available colors, but it says nothing about canceling or modifying a booking. The same article also includes unrelated marketing text and a link to general support.",0.15,same_topic_wrong_answer,"0.2,3.0,1.0,1.0,1.0,1.0,1.0,3.0,1.0,2.5,2.5,1.0"
316,cancel_or_change,Can I change my flight date to Jerusalem office for reference ORD7788?,The guide spends most of its space comparing mobile app layouts and does not mention the requested product or transaction details. The same article also includes unrelated marketing text and a link to general support.,0.0,different_topic_negative,"0.2,3.0,1.0,1.0,1.0,1.0,3.0,1.0,2.5,2.5,1.0,2.0,2.0,1.0,1.0,2.5,2.5,1.0"
317,cancel_or_change,"I need to update the pickup time; is it still pending? I only need the exact answer, not a general explanation.","After several unrelated lines about customer service, the page says: in the service bulletin, customers may update a pickup time from the order page before dispatch, and the paragraph says the current status is pending.",0.9,full_messy_article_match,"0.2,3.0,1.0,1.0,1.0,1.0,1.0,3.0,1.0,2.5,2.5,1.0,1.0,1.0,1.0,1.0,1.0,1.0,1.0,1.0,1.0,1.0,1.0,1.0,1.0,1.0,1.0,1.0"
318,cancel_or_change,I need to update the pickup time; is it still awaiting confirmation?,"In a side note under the comparison table, it says that a cancellation section explains the request form, yet it does not say if this order is still awaiting confirmation.",0.35,partial_missing_key_fields,"0.2,3.0,1.0,1.0,1.0,1.0,1.0,3.0,1.0,2.5,2.5,1.0,1.0,1.0,1.5,1.5,1.0"
319,cancel_or_change,I need to change the flight date; is it still still open?,"The page does not present it as a direct answer; instead, it states that the article discusses refund timing after a returned product is inspected, not changing the order before shipment. The same article also includes unrelated marketing text and a link to general support.",0.1,same_topic_wrong_answer,"0.2,3.0,1.0,1.0,1.0,1.0,1.0,3.0,1.0,2.5,2.5,1.0,1.0,1.0,1.5,1.5,1.0"
320,cancel_or_change,Can I update my delivery address to two units for reference A1234?,"A short paragraph at the bottom says that support teams may contact customers later, without giving a concrete instruction or value. The same article also includes unrelated marketing text and a link to general support.",0.05,different_topic_negative,"0.2,3.0,1.0,1.0,1.0,1.0,3.0,1.0,2.5,2.5,1.0,2.0,2.0,1.0,1.0,1.0,2.5,1.0"
321,returns_and_refunds,How can I get a exchange for office chair reference RMA4002?,"In the refund paragraph, the exchange for office chair is marked rejected, with funds expected after warehouse inspection. The same article also includes unrelated marketing text and a link to general support.",0.95,full_messy_article_match,"0.2,3.0,1.0,1.0,1.0,1.0,1.0,1.0,1.0,3.0,1.0,2.5,2.5,1.0,2.0,2.0,1.0"
322,returns_and_refunds,"I was checking the site and couldn't find it clearly, what is the status of my exchange for office chair?","A customer article says refunds may take several days, while the actual status of this request is not shown.",0.35,partial_missing_key_fields,"0.2,3.0,1.0,1.0,1.0,1.0,1.0,1.0,1.0,1.0,1.0,1.0,1.0,1.0,1.0,1.0,1.0,1.0,1.0,1.5,1.0,1.0,3.0,1.0,2.5,2.5,1.0"
323,returns_and_refunds,Can I return office chair after 14 days?,"The tracking page says the parcel reached the sorting center, which does not answer whether a refund is approved.",0.15,same_topic_wrong_answer,"0.2,3.0,1.0,1.0,1.0,1.0,3.0,2.5,2.5,1.0,2.0,1.0,1.0"
324,returns_and_refunds,What is the status of my refund for laptop battery?,The guide spends most of its space comparing mobile app layouts and does not mention the requested product or transaction details.,0.05,different_topic_negative,"0.2,3.0,1.0,1.0,1.0,1.0,1.0,1.5,1.0,1.0,3.0,1.0,2.5,2.5,1.0"
325,returns_and_refunds,Can I return wireless mouse after after opening?,"In a side note under the comparison table, it says that in the refund paragraph, the store credit for wireless mouse is marked under review, with funds expected after warehouse inspection. The same article also includes unrelated marketing text and a link to general support.",1.0,full_messy_article_match,"0.2,3.0,1.0,1.0,1.0,1.0,3.0,2.5,2.5,1.0,1.0,1.0,1.0"
326,returns_and_refunds,Can I return printer cartridge after 30 days?,"In a side note under the comparison table, it says that the policy mentions that printer cartridge can sometimes be returned, but it does not say whether reference RET9910 qualifies for a store credit.",0.35,partial_missing_key_fields,"0.2,3.0,1.0,1.0,1.0,1.0,3.0,2.5,2.5,1.0,2.0,1.0,1.0"
327,returns_and_refunds,"How can I get a exchange for office chair reference RET9910? I only need the exact answer, not a general explanation.","A note in the middle of the article adds that the tracking page says the parcel reached the sorting center, which does not answer whether a refund is approved. The same article also includes unrelated marketing text and a link to general support.",0.25,same_topic_wrong_answer,"0.2,3.0,1.0,1.0,1.0,1.0,1.0,1.0,1.0,3.0,1.0,2.5,2.5,1.0,2.0,2.0,1.0,1.0,1.0,1.0,1.0,1.0,1.0,1.0,1.0,1.0,1.0,1.0,1.0"
328,returns_and_refunds,What is the status of my return for printer cartridge?,"In a later section, the company notes that account settings can be adjusted from the profile page, although shipment notices may still arrive separately.",0.05,different_topic_negative,"0.2,3.0,1.0,1.0,1.0,1.0,1.0,1.5,1.0,1.0,3.0,1.0,2.5,2.5,1.0"
329,returns_and_refunds,What is the status of my return for printer cartridge?,"A note in the middle of the article adds that the returns note states that printer cartridge under reference A1234 is eligible for a return, and the customer must send it back within last week. The same article also includes unrelated marketing text and a link to general support.",0.9,full_messy_article_match,"0.2,3.0,1.0,1.0,1.0,1.0,1.0,1.5,1.0,1.0,3.0,1.0,2.5,2.5,1.0"
330,returns_and_refunds,What is the status of my exchange for office chair?,"The page does not present it as a direct answer; instead, it states that a customer article says refunds may take several days, while the actual status of this request is not shown.",0.35,partial_missing_key_fields,"0.2,3.0,1.0,1.0,1.0,1.0,1.0,1.5,1.0,1.0,3.0,1.0,2.5,2.5,1.0"
331,returns_and_refunds,What is the status of my refund for office chair?,"The paragraph continues with a warning about delays, but says that the ordering guide explains how to add items to a cart, not how to return a purchased item. The same article also includes unrelated marketing text and a link to general support.",0.15,same_topic_wrong_answer,"0.2,3.0,1.0,1.0,1.0,1.0,1.0,1.5,1.0,1.0,3.0,1.0,2.5,2.5,1.0"
332,returns_and_refunds,"In short, how can I get a store credit for printer cartridge reference RMA4002?","A short paragraph at the bottom says that support teams may contact customers later, without giving a concrete instruction or value.",0.05,different_topic_negative,"0.2,3.0,1.0,1.0,1.0,1.0,1.0,1.0,1.0,1.0,1.0,1.0,1.0,1.0,1.0,2.5,2.5,1.0,2.0,2.0,1.0"
333,returns_and_refunds,What is the status of my refund for wireless mouse?,"The returns note states that wireless mouse under reference RET9910 is eligible for a refund, and the customer must send it back within 30 days. The same article also includes unrelated marketing text and a link to general support.",0.9,full_messy_article_match,"0.2,3.0,1.0,1.0,1.0,1.0,1.0,1.5,1.0,1.0,3.0,1.0,2.5,2.5,1.0"
334,returns_and_refunds,How can I get a return for printer cartridge reference RET9910?,"A note in the middle of the article adds that the policy mentions that printer cartridge can sometimes be returned, but it does not say whether reference RET9910 qualifies for a return. The same article also includes unrelated marketing text and a link to general support.",0.55,partial_missing_key_fields,"0.2,3.0,1.0,1.0,1.0,1.0,1.0,1.0,1.0,3.0,1.0,2.5,2.5,1.0,2.0,2.0,1.0"
335,returns_and_refunds,How can I get a store credit for laptop battery reference A1234?,"The ordering guide explains how to add items to a cart, not how to return a purchased item.",0.2,same_topic_wrong_answer,"0.2,3.0,1.0,1.0,1.0,1.0,1.0,1.0,1.0,1.0,1.0,1.0,2.5,2.5,1.0,1.0,2.0,1.0"
336,returns_and_refunds,How can I get a return for laptop battery reference A1234?,"In a later section, the company notes that account settings can be adjusted from the profile page, although shipment notices may still arrive separately.",0.05,different_topic_negative,"0.2,3.0,1.0,1.0,1.0,1.0,1.0,1.0,1.0,3.0,1.0,2.5,2.5,1.0,1.0,2.0,1.0"
337,returns_and_refunds,"How can I get a return for office chair reference RET9910? I only need the exact answer, not a general explanation.","In a side note under the comparison table, it says that the returns note states that office chair under reference RET9910 is eligible for a return, and the customer must send it back within 14 days. The same article also includes unrelated marketing text and a link to general support.",1.0,full_messy_article_match,"0.2,3.0,1.0,1.0,1.0,1.0,1.0,1.0,1.0,3.0,1.0,2.5,2.5,1.0,2.0,2.0,1.0,1.0,1.0,1.0,1.0,1.0,1.0,1.0,1.0,1.0,1.0,1.0,1.0"
338,returns_and_refunds,Can I return laptop battery after last week?,"The paragraph continues with a warning about delays, but says that the policy mentions that laptop battery can sometimes be returned, but it does not say whether reference ORD7788 qualifies for a exchange.",0.55,partial_missing_key_fields,"0.2,3.0,1.0,1.0,1.0,1.0,3.0,2.5,2.5,1.0,1.0,1.0,1.0"
339,returns_and_refunds,Can I return printer cartridge after 14 days?,"The paragraph continues with a warning about delays, but says that the tracking page says the parcel reached the sorting center, which does not answer whether a refund is approved.",0.1,same_topic_wrong_answer,"0.2,3.0,1.0,1.0,1.0,1.0,3.0,2.5,2.5,1.0,2.0,1.0,1.0"
340,returns_and_refunds,How can I get a exchange for printer cartridge reference A1234?,"The article describes how seasonal demand changes customer waiting times, but it does not provide a direct answer to the requested service detail.",0.0,different_topic_negative,"0.2,3.0,1.0,1.0,1.0,1.0,1.0,1.0,1.0,3.0,1.0,2.5,2.5,1.0,1.0,2.0,1.0"
341,returns_and_refunds,How can I get a exchange for printer cartridge reference ORD7788?,"After several unrelated lines about customer service, the page says: the returns note states that printer cartridge under reference ORD7788 is eligible for a exchange, and the customer must send it back within after opening.",0.9,full_messy_article_match,"0.2,3.0,1.0,1.0,1.0,1.0,1.0,1.0,1.0,3.0,1.0,2.5,2.5,1.0,2.0,2.0,1.0"
342,returns_and_refunds,Please help: How can I get a refund for laptop battery reference RMA4002?,"A note in the middle of the article adds that the policy mentions that laptop battery can sometimes be returned, but it does not say whether reference RMA4002 qualifies for a refund.",0.45,partial_missing_key_fields,"0.2,3.0,1.0,1.0,1.0,1.0,1.0,1.0,1.0,1.0,1.0,3.0,1.0,2.5,2.5,1.0,2.0,2.0,1.0"
343,returns_and_refunds,What is the status of my return for laptop battery?,"The paragraph continues with a warning about delays, but says that the ordering guide explains how to add items to a cart, not how to return a purchased item. The same article also includes unrelated marketing text and a link to general support.",0.15,same_topic_wrong_answer,"0.2,3.0,1.0,1.0,1.0,1.0,1.0,1.5,1.0,1.0,3.0,1.0,2.5,2.5,1.0"
344,returns_and_refunds,How can I get a return for wireless mouse reference ORD7788?,"A short paragraph at the bottom says that support teams may contact customers later, without giving a concrete instruction or value. The same article also includes unrelated marketing text and a link to general support.",0.0,different_topic_negative,"0.2,3.0,1.0,1.0,1.0,1.0,1.0,1.0,1.0,3.0,1.0,2.5,2.5,1.0,2.0,2.0,1.0"
345,returns_and_refunds,Can I return printer cartridge after 30 days?,"The paragraph continues with a warning about delays, but says that the returns note states that printer cartridge under reference A1234 is eligible for a store credit, and the customer must send it back within 30 days.",0.95,full_messy_article_match,"0.2,3.0,1.0,1.0,1.0,1.0,3.0,2.5,2.5,1.0,2.0,1.0,1.0"
346,returns_and_refunds,Can I return office chair after 14 days?,"In a side note under the comparison table, it says that the policy mentions that office chair can sometimes be returned, but it does not say whether reference RMA4002 qualifies for a refund. The same article also includes unrelated marketing text and a link to general support.",0.45,partial_missing_key_fields,"0.2,3.0,1.0,1.0,1.0,1.0,3.0,2.5,2.5,1.0,2.0,1.0,1.0"
347,returns_and_refunds,Please help: What is the status of my refund for wireless mouse?,"The paragraph continues with a warning about delays, but says that the tracking page says the parcel reached the sorting center, which does not answer whether a refund is approved. The same article also includes unrelated marketing text and a link to general support.",0.25,same_topic_wrong_answer,"0.2,3.0,1.0,1.0,1.0,1.0,1.0,1.0,1.0,1.5,1.0,1.0,3.0,1.0,2.5,2.5,1.0"
348,returns_and_refunds,Can I return office chair after after opening?,"The article describes how seasonal demand changes customer waiting times, but it does not provide a direct answer to the requested service detail.",0.0,different_topic_negative,"0.2,3.0,1.0,1.0,1.0,1.0,3.0,2.5,2.5,1.0,1.0,1.0,1.0"
349,returns_and_refunds,What is the status of my return for wireless mouse?,"The paragraph continues with a warning about delays, but says that the returns note states that wireless mouse under reference A1234 is eligible for a return, and the customer must send it back within 30 days. The same article also includes unrelated marketing text and a link to general support.",1.0,full_messy_article_match,"0.2,3.0,1.0,1.0,1.0,1.0,1.0,1.5,1.0,1.0,3.0,1.0,2.5,2.5,1.0"
350,returns_and_refunds,Can I return office chair after after opening?,"A note in the middle of the article adds that the policy mentions that office chair can sometimes be returned, but it does not say whether reference A1234 qualifies for a return. The same article also includes unrelated marketing text and a link to general support.",0.35,partial_missing_key_fields,"0.2,3.0,1.0,1.0,1.0,1.0,3.0,2.5,2.5,1.0,1.0,1.0,1.0"
351,returns_and_refunds,How can I get a return for laptop battery reference RMA4002?,"The ordering guide explains how to add items to a cart, not how to return a purchased item. The same article also includes unrelated marketing text and a link to general support.",0.2,same_topic_wrong_answer,"0.2,3.0,1.0,1.0,1.0,1.0,1.0,1.0,1.0,3.0,1.0,2.5,2.5,1.0,2.0,2.0,1.0"
352,returns_and_refunds,Please help: How can I get a exchange for office chair reference A1234?,The guide spends most of its space comparing mobile app layouts and does not mention the requested product or transaction details.,0.0,different_topic_negative,"0.2,3.0,1.0,1.0,1.0,1.0,1.0,1.0,1.0,1.0,1.0,3.0,1.0,2.5,2.5,1.0,1.0,2.0,1.0"
353,returns_and_refunds,What is the status of my refund for laptop battery?,"The paragraph continues with a warning about delays, but says that the returns note states that laptop battery under reference RMA4002 is eligible for a refund, and the customer must send it back within 14 days.",0.9,full_messy_article_match,"0.2,3.0,1.0,1.0,1.0,1.0,1.0,1.5,1.0,1.0,3.0,1.0,2.5,2.5,1.0"
354,returns_and_refunds,Can I return wireless mouse after after opening?,"A customer article says refunds may take several days, while the actual status of this request is not shown.",0.35,partial_missing_key_fields,"0.2,3.0,1.0,1.0,1.0,1.0,3.0,2.5,2.5,1.0,1.0,1.0,1.0"
355,returns_and_refunds,How can I get a refund for laptop battery reference A1234?,"In a side note under the comparison table, it says that the ordering guide explains how to add items to a cart, not how to return a purchased item.",0.1,same_topic_wrong_answer,"0.2,3.0,1.0,1.0,1.0,1.0,1.0,1.0,1.0,3.0,1.0,2.5,2.5,1.0,1.0,2.0,1.0"
356,returns_and_refunds,Can I return office chair after after opening?,"A short paragraph at the bottom says that support teams may contact customers later, without giving a concrete instruction or value. The same article also includes unrelated marketing text and a link to general support.",0.05,different_topic_negative,"0.2,3.0,1.0,1.0,1.0,1.0,3.0,2.5,2.5,1.0,1.0,1.0,1.0"
357,returns_and_refunds,"How can I get a exchange for wireless mouse reference A1234? I only need the exact answer, not a general explanation.","In a side note under the comparison table, it says that in the refund paragraph, the exchange for wireless mouse is marked rejected, with funds expected after warehouse inspection.",0.9,full_messy_article_match,"0.2,3.0,1.0,1.0,1.0,1.0,1.0,1.0,1.0,3.0,1.0,2.5,2.5,1.0,1.0,2.0,1.0,1.0,1.0,1.0,1.0,1.0,1.0,1.0,1.0,1.0,1.0,1.0,1.0"
358,returns_and_refunds,What is the status of my refund for printer cartridge?,"After several unrelated lines about customer service, the page says: the policy mentions that printer cartridge can sometimes be returned, but it does not say whether reference RET9910 qualifies for a refund.",0.45,partial_missing_key_fields,"0.2,3.0,1.0,1.0,1.0,1.0,1.0,1.5,1.0,1.0,3.0,1.0,2.5,2.5,1.0"
359,returns_and_refunds,How can I get a exchange for wireless mouse reference ORD7788?,"The page does not present it as a direct answer; instead, it states that the ordering guide explains how to add items to a cart, not how to return a purchased item. The same article also includes unrelated marketing text and a link to general support.",0.2,same_topic_wrong_answer,"0.2,3.0,1.0,1.0,1.0,1.0,1.0,1.0,1.0,3.0,1.0,2.5,2.5,1.0,2.0,2.0,1.0"
360,returns_and_refunds,What is the status of my exchange for laptop battery?,"A short paragraph at the bottom says that support teams may contact customers later, without giving a concrete instruction or value. The same article also includes unrelated marketing text and a link to general support.",0.05,different_topic_negative,"0.2,3.0,1.0,1.0,1.0,1.0,1.0,1.5,1.0,1.0,3.0,1.0,2.5,2.5,1.0"
361,returns_and_refunds,Can I return office chair after after opening?,"A note in the middle of the article adds that the returns note states that office chair under reference RMA4002 is eligible for a refund, and the customer must send it back within after opening.",1.0,full_messy_article_match,"0.2,3.0,1.0,1.0,1.0,1.0,3.0,2.5,2.5,1.0,1.0,1.0,1.0"
362,returns_and_refunds,"How can I get a store credit for office chair reference ORD7788? I only need the exact answer, not a general explanation.","A customer article says refunds may take several days, while the actual status of this request is not shown.",0.45,partial_missing_key_fields,"0.2,3.0,1.0,1.0,1.0,1.0,1.0,1.0,1.0,1.0,1.0,1.0,2.5,2.5,1.0,2.0,2.0,1.0,1.0,1.0,1.0,1.0,1.0,1.0,1.0,1.0,1.0,1.0,1.0,1.0"
363,returns_and_refunds,What is the status of my exchange for printer cartridge?,"The paragraph continues with a warning about delays, but says that the tracking page says the parcel reached the sorting center, which does not answer whether a refund is approved. The same article also includes unrelated marketing text and a link to general support.",0.2,same_topic_wrong_answer,"0.2,3.0,1.0,1.0,1.0,1.0,1.0,1.5,1.0,1.0,3.0,1.0,2.5,2.5,1.0"
364,returns_and_refunds,How can I get a store credit for office chair reference ORD7788?,"According to the announcement, users should check the help center for updates, while unrelated billing references were moved to a separate dashboard.",0.0,different_topic_negative,"0.2,3.0,1.0,1.0,1.0,1.0,1.0,1.0,1.0,1.0,1.0,1.0,2.5,2.5,1.0,2.0,2.0,1.0"
365,returns_and_refunds,What is the status of my exchange for printer cartridge?,"In the refund paragraph, the exchange for printer cartridge is marked rejected, with funds expected after warehouse inspection.",1.0,full_messy_article_match,"0.2,3.0,1.0,1.0,1.0,1.0,1.0,1.5,1.0,1.0,3.0,1.0,2.5,2.5,1.0"
366,returns_and_refunds,Can I return printer cartridge after 30 days?,"In a side note under the comparison table, it says that the policy mentions that printer cartridge can sometimes be returned, but it does not say whether reference ORD7788 qualifies for a store credit. The same article also includes unrelated marketing text and a link to general support.",0.35,partial_missing_key_fields,"0.2,3.0,1.0,1.0,1.0,1.0,3.0,2.5,2.5,1.0,2.0,1.0,1.0"
367,returns_and_refunds,"I was checking the site and couldn't find it clearly, how can I get a return for printer cartridge reference A1234?","The page does not present it as a direct answer; instead, it states that the ordering guide explains how to add items to a cart, not how to return a purchased item.",0.25,same_topic_wrong_answer,"0.2,3.0,1.0,1.0,1.0,1.0,1.0,1.0,1.0,1.0,1.0,1.0,1.0,1.0,1.0,1.0,1.0,1.0,1.0,1.0,1.0,3.0,1.0,2.5,2.5,1.0,1.0,2.0,1.0"
368,returns_and_refunds,Can I return laptop battery after last week?,"In a later section, the company notes that account settings can be adjusted from the profile page, although shipment notices may still arrive separately.",0.05,different_topic_negative,"0.2,3.0,1.0,1.0,1.0,1.0,3.0,2.5,2.5,1.0,1.0,1.0,1.0"
369,returns_and_refunds,What is the status of my refund for printer cartridge?,"The returns note states that printer cartridge under reference RET9910 is eligible for a refund, and the customer must send it back within last week.",1.0,full_messy_article_match,"0.2,3.0,1.0,1.0,1.0,1.0,1.0,1.5,1.0,1.0,3.0,1.0,2.5,2.5,1.0"
370,returns_and_refunds,What is the status of my exchange for laptop battery?,"A note in the middle of the article adds that the policy mentions that laptop battery can sometimes be returned, but it does not say whether reference RMA4002 qualifies for a exchange.",0.45,partial_missing_key_fields,"0.2,3.0,1.0,1.0,1.0,1.0,1.0,1.5,1.0,1.0,3.0,1.0,2.5,2.5,1.0"
371,returns_and_refunds,How can I get a exchange for laptop battery reference ORD7788?,"The ordering guide explains how to add items to a cart, not how to return a purchased item.",0.15,same_topic_wrong_answer,"0.2,3.0,1.0,1.0,1.0,1.0,1.0,1.0,1.0,3.0,1.0,2.5,2.5,1.0,2.0,2.0,1.0"
372,returns_and_refunds,"I was checking the site and couldn't find it clearly, what is the status of my exchange for printer cartridge?","The article describes how seasonal demand changes customer waiting times, but it does not provide a direct answer to the requested service detail.",0.05,different_topic_negative,"0.2,3.0,1.0,1.0,1.0,1.0,1.0,1.0,1.0,1.0,1.0,1.0,1.0,1.0,1.0,1.0,1.0,1.0,1.0,1.5,1.0,1.0,3.0,1.0,2.5,2.5,1.0"
373,returns_and_refunds,What is the status of my store credit for laptop battery?,"In a side note under the comparison table, it says that in the refund paragraph, the store credit for laptop battery is marked approved, with funds expected after warehouse inspection.",0.95,full_messy_article_match,"0.2,3.0,1.0,1.0,1.0,1.0,1.0,1.5,1.0,1.0,1.0,1.0,1.0,2.5,2.5,1.0"
374,returns_and_refunds,What is the status of my store credit for office chair?,"A customer article says refunds may take several days, while the actual status of this request is not shown. The same article also includes unrelated marketing text and a link to general support.",0.35,partial_missing_key_fields,"0.2,3.0,1.0,1.0,1.0,1.0,1.0,1.5,1.0,1.0,1.0,1.0,1.0,2.5,2.5,1.0"
375,returns_and_refunds,How can I get a exchange for office chair reference ORD7788?,"The tracking page says the parcel reached the sorting center, which does not answer whether a refund is approved.",0.1,same_topic_wrong_answer,"0.2,3.0,1.0,1.0,1.0,1.0,1.0,1.0,1.0,3.0,1.0,2.5,2.5,1.0,2.0,2.0,1.0"
376,returns_and_refunds,What is the status of my refund for office chair?,The guide spends most of its space comparing mobile app layouts and does not mention the requested product or transaction details.,0.05,different_topic_negative,"0.2,3.0,1.0,1.0,1.0,1.0,1.0,1.5,1.0,1.0,3.0,1.0,2.5,2.5,1.0"
377,returns_and_refunds,"How can I get a store credit for printer cartridge reference RET9910? I only need the exact answer, not a general explanation.","After several unrelated lines about customer service, the page says: in the refund paragraph, the store credit for printer cartridge is marked rejected, with funds expected after warehouse inspection. The same article also includes unrelated marketing text and a link to general support.",0.95,full_messy_article_match,"0.2,3.0,1.0,1.0,1.0,1.0,1.0,1.0,1.0,1.0,1.0,1.0,2.5,2.5,1.0,2.0,2.0,1.0,1.0,1.0,1.0,1.0,1.0,1.0,1.0,1.0,1.0,1.0,1.0,1.0"
378,returns_and_refunds,Can I return printer cartridge after 14 days?,"The page does not present it as a direct answer; instead, it states that a customer article says refunds may take several days, while the actual status of this request is not shown.",0.35,partial_missing_key_fields,"0.2,3.0,1.0,1.0,1.0,1.0,3.0,2.5,2.5,1.0,2.0,1.0,1.0"
379,returns_and_refunds,What is the status of my return for laptop battery?,"In a side note under the comparison table, it says that the tracking page says the parcel reached the sorting center, which does not answer whether a refund is approved.",0.2,same_topic_wrong_answer,"0.2,3.0,1.0,1.0,1.0,1.0,1.0,1.5,1.0,1.0,3.0,1.0,2.5,2.5,1.0"
380,returns_and_refunds,How can I get a store credit for office chair reference A1234?,"According to the announcement, users should check the help center for updates, while unrelated billing references were moved to a separate dashboard. The same article also includes unrelated marketing text and a link to general support.",0.0,different_topic_negative,"0.2,3.0,1.0,1.0,1.0,1.0,1.0,1.0,1.0,1.0,1.0,1.0,2.5,2.5,1.0,1.0,2.0,1.0"
381,returns_and_refunds,How can I get a exchange for wireless mouse reference A1234?,"The paragraph continues with a warning about delays, but says that the returns note states that wireless mouse under reference A1234 is eligible for a exchange, and the customer must send it back within last week.",0.9,full_messy_article_match,"0.2,3.0,1.0,1.0,1.0,1.0,1.0,1.0,1.0,3.0,1.0,2.5,2.5,1.0,1.0,2.0,1.0"
382,returns_and_refunds,"In short, how can I get a refund for printer cartridge reference A1234?","After several unrelated lines about customer service, the page says: the policy mentions that printer cartridge can sometimes be returned, but it does not say whether reference A1234 qualifies for a refund.",0.35,partial_missing_key_fields,"0.2,3.0,1.0,1.0,1.0,1.0,1.0,1.0,1.0,1.0,1.0,1.0,3.0,1.0,2.5,2.5,1.0,1.0,2.0,1.0"
383,returns_and_refunds,How can I get a return for laptop battery reference RMA4002?,"The page does not present it as a direct answer; instead, it states that the tracking page says the parcel reached the sorting center, which does not answer whether a refund is approved. The same article also includes unrelated marketing text and a link to general support.",0.15,same_topic_wrong_answer,"0.2,3.0,1.0,1.0,1.0,1.0,1.0,1.0,1.0,3.0,1.0,2.5,2.5,1.0,2.0,2.0,1.0"
384,returns_and_refunds,What is the status of my refund for office chair?,"A short paragraph at the bottom says that support teams may contact customers later, without giving a concrete instruction or value.",0.05,different_topic_negative,"0.2,3.0,1.0,1.0,1.0,1.0,1.0,1.5,1.0,1.0,3.0,1.0,2.5,2.5,1.0"
385,returns_and_refunds,How can I get a return for wireless mouse reference ORD7788?,"In a side note under the comparison table, it says that in the refund paragraph, the return for wireless mouse is marked rejected, with funds expected after warehouse inspection.",0.9,full_messy_article_match,"0.2,3.0,1.0,1.0,1.0,1.0,1.0,1.0,1.0,3.0,1.0,2.5,2.5,1.0,2.0,2.0,1.0"
386,returns_and_refunds,What is the status of my store credit for laptop battery?,"The paragraph continues with a warning about delays, but says that the policy mentions that laptop battery can sometimes be returned, but it does not say whether reference ORD7788 qualifies for a store credit. The same article also includes unrelated marketing text and a link to general support.",0.35,partial_missing_key_fields,"0.2,3.0,1.0,1.0,1.0,1.0,1.0,1.5,1.0,1.0,1.0,1.0,1.0,2.5,2.5,1.0"
387,returns_and_refunds,Please help: How can I get a refund for printer cartridge reference RMA4002?,"The tracking page says the parcel reached the sorting center, which does not answer whether a refund is approved.",0.25,same_topic_wrong_answer,"0.2,3.0,1.0,1.0,1.0,1.0,1.0,1.0,1.0,1.0,1.0,3.0,1.0,2.5,2.5,1.0,2.0,2.0,1.0"
388,returns_and_refunds,Can I return office chair after 30 days?,"A short paragraph at the bottom says that support teams may contact customers later, without giving a concrete instruction or value. The same article also includes unrelated marketing text and a link to general support.",0.05,different_topic_negative,"0.2,3.0,1.0,1.0,1.0,1.0,3.0,2.5,2.5,1.0,2.0,1.0,1.0"
389,returns_and_refunds,How can I get a return for office chair reference ORD7788?,"In a side note under the comparison table, it says that the returns note states that office chair under reference ORD7788 is eligible for a return, and the customer must send it back within 30 days.",0.9,full_messy_article_match,"0.2,3.0,1.0,1.0,1.0,1.0,1.0,1.0,1.0,3.0,1.0,2.5,2.5,1.0,2.0,2.0,1.0"
390,returns_and_refunds,What is the status of my store credit for wireless mouse?,"A note in the middle of the article adds that a customer article says refunds may take several days, while the actual status of this request is not shown.",0.45,partial_missing_key_fields,"0.2,3.0,1.0,1.0,1.0,1.0,1.0,1.5,1.0,1.0,1.0,1.0,1.0,2.5,2.5,1.0"
391,returns_and_refunds,How can I get a store credit for laptop battery reference A1234?,"A note in the middle of the article adds that the ordering guide explains how to add items to a cart, not how to return a purchased item.",0.2,same_topic_wrong_answer,"0.2,3.0,1.0,1.0,1.0,1.0,1.0,1.0,1.0,1.0,1.0,1.0,2.5,2.5,1.0,1.0,2.0,1.0"
392,returns_and_refunds,"How can I get a exchange for printer cartridge reference RET9910? I only need the exact answer, not a general explanation.","In a later section, the company notes that account settings can be adjusted from the profile page, although shipment notices may still arrive separately. The same article also includes unrelated marketing text and a link to general support.",0.05,different_topic_negative,"0.2,3.0,1.0,1.0,1.0,1.0,1.0,1.0,1.0,3.0,1.0,2.5,2.5,1.0,2.0,2.0,1.0,1.0,1.0,1.0,1.0,1.0,1.0,1.0,1.0,1.0,1.0,1.0,1.0"
393,returns_and_refunds,How can I get a refund for wireless mouse reference A1234?,"The returns note states that wireless mouse under reference A1234 is eligible for a refund, and the customer must send it back within 30 days. The same article also includes unrelated marketing text and a link to general support.",0.9,full_messy_article_match,"0.2,3.0,1.0,1.0,1.0,1.0,1.0,1.0,1.0,3.0,1.0,2.5,2.5,1.0,1.0,2.0,1.0"
394,returns_and_refunds,How can I get a store credit for printer cartridge reference RMA4002?,"A note in the middle of the article adds that a customer article says refunds may take several days, while the actual status of this request is not shown. The same article also includes unrelated marketing text and a link to general support.",0.55,partial_missing_key_fields,"0.2,3.0,1.0,1.0,1.0,1.0,1.0,1.0,1.0,1.0,1.0,1.0,2.5,2.5,1.0,2.0,2.0,1.0"
395,returns_and_refunds,Can I return printer cartridge after 30 days?,"The tracking page says the parcel reached the sorting center, which does not answer whether a refund is approved. The same article also includes unrelated marketing text and a link to general support.",0.2,same_topic_wrong_answer,"0.2,3.0,1.0,1.0,1.0,1.0,3.0,2.5,2.5,1.0,2.0,1.0,1.0"
396,returns_and_refunds,Can I return printer cartridge after after opening?,The guide spends most of its space comparing mobile app layouts and does not mention the requested product or transaction details. The same article also includes unrelated marketing text and a link to general support.,0.0,different_topic_negative,"0.2,3.0,1.0,1.0,1.0,1.0,3.0,2.5,2.5,1.0,1.0,1.0,1.0"
397,returns_and_refunds,"I was checking the site and couldn't find it clearly, how can I get a return for wireless mouse reference RET9910?","The returns note states that wireless mouse under reference RET9910 is eligible for a return, and the customer must send it back within 30 days. The same article also includes unrelated marketing text and a link to general support.",1.0,full_messy_article_match,"0.2,3.0,1.0,1.0,1.0,1.0,1.0,1.0,1.0,1.0,1.0,1.0,1.0,1.0,1.0,1.0,1.0,1.0,1.0,1.0,1.0,3.0,1.0,2.5,2.5,1.0,2.0,2.0,1.0"
398,returns_and_refunds,What is the status of my store credit for laptop battery?,"A note in the middle of the article adds that the policy mentions that laptop battery can sometimes be returned, but it does not say whether reference RMA4002 qualifies for a store credit.",0.55,partial_missing_key_fields,"0.2,3.0,1.0,1.0,1.0,1.0,1.0,1.5,1.0,1.0,1.0,1.0,1.0,2.5,2.5,1.0"
399,returns_and_refunds,How can I get a refund for laptop battery reference RMA4002?,"The ordering guide explains how to add items to a cart, not how to return a purchased item. The same article also includes unrelated marketing text and a link to general support.",0.25,same_topic_wrong_answer,"0.2,3.0,1.0,1.0,1.0,1.0,1.0,1.0,1.0,3.0,1.0,2.5,2.5,1.0,2.0,2.0,1.0"
400,returns_and_refunds,What is the status of my refund for wireless mouse?,"In a later section, the company notes that account settings can be adjusted from the profile page, although shipment notices may still arrive separately.",0.0,different_topic_negative,"0.2,3.0,1.0,1.0,1.0,1.0,1.0,1.5,1.0,1.0,3.0,1.0,2.5,2.5,1.0"
401,account_access,Can I log in without access to registered email?,A note in the middle of the article adds that the account help page says users can reset their customer account for account registered email by verifying the email link and then setting a new password.,1.0,full_messy_article_match,"0.2,3.0,1.0,1.0,1.0,1.0,3.0,3.0,1.0,3.0,1.0,2.0,2.0,1.0"
402,account_access,"I was checking the site and couldn't find it clearly, how can I unlock my password for account user@example.com?","After several unrelated lines about customer service, the page says: a paragraph says email access is sometimes required, although it gives no alternative for users without company email.",0.55,partial_missing_key_fields,"0.2,3.0,1.0,1.0,1.0,1.0,1.0,1.0,1.0,1.0,1.0,1.0,1.0,1.0,1.0,1.0,1.0,1.0,1.0,3.0,1.0,2.5,1.0,2.5,2.0,1.0,1.0,1.0,1.0"
403,account_access,How can I verify my admin dashboard for account client ID 7788?,"The page does not present it as a direct answer; instead, it states that the billing article explains invoice downloads, but it does not help with login or account access. The same article also includes unrelated marketing text and a link to general support.",0.1,same_topic_wrong_answer,"0.2,3.0,1.0,1.0,1.0,1.0,1.0,3.0,1.0,2.5,2.5,1.0,2.5,2.0,2.0,2.0,1.0"
404,account_access,How can I verify my profile for account client ID 7788?,"In a later section, the company notes that account settings can be adjusted from the profile page, although shipment notices may still arrive separately.",0.0,different_topic_negative,"0.2,3.0,1.0,1.0,1.0,1.0,1.0,3.0,1.0,2.5,1.0,2.5,2.0,2.0,2.0,1.0"
405,account_access,I cannot access profile because it says email not found; what should I do?,"After several unrelated lines about customer service, the page says: for the error message 'email not found', the login article instructs users to clear the browser cache and request a new verification code.",0.95,full_messy_article_match,"0.2,3.0,1.0,1.0,1.0,1.0,3.0,2.5,1.0,1.0,1.0,2.5,2.5,2.5,1.0,1.0,1.0,1.0,1.0"
406,account_access,I cannot access admin dashboard because it says account locked; what should I do?,"The guide notes that login problems may require verification, but it does not mention account registered email or the exact account locked message.",0.45,partial_missing_key_fields,"0.2,3.0,1.0,1.0,1.0,1.0,3.0,2.5,2.5,1.0,1.0,1.0,2.5,2.5,1.0,1.0,1.0,1.0,1.0"
407,account_access,"I was checking the site and couldn't find it clearly, can I log in without access to registered email?","After several unrelated lines about customer service, the page says: a shipping notice says parcels may arrive late during holidays, unrelated to account recovery.",0.15,same_topic_wrong_answer,"0.2,3.0,1.0,1.0,1.0,1.0,1.0,1.0,1.0,1.0,1.0,1.0,1.0,1.0,1.0,1.0,1.0,1.0,3.0,3.0,1.0,3.0,1.0,2.0,2.0,1.0"
408,account_access,How can I reset my customer account for account account A123?,"In a later section, the company notes that account settings can be adjusted from the profile page, although shipment notices may still arrive separately.",0.05,different_topic_negative,"0.2,3.0,1.0,1.0,1.0,1.0,1.0,3.0,1.0,2.5,2.5,1.0,2.5,2.5,1.0,2.0,1.0"
409,account_access,I cannot access admin dashboard because it says invalid code; what should I do?,A note in the middle of the article adds that the account help page says users can verify their admin dashboard for account account A123 by verifying the email link and then setting a new password.,0.9,full_messy_article_match,"0.2,3.0,1.0,1.0,1.0,1.0,3.0,2.5,2.5,1.0,1.0,1.0,1.0,1.0,1.0,1.0,1.0,1.0,1.0"
410,account_access,How can I recover my profile for account user@example.com?,"A paragraph says email access is sometimes required, although it gives no alternative for users without company email.",0.35,partial_missing_key_fields,"0.2,3.0,1.0,1.0,1.0,1.0,1.0,1.0,1.0,2.5,1.0,2.5,2.0,1.0,1.0,1.0,1.0"
411,account_access,Can I log in without access to registered email?,"After several unrelated lines about customer service, the page says: the billing article explains invoice downloads, but it does not help with login or account access.",0.2,same_topic_wrong_answer,"0.2,3.0,1.0,1.0,1.0,1.0,3.0,3.0,1.0,3.0,1.0,2.0,2.0,1.0"
412,account_access,Please help: Can I log in without access to registered email?,"A short paragraph at the bottom says that support teams may contact customers later, without giving a concrete instruction or value.",0.0,different_topic_negative,"0.2,3.0,1.0,1.0,1.0,1.0,1.0,1.0,3.0,3.0,1.0,3.0,1.0,2.0,2.0,1.0"
413,account_access,How can I reset my password for account registered email?,A note in the middle of the article adds that the account help page says users can reset their password for account registered email by verifying the email link and then setting a new password.,1.0,full_messy_article_match,"0.2,3.0,1.0,1.0,1.0,1.0,1.0,3.0,1.0,2.5,1.0,2.5,2.0,2.0,1.0"
414,account_access,How can I reset my profile for account account A123?,"In a side note under the comparison table, it says that a paragraph says email access is sometimes required, although it gives no alternative for users without old mailbox.",0.55,partial_missing_key_fields,"0.2,3.0,1.0,1.0,1.0,1.0,1.0,3.0,1.0,2.5,1.0,2.5,2.5,1.0,2.0,1.0"
415,account_access,How can I verify my password for account registered email?,"The paragraph continues with a warning about delays, but says that the billing article explains invoice downloads, but it does not help with login or account access. The same article also includes unrelated marketing text and a link to general support.",0.2,same_topic_wrong_answer,"0.2,3.0,1.0,1.0,1.0,1.0,1.0,3.0,1.0,2.5,1.0,2.5,2.0,2.0,1.0"
416,account_access,How can I unlock my admin dashboard for account account A123?,"In a later section, the company notes that account settings can be adjusted from the profile page, although shipment notices may still arrive separately.",0.0,different_topic_negative,"0.2,3.0,1.0,1.0,1.0,1.0,1.0,3.0,1.0,2.5,2.5,1.0,2.5,2.5,1.0,2.0,1.0"
417,account_access,"I was checking the site and couldn't find it clearly, i cannot access admin dashboard because it says account locked; what should I do?",A note in the middle of the article adds that the account help page says users can unlock their admin dashboard for account client ID 7788 by verifying the email link and then setting a new password.,1.0,full_messy_article_match,"0.2,3.0,1.0,1.0,1.0,1.0,1.0,1.0,1.0,1.0,1.0,1.0,1.0,1.0,1.0,1.0,1.0,1.0,3.0,2.5,2.5,1.0,1.0,1.0,2.5,2.5,1.0,1.0,1.0,1.0,1.0"
418,account_access,How can I reset my password for account account A123?,"The paragraph continues with a warning about delays, but says that a paragraph says email access is sometimes required, although it gives no alternative for users without registered email. The same article also includes unrelated marketing text and a link to general support.",0.35,partial_missing_key_fields,"0.2,3.0,1.0,1.0,1.0,1.0,1.0,3.0,1.0,2.5,1.0,2.5,2.5,1.0,2.0,1.0"
419,account_access,How can I unlock my admin dashboard for account account A123?,"In a side note under the comparison table, it says that the billing article explains invoice downloads, but it does not help with login or account access.",0.25,same_topic_wrong_answer,"0.2,3.0,1.0,1.0,1.0,1.0,1.0,3.0,1.0,2.5,2.5,1.0,2.5,2.5,1.0,2.0,1.0"
420,account_access,How can I recover my customer account for account client ID 7788?,The guide spends most of its space comparing mobile app layouts and does not mention the requested product or transaction details. The same article also includes unrelated marketing text and a link to general support.,0.0,different_topic_negative,"0.2,3.0,1.0,1.0,1.0,1.0,1.0,1.0,1.0,2.5,2.5,1.0,2.5,2.0,2.0,2.0,1.0"
421,account_access,I cannot access password because it says account locked; what should I do?,"In a side note under the comparison table, it says that the account help page says users can reset their password for account registered email by verifying the email link and then setting a new password. The same article also includes unrelated marketing text and a link to general support.",0.95,full_messy_article_match,"0.2,3.0,1.0,1.0,1.0,1.0,3.0,2.5,1.0,1.0,1.0,2.5,2.5,1.0,1.0,1.0,1.0,1.0"
422,account_access,"I cannot access password because it says too many attempts; what should I do? I only need the exact answer, not a general explanation.","A note in the middle of the article adds that the guide notes that login problems may require verification, but it does not mention account registered email or the exact too many attempts message. The same article also includes unrelated marketing text and a link to general support.",0.55,partial_missing_key_fields,"0.2,3.0,1.0,1.0,1.0,1.0,3.0,2.5,1.0,1.0,1.0,1.0,1.0,1.0,1.0,1.0,1.0,1.0,1.0,1.0,1.0,1.0,1.0,1.0,1.0,1.0,1.0,1.0,1.0,1.0,1.0"
423,account_access,I cannot access admin dashboard because it says account locked; what should I do?,"The paragraph continues with a warning about delays, but says that the billing article explains invoice downloads, but it does not help with login or account access.",0.2,same_topic_wrong_answer,"0.2,3.0,1.0,1.0,1.0,1.0,3.0,2.5,2.5,1.0,1.0,1.0,2.5,2.5,1.0,1.0,1.0,1.0,1.0"
424,account_access,How can I verify my password for account user@example.com?,"A short paragraph at the bottom says that support teams may contact customers later, without giving a concrete instruction or value. The same article also includes unrelated marketing text and a link to general support.",0.05,different_topic_negative,"0.2,3.0,1.0,1.0,1.0,1.0,1.0,3.0,1.0,2.5,1.0,2.5,2.0,1.0,1.0,1.0,1.0"
425,account_access,I cannot access password because it says email not found; what should I do?,"For the error message 'email not found', the login article instructs users to clear the browser cache and request a new verification code. The same article also includes unrelated marketing text and a link to general support.",0.95,full_messy_article_match,"0.2,3.0,1.0,1.0,1.0,1.0,3.0,2.5,1.0,1.0,1.0,2.5,2.5,2.5,1.0,1.0,1.0,1.0,1.0"
426,account_access,How can I unlock my password for account client ID 7788?,"In a side note under the comparison table, it says that the guide notes that login problems may require verification, but it does not mention account client ID 7788 or the exact email not found message.",0.55,partial_missing_key_fields,"0.2,3.0,1.0,1.0,1.0,1.0,1.0,3.0,1.0,2.5,1.0,2.5,2.0,2.0,2.0,1.0"
427,account_access,"Can I log in without access to company email? I only need the exact answer, not a general explanation.","The paragraph continues with a warning about delays, but says that a shipping notice says parcels may arrive late during holidays, unrelated to account recovery.",0.2,same_topic_wrong_answer,"0.2,3.0,1.0,1.0,1.0,1.0,3.0,3.0,1.0,3.0,1.0,1.0,2.0,1.0,1.0,1.0,1.0,1.0,1.0,1.0,1.0,1.0,1.0,1.0,1.0,1.0"
428,account_access,Can I log in without access to old mailbox?,"The article describes how seasonal demand changes customer waiting times, but it does not provide a direct answer to the requested service detail. The same article also includes unrelated marketing text and a link to general support.",0.05,different_topic_negative,"0.2,3.0,1.0,1.0,1.0,1.0,3.0,3.0,1.0,3.0,1.0,1.0,1.0,1.0"
429,account_access,I cannot access profile because it says email not found; what should I do?,The account help page says users can reset their profile for account client ID 7788 by verifying the email link and then setting a new password. The same article also includes unrelated marketing text and a link to general support.,0.95,full_messy_article_match,"0.2,3.0,1.0,1.0,1.0,1.0,3.0,2.5,1.0,1.0,1.0,2.5,2.5,2.5,1.0,1.0,1.0,1.0,1.0"
430,account_access,How can I recover my password for account registered email?,"A paragraph says email access is sometimes required, although it gives no alternative for users without registered email. The same article also includes unrelated marketing text and a link to general support.",0.45,partial_missing_key_fields,"0.2,3.0,1.0,1.0,1.0,1.0,1.0,1.0,1.0,2.5,1.0,2.5,2.0,2.0,1.0"
431,account_access,How can I unlock my profile for account client ID 7788?,"In a side note under the comparison table, it says that a shipping notice says parcels may arrive late during holidays, unrelated to account recovery. The same article also includes unrelated marketing text and a link to general support.",0.15,same_topic_wrong_answer,"0.2,3.0,1.0,1.0,1.0,1.0,1.0,3.0,1.0,2.5,1.0,2.5,2.0,2.0,2.0,1.0"
432,account_access,"I was checking the site and couldn't find it clearly, can I log in without access to old mailbox?","A short paragraph at the bottom says that support teams may contact customers later, without giving a concrete instruction or value.",0.0,different_topic_negative,"0.2,3.0,1.0,1.0,1.0,1.0,1.0,1.0,1.0,1.0,1.0,1.0,1.0,1.0,1.0,1.0,1.0,1.0,3.0,3.0,1.0,3.0,1.0,1.0,1.0,1.0"
433,account_access,Can I log in without access to company email?,"The page does not present it as a direct answer; instead, it states that for the error message 'email not found', the login article instructs users to clear the browser cache and request a new verification code.",1.0,full_messy_article_match,"0.2,3.0,1.0,1.0,1.0,1.0,3.0,3.0,1.0,3.0,1.0,1.0,2.0,1.0"
434,account_access,How can I unlock my customer account for account user@example.com?,"The guide notes that login problems may require verification, but it does not mention account user@example.com or the exact too many attempts message. The same article also includes unrelated marketing text and a link to general support.",0.45,partial_missing_key_fields,"0.2,3.0,1.0,1.0,1.0,1.0,1.0,3.0,1.0,2.5,2.5,1.0,2.5,2.0,1.0,1.0,1.0,1.0"
435,account_access,How can I reset my customer account for account client ID 7788?,"A shipping notice says parcels may arrive late during holidays, unrelated to account recovery. The same article also includes unrelated marketing text and a link to general support.",0.2,same_topic_wrong_answer,"0.2,3.0,1.0,1.0,1.0,1.0,1.0,3.0,1.0,2.5,2.5,1.0,2.5,2.0,2.0,2.0,1.0"
436,account_access,I cannot access admin dashboard because it says invalid code; what should I do?,"In a later section, the company notes that account settings can be adjusted from the profile page, although shipment notices may still arrive separately.",0.05,different_topic_negative,"0.2,3.0,1.0,1.0,1.0,1.0,3.0,2.5,2.5,1.0,1.0,1.0,1.0,1.0,1.0,1.0,1.0,1.0,1.0"
437,account_access,"In short, how can I reset my admin dashboard for account client ID 7788?","For the error message 'too many attempts', the login article instructs users to clear the browser cache and request a new verification code.",0.9,full_messy_article_match,"0.2,3.0,1.0,1.0,3.0,1.0,1.0,1.0,1.0,1.0,3.0,1.0,2.5,2.5,1.0,2.5,2.0,2.0,2.0,1.0"
438,account_access,Can I log in without access to old mailbox?,"The page does not present it as a direct answer; instead, it states that the guide notes that login problems may require verification, but it does not mention account client ID 7788 or the exact email not found message.",0.35,partial_missing_key_fields,"0.2,3.0,1.0,1.0,1.0,1.0,3.0,3.0,1.0,3.0,1.0,1.0,1.0,1.0"
439,account_access,I cannot access customer account because it says account locked; what should I do?,"A shipping notice says parcels may arrive late during holidays, unrelated to account recovery. The same article also includes unrelated marketing text and a link to general support.",0.25,same_topic_wrong_answer,"0.2,3.0,1.0,1.0,1.0,1.0,3.0,2.5,2.5,1.0,1.0,1.0,2.5,2.5,1.0,1.0,1.0,1.0,1.0"
440,account_access,How can I reset my profile for account client ID 7788?,The guide spends most of its space comparing mobile app layouts and does not mention the requested product or transaction details.,0.0,different_topic_negative,"0.2,3.0,1.0,1.0,1.0,1.0,1.0,3.0,1.0,2.5,1.0,2.5,2.0,2.0,2.0,1.0"
441,account_access,How can I verify my admin dashboard for account client ID 7788?,"The paragraph continues with a warning about delays, but says that for the error message 'invalid code', the login article instructs users to clear the browser cache and request a new verification code.",1.0,full_messy_article_match,"0.2,3.0,1.0,1.0,1.0,1.0,1.0,3.0,1.0,2.5,2.5,1.0,2.5,2.0,2.0,2.0,1.0"
442,account_access,"I cannot access admin dashboard because it says too many attempts; what should I do? I only need the exact answer, not a general explanation.","After several unrelated lines about customer service, the page says: the guide notes that login problems may require verification, but it does not mention account registered email or the exact too many attempts message. The same article also includes unrelated marketing text and a link to general support.",0.35,partial_missing_key_fields,"0.2,3.0,1.0,1.0,1.0,1.0,3.0,2.5,2.5,1.0,1.0,1.0,1.0,1.0,1.0,1.0,1.0,1.0,1.0,1.0,1.0,1.0,1.0,1.0,1.0,1.0,1.0,1.0,1.0,1.0,1.0,1.0"
443,account_access,I cannot access profile because it says invalid code; what should I do?,"A shipping notice says parcels may arrive late during holidays, unrelated to account recovery.",0.15,same_topic_wrong_answer,"0.2,3.0,1.0,1.0,1.0,1.0,3.0,2.5,1.0,1.0,1.0,1.0,1.0,1.0,1.0,1.0,1.0,1.0"
444,account_access,Can I log in without access to registered email?,"In a later section, the company notes that account settings can be adjusted from the profile page, although shipment notices may still arrive separately.",0.0,different_topic_negative,"0.2,3.0,1.0,1.0,1.0,1.0,3.0,3.0,1.0,3.0,1.0,2.0,2.0,1.0"
445,account_access,Can I log in without access to company email?,"The page does not present it as a direct answer; instead, it states that the account help page says users can verify their admin dashboard for account user@example.com by verifying the email link and then setting a new password.",1.0,full_messy_article_match,"0.2,3.0,1.0,1.0,1.0,1.0,3.0,3.0,1.0,3.0,1.0,1.0,2.0,1.0"
446,account_access,Can I log in without access to registered email?,"A paragraph says email access is sometimes required, although it gives no alternative for users without registered email.",0.35,partial_missing_key_fields,"0.2,3.0,1.0,1.0,1.0,1.0,3.0,3.0,1.0,3.0,1.0,2.0,2.0,1.0"
447,account_access,Please help: Can I log in without access to company email?,"A note in the middle of the article adds that the billing article explains invoice downloads, but it does not help with login or account access.",0.25,same_topic_wrong_answer,"0.2,3.0,1.0,1.0,1.0,1.0,1.0,1.0,3.0,3.0,1.0,3.0,1.0,1.0,2.0,1.0"
448,account_access,I cannot access password because it says account locked; what should I do?,"The article describes how seasonal demand changes customer waiting times, but it does not provide a direct answer to the requested service detail. The same article also includes unrelated marketing text and a link to general support.",0.0,different_topic_negative,"0.2,3.0,1.0,1.0,1.0,1.0,3.0,2.5,1.0,1.0,1.0,2.5,2.5,1.0,1.0,1.0,1.0,1.0"
449,account_access,I cannot access password because it says too many attempts; what should I do?,"After several unrelated lines about customer service, the page says: the account help page says users can reset their password for account client ID 7788 by verifying the email link and then setting a new password. The same article also includes unrelated marketing text and a link to general support.",0.9,full_messy_article_match,"0.2,3.0,1.0,1.0,1.0,1.0,3.0,2.5,1.0,1.0,1.0,1.0,1.0,1.0,1.0,1.0,1.0,1.0,1.0"
450,account_access,I cannot access admin dashboard because it says invalid code; what should I do?,"A note in the middle of the article adds that the guide notes that login problems may require verification, but it does not mention account account A123 or the exact invalid code message.",0.35,partial_missing_key_fields,"0.2,3.0,1.0,1.0,1.0,1.0,3.0,2.5,2.5,1.0,1.0,1.0,1.0,1.0,1.0,1.0,1.0,1.0,1.0"
451,account_access,How can I unlock my customer account for account account A123?,"The page does not present it as a direct answer; instead, it states that the billing article explains invoice downloads, but it does not help with login or account access.",0.2,same_topic_wrong_answer,"0.2,3.0,1.0,1.0,1.0,1.0,1.0,3.0,1.0,2.5,2.5,1.0,2.5,2.5,1.0,2.0,1.0"
452,account_access,Please help: How can I verify my profile for account account A123?,"In a later section, the company notes that account settings can be adjusted from the profile page, although shipment notices may still arrive separately.",0.0,different_topic_negative,"0.2,3.0,1.0,1.0,1.0,1.0,1.0,1.0,1.0,3.0,1.0,2.5,1.0,2.5,2.5,1.0,2.0,1.0"
453,account_access,I cannot access customer account because it says too many attempts; what should I do?,"In a side note under the comparison table, it says that the account help page says users can reset their customer account for account client ID 7788 by verifying the email link and then setting a new password.",1.0,full_messy_article_match,"0.2,3.0,1.0,1.0,1.0,1.0,3.0,2.5,2.5,1.0,1.0,1.0,1.0,1.0,1.0,1.0,1.0,1.0,1.0,1.0"
454,account_access,How can I reset my customer account for account client ID 7788?,"The page does not present it as a direct answer; instead, it states that a paragraph says email access is sometimes required, although it gives no alternative for users without registered email.",0.35,partial_missing_key_fields,"0.2,3.0,1.0,1.0,1.0,1.0,1.0,3.0,1.0,2.5,2.5,1.0,2.5,2.0,2.0,2.0,1.0"
455,account_access,How can I reset my password for account client ID 7788?,"In a side note under the comparison table, it says that a shipping notice says parcels may arrive late during holidays, unrelated to account recovery.",0.2,same_topic_wrong_answer,"0.2,3.0,1.0,1.0,1.0,1.0,1.0,3.0,1.0,2.5,1.0,2.5,2.0,2.0,2.0,1.0"
456,account_access,How can I recover my admin dashboard for account account A123?,"The article describes how seasonal demand changes customer waiting times, but it does not provide a direct answer to the requested service detail.",0.05,different_topic_negative,"0.2,3.0,1.0,1.0,1.0,1.0,1.0,1.0,1.0,2.5,2.5,1.0,2.5,2.5,1.0,2.0,1.0"
457,account_access,Please help: How can I unlock my profile for account account A123?,"After several unrelated lines about customer service, the page says: the account help page says users can unlock their profile for account account A123 by verifying the email link and then setting a new password.",1.0,full_messy_article_match,"0.2,3.0,1.0,1.0,1.0,1.0,1.0,1.0,1.0,3.0,1.0,2.5,1.0,2.5,2.5,1.0,2.0,1.0"
458,account_access,I cannot access customer account because it says account locked; what should I do?,"The guide notes that login problems may require verification, but it does not mention account registered email or the exact account locked message.",0.45,partial_missing_key_fields,"0.2,3.0,1.0,1.0,1.0,1.0,3.0,2.5,2.5,1.0,1.0,1.0,2.5,2.5,1.0,1.0,1.0,1.0,1.0"
459,account_access,Can I log in without access to registered email?,"A note in the middle of the article adds that a shipping notice says parcels may arrive late during holidays, unrelated to account recovery. The same article also includes unrelated marketing text and a link to general support.",0.2,same_topic_wrong_answer,"0.2,3.0,1.0,1.0,1.0,1.0,3.0,3.0,1.0,3.0,1.0,2.0,2.0,1.0"
460,account_access,Can I log in without access to company email?,"According to the announcement, users should check the help center for updates, while unrelated billing references were moved to a separate dashboard.",0.05,different_topic_negative,"0.2,3.0,1.0,1.0,1.0,1.0,3.0,3.0,1.0,3.0,1.0,1.0,2.0,1.0"
461,account_access,How can I reset my password for account registered email?,The account help page says users can reset their password for account registered email by verifying the email link and then setting a new password.,0.9,full_messy_article_match,"0.2,3.0,1.0,1.0,1.0,1.0,1.0,3.0,1.0,2.5,1.0,2.5,2.0,2.0,1.0"
462,account_access,"I was checking the site and couldn't find it clearly, i cannot access password because it says invalid code; what should I do?","A note in the middle of the article adds that a paragraph says email access is sometimes required, although it gives no alternative for users without company email. The same article also includes unrelated marketing text and a link to general support.",0.35,partial_missing_key_fields,"0.2,3.0,1.0,1.0,1.0,1.0,1.0,1.0,1.0,1.0,1.0,1.0,1.0,1.0,1.0,1.0,1.0,1.0,3.0,2.5,1.0,1.0,1.0,1.0,1.0,1.0,1.0,1.0,1.0,1.0"
463,account_access,Can I log in without access to old mailbox?,"After several unrelated lines about customer service, the page says: the billing article explains invoice downloads, but it does not help with login or account access. The same article also includes unrelated marketing text and a link to general support.",0.1,same_topic_wrong_answer,"0.2,3.0,1.0,1.0,1.0,1.0,3.0,3.0,1.0,3.0,1.0,1.0,1.0,1.0"
464,account_access,Can I log in without access to old mailbox?,"According to the announcement, users should check the help center for updates, while unrelated billing references were moved to a separate dashboard.",0.0,different_topic_negative,"0.2,3.0,1.0,1.0,1.0,1.0,3.0,3.0,1.0,3.0,1.0,1.0,1.0,1.0"
465,account_access,I cannot access password because it says too many attempts; what should I do?,The account help page says users can verify their password for account user@example.com by verifying the email link and then setting a new password.,0.95,full_messy_article_match,"0.2,3.0,1.0,1.0,1.0,1.0,3.0,2.5,1.0,1.0,1.0,1.0,1.0,1.0,1.0,1.0,1.0,1.0,1.0"
466,account_access,Can I log in without access to company email?,"The guide notes that login problems may require verification, but it does not mention account client ID 7788 or the exact account locked message.",0.35,partial_missing_key_fields,"0.2,3.0,1.0,1.0,1.0,1.0,3.0,3.0,1.0,3.0,1.0,1.0,2.0,1.0"
467,account_access,"Can I log in without access to old mailbox? I only need the exact answer, not a general explanation.","After several unrelated lines about customer service, the page says: a shipping notice says parcels may arrive late during holidays, unrelated to account recovery.",0.1,same_topic_wrong_answer,"0.2,3.0,1.0,1.0,1.0,1.0,3.0,3.0,1.0,3.0,1.0,1.0,1.0,1.0,1.0,1.0,1.0,1.0,1.0,1.0,1.0,1.0,1.0,1.0,1.0,1.0"
468,account_access,How can I reset my password for account client ID 7788?,"According to the announcement, users should check the help center for updates, while unrelated billing references were moved to a separate dashboard.",0.0,different_topic_negative,"0.2,3.0,1.0,1.0,1.0,1.0,1.0,3.0,1.0,2.5,1.0,2.5,2.0,2.0,2.0,1.0"
469,account_access,I cannot access customer account because it says email not found; what should I do?,"In a side note under the comparison table, it says that for the error message 'email not found', the login article instructs users to clear the browser cache and request a new verification code.",1.0,full_messy_article_match,"0.2,3.0,1.0,1.0,1.0,1.0,3.0,2.5,2.5,1.0,1.0,1.0,2.5,2.5,2.5,1.0,1.0,1.0,1.0,1.0"
470,account_access,Can I log in without access to company email?,"The guide notes that login problems may require verification, but it does not mention account registered email or the exact account locked message.",0.55,partial_missing_key_fields,"0.2,3.0,1.0,1.0,1.0,1.0,3.0,3.0,1.0,3.0,1.0,1.0,2.0,1.0"
471,account_access,I cannot access admin dashboard because it says too many attempts; what should I do?,"After several unrelated lines about customer service, the page says: the billing article explains invoice downloads, but it does not help with login or account access.",0.25,same_topic_wrong_answer,"0.2,3.0,1.0,1.0,1.0,1.0,3.0,2.5,2.5,1.0,1.0,1.0,1.0,1.0,1.0,1.0,1.0,1.0,1.0,1.0"
472,account_access,"In short, can I log in without access to registered email?","According to the announcement, users should check the help center for updates, while unrelated billing references were moved to a separate dashboard.",0.05,different_topic_negative,"0.2,3.0,1.0,1.0,3.0,1.0,1.0,1.0,1.0,3.0,3.0,1.0,3.0,1.0,2.0,2.0,1.0"
473,account_access,How can I recover my admin dashboard for account account A123?,A note in the middle of the article adds that the account help page says users can recover their admin dashboard for account account A123 by verifying the email link and then setting a new password.,1.0,full_messy_article_match,"0.2,3.0,1.0,1.0,1.0,1.0,1.0,1.0,1.0,2.5,2.5,1.0,2.5,2.5,1.0,2.0,1.0"
474,account_access,I cannot access admin dashboard because it says invalid code; what should I do?,"In a side note under the comparison table, it says that the guide notes that login problems may require verification, but it does not mention account user@example.com or the exact invalid code message.",0.45,partial_missing_key_fields,"0.2,3.0,1.0,1.0,1.0,1.0,3.0,2.5,2.5,1.0,1.0,1.0,1.0,1.0,1.0,1.0,1.0,1.0,1.0"
475,account_access,I cannot access profile because it says too many attempts; what should I do?,"After several unrelated lines about customer service, the page says: a shipping notice says parcels may arrive late during holidays, unrelated to account recovery.",0.15,same_topic_wrong_answer,"0.2,3.0,1.0,1.0,1.0,1.0,3.0,2.5,1.0,1.0,1.0,1.0,1.0,1.0,1.0,1.0,1.0,1.0,1.0"
476,account_access,How can I reset my password for account registered email?,"The article describes how seasonal demand changes customer waiting times, but it does not provide a direct answer to the requested service detail. The same article also includes unrelated marketing text and a link to general support.",0.05,different_topic_negative,"0.2,3.0,1.0,1.0,1.0,1.0,1.0,3.0,1.0,2.5,1.0,2.5,2.0,2.0,1.0"
477,account_access,"How can I unlock my password for account user@example.com? I only need the exact answer, not a general explanation.","For the error message 'too many attempts', the login article instructs users to clear the browser cache and request a new verification code. The same article also includes unrelated marketing text and a link to general support.",0.95,full_messy_article_match,"0.2,3.0,1.0,1.0,1.0,1.0,1.0,3.0,1.0,2.5,1.0,2.5,2.0,1.0,1.0,1.0,1.0,1.0,1.0,1.0,1.0,1.0,1.0,1.0,1.0,1.0,1.0,1.0,1.0"
478,account_access,How can I unlock my password for account client ID 7788?,"A paragraph says email access is sometimes required, although it gives no alternative for users without company email.",0.45,partial_missing_key_fields,"0.2,3.0,1.0,1.0,1.0,1.0,1.0,3.0,1.0,2.5,1.0,2.5,2.0,2.0,2.0,1.0"
479,account_access,I cannot access profile because it says account locked; what should I do?,"A shipping notice says parcels may arrive late during holidays, unrelated to account recovery.",0.2,same_topic_wrong_answer,"0.2,3.0,1.0,1.0,1.0,1.0,3.0,2.5,1.0,1.0,1.0,2.5,2.5,1.0,1.0,1.0,1.0,1.0"
480,account_access,Can I log in without access to company email?,"The article describes how seasonal demand changes customer waiting times, but it does not provide a direct answer to the requested service detail. The same article also includes unrelated marketing text and a link to general support.",0.0,different_topic_negative,"0.2,3.0,1.0,1.0,1.0,1.0,3.0,3.0,1.0,3.0,1.0,1.0,2.0,1.0"
481,billing_and_payment,How do I change the payment method to credit card?,"The billing record for reference PAY7788 shows $240 charged to credit card for shipping fee, including tax and service fees.",0.9,full_messy_article_match,"0.2,3.0,1.0,1.0,1.0,1.0,1.0,1.0,1.0,3.0,3.0,1.0,2.0,2.5,1.0"
482,billing_and_payment,"Why was I charged $89 for repair service with PayPal? I only need the exact answer, not a general explanation.","A note explains where invoices are downloaded, without confirming the requested target or payment method.",0.35,partial_missing_key_fields,"0.2,3.0,1.0,1.0,1.0,1.0,1.0,3.0,2.5,1.0,2.5,2.5,1.0,2.0,1.0,1.0,1.0,1.0,1.0,1.0,1.0,1.0,1.0,1.0,1.0,1.0,1.0"
483,billing_and_payment,Why was I charged $240 for flight ticket with PayPal?,"A note in the middle of the article adds that the product specification page lists model dimensions and battery capacity, not invoice or payment details.",0.2,same_topic_wrong_answer,"0.2,3.0,1.0,1.0,1.0,1.0,1.0,3.0,2.5,1.0,2.5,2.5,1.0,2.0,1.0"
484,billing_and_payment,Why was I charged $89 for flight ticket with PayPal?,"A short paragraph at the bottom says that support teams may contact customers later, without giving a concrete instruction or value. The same article also includes unrelated marketing text and a link to general support.",0.0,different_topic_negative,"0.2,3.0,1.0,1.0,1.0,1.0,1.0,3.0,2.5,1.0,2.5,2.5,1.0,2.0,1.0"
485,billing_and_payment,Can I get an invoice for reference A1234?,"A note in the middle of the article adds that the billing record for reference A1234 shows $12 charged to PayPal for repair service, including tax and service fees.",1.0,full_messy_article_match,"0.2,3.0,1.0,1.0,1.0,1.0,1.0,1.0,3.0,1.0,1.0,1.0,2.5,1.0"
486,billing_and_payment,Can I get an invoice for reference A1234?,"The page does not present it as a direct answer; instead, it states that the article says card charges may include tax and handling fees, but it does not identify reference A1234 or the exact $12. The same article also includes unrelated marketing text and a link to general support.",0.35,partial_missing_key_fields,"0.2,3.0,1.0,1.0,1.0,1.0,1.0,1.0,3.0,1.0,1.0,1.0,2.5,1.0"
487,billing_and_payment,Please help: Can I get an invoice for reference PAY7788?,"The paragraph continues with a warning about delays, but says that the product specification page lists model dimensions and battery capacity, not invoice or payment details.",0.1,same_topic_wrong_answer,"0.2,3.0,1.0,1.0,1.0,1.0,1.0,1.0,1.0,1.0,3.0,1.0,1.0,2.0,2.5,1.0"
488,billing_and_payment,Why was I charged $12 for monthly subscription with PayPal?,"A short paragraph at the bottom says that support teams may contact customers later, without giving a concrete instruction or value. The same article also includes unrelated marketing text and a link to general support.",0.05,different_topic_negative,"0.2,3.0,1.0,1.0,1.0,1.0,1.0,3.0,2.5,1.0,2.5,2.5,1.0,2.0,1.0"
489,billing_and_payment,Can I get an invoice for reference ORD5555?,"In a side note under the comparison table, it says that in the payment help section, customers can switch the payment method to saved card before the invoice for repair service is finalized.",1.0,full_messy_article_match,"0.2,3.0,1.0,1.0,1.0,1.0,1.0,1.0,3.0,1.0,1.0,2.0,2.5,1.0"
490,billing_and_payment,How do I change the payment method to credit card?,"A note explains where invoices are downloaded, without confirming the requested target or payment method.",0.45,partial_missing_key_fields,"0.2,3.0,1.0,1.0,1.0,1.0,1.0,1.0,1.0,3.0,3.0,1.0,2.0,2.5,1.0"
491,billing_and_payment,How do I change the payment method to bank transfer?,"The page does not present it as a direct answer; instead, it states that the return policy says items can be inspected before refunds are issued, but it does not explain the original payment charge.",0.25,same_topic_wrong_answer,"0.2,3.0,1.0,1.0,1.0,1.0,1.0,1.0,1.0,3.0,3.0,1.0,1.0,1.0,1.0"
492,billing_and_payment,Please help: How do I change the payment method to saved card?,"The article describes how seasonal demand changes customer waiting times, but it does not provide a direct answer to the requested service detail.",0.0,different_topic_negative,"0.2,3.0,1.0,1.0,1.0,1.0,1.0,1.0,1.0,1.0,1.0,3.0,3.0,1.0,1.0,2.5,1.0"
493,billing_and_payment,How do I change the payment method to saved card?,"The paragraph continues with a warning about delays, but says that the billing record for reference A1234 shows $89 charged to saved card for flight ticket, including tax and service fees.",0.95,full_messy_article_match,"0.2,3.0,1.0,1.0,1.0,1.0,1.0,1.0,1.0,3.0,3.0,1.0,1.0,2.5,1.0"
494,billing_and_payment,Why was I charged $89 for flight ticket with credit card?,"A note explains where invoices are downloaded, without confirming the requested target or payment method.",0.45,partial_missing_key_fields,"0.2,3.0,1.0,1.0,1.0,1.0,1.0,3.0,2.5,1.0,2.5,2.5,1.0,2.0,2.5,1.0"
495,billing_and_payment,How do I change the payment method to bank transfer?,"After several unrelated lines about customer service, the page says: the product specification page lists model dimensions and battery capacity, not invoice or payment details.",0.15,same_topic_wrong_answer,"0.2,3.0,1.0,1.0,1.0,1.0,1.0,1.0,1.0,3.0,3.0,1.0,1.0,1.0,1.0"
496,billing_and_payment,Can I get an invoice for reference INV1001?,"A short paragraph at the bottom says that support teams may contact customers later, without giving a concrete instruction or value. The same article also includes unrelated marketing text and a link to general support.",0.05,different_topic_negative,"0.2,3.0,1.0,1.0,1.0,1.0,1.0,1.0,3.0,1.0,1.0,2.0,2.5,1.0"
497,billing_and_payment,"I was checking the site and couldn't find it clearly, why was I charged $240 for repair service with PayPal?","The paragraph continues with a warning about delays, but says that the billing record for reference ORD5555 shows $240 charged to PayPal for repair service, including tax and service fees. The same article also includes unrelated marketing text and a link to general support.",1.0,full_messy_article_match,"0.2,3.0,1.0,1.0,1.0,1.0,1.0,1.0,1.0,1.0,1.0,1.0,1.0,1.0,1.0,1.0,1.0,1.0,1.0,3.0,2.5,1.0,2.5,2.5,1.0,2.0,1.0"
498,billing_and_payment,Why was I charged $89 for shipping fee with saved card?,"The article says card charges may include tax and handling fees, but it does not identify reference A1234 or the exact $89.",0.55,partial_missing_key_fields,"0.2,3.0,1.0,1.0,1.0,1.0,1.0,3.0,2.5,1.0,1.0,1.0,1.0,1.0,2.5,1.0"
499,billing_and_payment,How do I change the payment method to PayPal?,"The product specification page lists model dimensions and battery capacity, not invoice or payment details.",0.25,same_topic_wrong_answer,"0.2,3.0,1.0,1.0,1.0,1.0,1.0,1.0,1.0,3.0,3.0,1.0,2.0,1.0"
500,billing_and_payment,Why was I charged $89 for monthly subscription with bank transfer?,"In a later section, the company notes that account settings can be adjusted from the profile page, although shipment notices may still arrive separately. The same article also includes unrelated marketing text and a link to general support.",0.0,different_topic_negative,"0.2,3.0,1.0,1.0,1.0,1.0,1.0,3.0,2.5,1.0,2.5,2.5,1.0,1.0,1.0,1.0"
501,billing_and_payment,Can I get an invoice for reference INV1001?,"The paragraph continues with a warning about delays, but says that the billing record for reference INV1001 shows $12 charged to PayPal for flight ticket, including tax and service fees.",0.9,full_messy_article_match,"0.2,3.0,1.0,1.0,1.0,1.0,1.0,1.0,3.0,1.0,1.0,2.0,2.5,1.0"
502,billing_and_payment,"In short, can I get an invoice for reference ORD5555?","The paragraph continues with a warning about delays, but says that a note explains where invoices are downloaded, without confirming the requested target or payment method.",0.55,partial_missing_key_fields,"0.2,3.0,1.0,1.0,1.0,1.0,1.0,1.0,1.0,1.0,1.0,3.0,1.0,1.0,2.0,2.5,1.0"
503,billing_and_payment,Can I get an invoice for reference PAY7788?,"The page does not present it as a direct answer; instead, it states that the return policy says items can be inspected before refunds are issued, but it does not explain the original payment charge.",0.25,same_topic_wrong_answer,"0.2,3.0,1.0,1.0,1.0,1.0,1.0,1.0,3.0,1.0,1.0,2.0,2.5,1.0"
504,billing_and_payment,Why was I charged ₪150 for shipping fee with saved card?,"A short paragraph at the bottom says that support teams may contact customers later, without giving a concrete instruction or value.",0.05,different_topic_negative,"0.2,3.0,1.0,1.0,1.0,1.0,1.0,3.0,2.5,1.0,1.0,1.0,1.0,1.0,2.5,1.0"
505,billing_and_payment,Why was I charged $89 for shipping fee with PayPal?,"A note in the middle of the article adds that in the payment help section, customers can switch the payment method to PayPal before the invoice for shipping fee is finalized.",0.9,full_messy_article_match,"0.2,3.0,1.0,1.0,1.0,1.0,1.0,3.0,2.5,1.0,1.0,1.0,1.0,2.0,1.0"
506,billing_and_payment,How do I change the payment method to saved card?,"In a side note under the comparison table, it says that a note explains where invoices are downloaded, without confirming the requested target or payment method. The same article also includes unrelated marketing text and a link to general support.",0.45,partial_missing_key_fields,"0.2,3.0,1.0,1.0,1.0,1.0,1.0,1.0,1.0,3.0,3.0,1.0,1.0,2.5,1.0"
507,billing_and_payment,"Can I get an invoice for reference PAY7788? I only need the exact answer, not a general explanation.","The return policy says items can be inspected before refunds are issued, but it does not explain the original payment charge.",0.15,same_topic_wrong_answer,"0.2,3.0,1.0,1.0,1.0,1.0,1.0,1.0,3.0,1.0,1.0,2.0,2.5,1.0,1.0,1.0,1.0,1.0,1.0,1.0,1.0,1.0,1.0,1.0,1.0,1.0"
508,billing_and_payment,Can I get an invoice for reference ORD5555?,"In a later section, the company notes that account settings can be adjusted from the profile page, although shipment notices may still arrive separately.",0.0,different_topic_negative,"0.2,3.0,1.0,1.0,1.0,1.0,1.0,1.0,3.0,1.0,1.0,2.0,2.5,1.0"
509,billing_and_payment,Can I get an invoice for reference ORD5555?,"A note in the middle of the article adds that in the payment help section, customers can switch the payment method to credit card before the invoice for repair service is finalized. The same article also includes unrelated marketing text and a link to general support.",1.0,full_messy_article_match,"0.2,3.0,1.0,1.0,1.0,1.0,1.0,1.0,3.0,1.0,1.0,2.0,2.5,1.0"
510,billing_and_payment,How do I change the payment method to bank transfer?,"After several unrelated lines about customer service, the page says: a note explains where invoices are downloaded, without confirming the requested target or payment method. The same article also includes unrelated marketing text and a link to general support.",0.45,partial_missing_key_fields,"0.2,3.0,1.0,1.0,1.0,1.0,1.0,1.0,1.0,3.0,3.0,1.0,1.0,1.0,1.0"
511,billing_and_payment,How do I change the payment method to credit card?,"After several unrelated lines about customer service, the page says: the product specification page lists model dimensions and battery capacity, not invoice or payment details. The same article also includes unrelated marketing text and a link to general support.",0.15,same_topic_wrong_answer,"0.2,3.0,1.0,1.0,1.0,1.0,1.0,1.0,1.0,3.0,3.0,1.0,2.0,2.5,1.0"
512,billing_and_payment,Please help: How do I change the payment method to bank transfer?,The guide spends most of its space comparing mobile app layouts and does not mention the requested product or transaction details.,0.05,different_topic_negative,"0.2,3.0,1.0,1.0,1.0,1.0,1.0,1.0,1.0,1.0,1.0,3.0,3.0,1.0,1.0,1.0,1.0"
513,billing_and_payment,Why was I charged $12 for shipping fee with PayPal?,"In a side note under the comparison table, it says that the billing record for reference A1234 shows $12 charged to PayPal for shipping fee, including tax and service fees.",0.95,full_messy_article_match,"0.2,3.0,1.0,1.0,1.0,1.0,1.0,3.0,2.5,1.0,1.0,1.0,1.0,2.0,1.0"
514,billing_and_payment,Why was I charged $12 for repair service with saved card?,"The article says card charges may include tax and handling fees, but it does not identify reference INV1001 or the exact $12.",0.55,partial_missing_key_fields,"0.2,3.0,1.0,1.0,1.0,1.0,1.0,3.0,2.5,1.0,2.5,2.5,1.0,1.0,2.5,1.0"
515,billing_and_payment,How do I change the payment method to saved card?,"The page does not present it as a direct answer; instead, it states that the product specification page lists model dimensions and battery capacity, not invoice or payment details. The same article also includes unrelated marketing text and a link to general support.",0.2,same_topic_wrong_answer,"0.2,3.0,1.0,1.0,1.0,1.0,1.0,1.0,1.0,3.0,3.0,1.0,1.0,2.5,1.0"
516,billing_and_payment,Why was I charged $12 for monthly subscription with bank transfer?,"The article describes how seasonal demand changes customer waiting times, but it does not provide a direct answer to the requested service detail.",0.0,different_topic_negative,"0.2,3.0,1.0,1.0,1.0,1.0,1.0,3.0,2.5,1.0,2.5,2.5,1.0,1.0,1.0,1.0"
517,billing_and_payment,"Why was I charged ₪150 for monthly subscription with bank transfer? I only need the exact answer, not a general explanation.","The billing record for reference A1234 shows ₪150 charged to bank transfer for monthly subscription, including tax and service fees.",1.0,full_messy_article_match,"0.2,3.0,1.0,1.0,1.0,1.0,1.0,3.0,2.5,1.0,2.5,2.5,1.0,1.0,1.0,1.0,1.0,1.0,1.0,1.0,1.0,1.0,1.0,1.0,1.0,1.0,1.0,1.0"
518,billing_and_payment,Can I get an invoice for reference INV1001?,"A note explains where invoices are downloaded, without confirming the requested target or payment method.",0.35,partial_missing_key_fields,"0.2,3.0,1.0,1.0,1.0,1.0,1.0,1.0,3.0,1.0,1.0,2.0,2.5,1.0"
519,billing_and_payment,How do I change the payment method to saved card?,"The return policy says items can be inspected before refunds are issued, but it does not explain the original payment charge. The same article also includes unrelated marketing text and a link to general support.",0.25,same_topic_wrong_answer,"0.2,3.0,1.0,1.0,1.0,1.0,1.0,1.0,1.0,3.0,3.0,1.0,1.0,2.5,1.0"
520,billing_and_payment,Can I get an invoice for reference PAY7788?,The guide spends most of its space comparing mobile app layouts and does not mention the requested product or transaction details.,0.05,different_topic_negative,"0.2,3.0,1.0,1.0,1.0,1.0,1.0,1.0,3.0,1.0,1.0,2.0,2.5,1.0"
521,billing_and_payment,Why was I charged $240 for shipping fee with saved card?,"In the payment help section, customers can switch the payment method to saved card before the invoice for shipping fee is finalized.",1.0,full_messy_article_match,"0.2,3.0,1.0,1.0,1.0,1.0,1.0,3.0,2.5,1.0,1.0,1.0,1.0,1.0,2.5,1.0"
522,billing_and_payment,"Can I get an invoice for reference A1234? I only need the exact answer, not a general explanation.","A note explains where invoices are downloaded, without confirming the requested target or payment method. The same article also includes unrelated marketing text and a link to general support.",0.45,partial_missing_key_fields,"0.2,3.0,1.0,1.0,1.0,1.0,1.0,1.0,3.0,1.0,1.0,1.0,2.5,1.0,1.0,1.0,1.0,1.0,1.0,1.0,1.0,1.0,1.0,1.0,1.0,1.0"
523,billing_and_payment,How do I change the payment method to saved card?,"The paragraph continues with a warning about delays, but says that the product specification page lists model dimensions and battery capacity, not invoice or payment details.",0.2,same_topic_wrong_answer,"0.2,3.0,1.0,1.0,1.0,1.0,1.0,1.0,1.0,3.0,3.0,1.0,1.0,2.5,1.0"
524,billing_and_payment,Can I get an invoice for reference A1234?,"The article describes how seasonal demand changes customer waiting times, but it does not provide a direct answer to the requested service detail.",0.0,different_topic_negative,"0.2,3.0,1.0,1.0,1.0,1.0,1.0,1.0,3.0,1.0,1.0,1.0,2.5,1.0"
525,billing_and_payment,Why was I charged ₪150 for shipping fee with PayPal?,"The billing record for reference INV1001 shows ₪150 charged to PayPal for shipping fee, including tax and service fees. The same article also includes unrelated marketing text and a link to general support.",1.0,full_messy_article_match,"0.2,3.0,1.0,1.0,1.0,1.0,1.0,3.0,2.5,1.0,1.0,1.0,1.0,2.0,1.0"
526,billing_and_payment,Can I get an invoice for reference INV1001?,"The article says card charges may include tax and handling fees, but it does not identify reference INV1001 or the exact $240. The same article also includes unrelated marketing text and a link to general support.",0.45,partial_missing_key_fields,"0.2,3.0,1.0,1.0,1.0,1.0,1.0,1.0,3.0,1.0,1.0,2.0,2.5,1.0"
527,billing_and_payment,"How do I change the payment method to saved card? I only need the exact answer, not a general explanation.","The paragraph continues with a warning about delays, but says that the return policy says items can be inspected before refunds are issued, but it does not explain the original payment charge.",0.2,same_topic_wrong_answer,"0.2,3.0,1.0,1.0,1.0,1.0,1.0,1.0,1.0,3.0,3.0,1.0,1.0,2.5,1.0,1.0,1.0,1.0,1.0,1.0,1.0,1.0,1.0,1.0,1.0,1.0,1.0"
528,billing_and_payment,How do I change the payment method to credit card?,"A short paragraph at the bottom says that support teams may contact customers later, without giving a concrete instruction or value.",0.05,different_topic_negative,"0.2,3.0,1.0,1.0,1.0,1.0,1.0,1.0,1.0,3.0,3.0,1.0,2.0,2.5,1.0"
529,billing_and_payment,Why was I charged ₪150 for shipping fee with credit card?,"In a side note under the comparison table, it says that in the payment help section, customers can switch the payment method to credit card before the invoice for shipping fee is finalized.",0.9,full_messy_article_match,"0.2,3.0,1.0,1.0,1.0,1.0,1.0,3.0,2.5,1.0,1.0,1.0,1.0,2.0,2.5,1.0"
530,billing_and_payment,How do I change the payment method to credit card?,"After several unrelated lines about customer service, the page says: a note explains where invoices are downloaded, without confirming the requested target or payment method.",0.45,partial_missing_key_fields,"0.2,3.0,1.0,1.0,1.0,1.0,1.0,1.0,1.0,3.0,3.0,1.0,2.0,2.5,1.0"
531,billing_and_payment,Why was I charged $240 for flight ticket with PayPal?,"The page does not present it as a direct answer; instead, it states that the return policy says items can be inspected before refunds are issued, but it does not explain the original payment charge.",0.25,same_topic_wrong_answer,"0.2,3.0,1.0,1.0,1.0,1.0,1.0,3.0,2.5,1.0,2.5,2.5,1.0,2.0,1.0"
532,billing_and_payment,"In short, can I get an invoice for reference ORD5555?","A short paragraph at the bottom says that support teams may contact customers later, without giving a concrete instruction or value.",0.0,different_topic_negative,"0.2,3.0,1.0,1.0,1.0,1.0,1.0,1.0,1.0,1.0,1.0,3.0,1.0,1.0,2.0,2.5,1.0"
533,billing_and_payment,Why was I charged $89 for repair service with PayPal?,"The billing record for reference PAY7788 shows $89 charged to PayPal for repair service, including tax and service fees.",1.0,full_messy_article_match,"0.2,3.0,1.0,1.0,1.0,1.0,1.0,3.0,2.5,1.0,2.5,2.5,1.0,2.0,1.0"
534,billing_and_payment,Can I get an invoice for reference A1234?,"A note in the middle of the article adds that the article says card charges may include tax and handling fees, but it does not identify reference A1234 or the exact ₪150.",0.35,partial_missing_key_fields,"0.2,3.0,1.0,1.0,1.0,1.0,1.0,1.0,3.0,1.0,1.0,1.0,2.5,1.0"
535,billing_and_payment,Why was I charged $89 for shipping fee with PayPal?,"After several unrelated lines about customer service, the page says: the product specification page lists model dimensions and battery capacity, not invoice or payment details.",0.15,same_topic_wrong_answer,"0.2,3.0,1.0,1.0,1.0,1.0,1.0,3.0,2.5,1.0,1.0,1.0,1.0,2.0,1.0"
536,billing_and_payment,How do I change the payment method to bank transfer?,The guide spends most of its space comparing mobile app layouts and does not mention the requested product or transaction details. The same article also includes unrelated marketing text and a link to general support.,0.0,different_topic_negative,"0.2,3.0,1.0,1.0,1.0,1.0,1.0,1.0,1.0,3.0,3.0,1.0,1.0,1.0,1.0"
537,billing_and_payment,"In short, why was I charged $89 for flight ticket with saved card?","In a side note under the comparison table, it says that the billing record for reference A1234 shows $89 charged to saved card for flight ticket, including tax and service fees. The same article also includes unrelated marketing text and a link to general support.",0.9,full_messy_article_match,"0.2,3.0,1.0,1.0,1.0,1.0,1.0,1.0,1.0,1.0,3.0,2.5,1.0,2.5,2.5,1.0,1.0,2.5,1.0"
538,billing_and_payment,Can I get an invoice for reference INV1001?,"The paragraph continues with a warning about delays, but says that the article says card charges may include tax and handling fees, but it does not identify reference INV1001 or the exact $89.",0.55,partial_missing_key_fields,"0.2,3.0,1.0,1.0,1.0,1.0,1.0,1.0,3.0,1.0,1.0,2.0,2.5,1.0"
539,billing_and_payment,How do I change the payment method to saved card?,"In a side note under the comparison table, it says that the product specification page lists model dimensions and battery capacity, not invoice or payment details. The same article also includes unrelated marketing text and a link to general support.",0.2,same_topic_wrong_answer,"0.2,3.0,1.0,1.0,1.0,1.0,1.0,1.0,1.0,3.0,3.0,1.0,1.0,2.5,1.0"
540,billing_and_payment,Why was I charged ₪150 for shipping fee with PayPal?,"A short paragraph at the bottom says that support teams may contact customers later, without giving a concrete instruction or value.",0.05,different_topic_negative,"0.2,3.0,1.0,1.0,1.0,1.0,1.0,3.0,2.5,1.0,1.0,1.0,1.0,2.0,1.0"
541,billing_and_payment,Why was I charged $240 for monthly subscription with bank transfer?,"In a side note under the comparison table, it says that the billing record for reference A1234 shows $240 charged to bank transfer for monthly subscription, including tax and service fees. The same article also includes unrelated marketing text and a link to general support.",1.0,full_messy_article_match,"0.2,3.0,1.0,1.0,1.0,1.0,1.0,3.0,2.5,1.0,2.5,2.5,1.0,1.0,1.0,1.0"
542,billing_and_payment,"I was checking the site and couldn't find it clearly, how do I change the payment method to PayPal?","In a side note under the comparison table, it says that a note explains where invoices are downloaded, without confirming the requested target or payment method. The same article also includes unrelated marketing text and a link to general support.",0.55,partial_missing_key_fields,"0.2,3.0,1.0,1.0,1.0,1.0,1.0,1.0,1.0,1.0,1.0,1.0,1.0,1.0,1.0,1.0,1.0,1.0,1.0,1.0,1.0,3.0,3.0,1.0,2.0,1.0"
543,billing_and_payment,How do I change the payment method to bank transfer?,"A note in the middle of the article adds that the product specification page lists model dimensions and battery capacity, not invoice or payment details.",0.2,same_topic_wrong_answer,"0.2,3.0,1.0,1.0,1.0,1.0,1.0,1.0,1.0,3.0,3.0,1.0,1.0,1.0,1.0"
544,billing_and_payment,Why was I charged $12 for monthly subscription with credit card?,"According to the announcement, users should check the help center for updates, while unrelated billing references were moved to a separate dashboard. The same article also includes unrelated marketing text and a link to general support.",0.0,different_topic_negative,"0.2,3.0,1.0,1.0,1.0,1.0,1.0,3.0,2.5,1.0,2.5,2.5,1.0,2.0,2.5,1.0"
545,billing_and_payment,Can I get an invoice for reference A1234?,"In a side note under the comparison table, it says that in the payment help section, customers can switch the payment method to PayPal before the invoice for flight ticket is finalized.",1.0,full_messy_article_match,"0.2,3.0,1.0,1.0,1.0,1.0,1.0,1.0,3.0,1.0,1.0,1.0,2.5,1.0"
546,billing_and_payment,How do I change the payment method to saved card?,"After several unrelated lines about customer service, the page says: the article says card charges may include tax and handling fees, but it does not identify reference PAY7788 or the exact $89.",0.55,partial_missing_key_fields,"0.2,3.0,1.0,1.0,1.0,1.0,1.0,1.0,1.0,3.0,3.0,1.0,1.0,2.5,1.0"
547,billing_and_payment,"I was checking the site and couldn't find it clearly, why was I charged ₪150 for shipping fee with PayPal?","After several unrelated lines about customer service, the page says: the product specification page lists model dimensions and battery capacity, not invoice or payment details.",0.15,same_topic_wrong_answer,"0.2,3.0,1.0,1.0,1.0,1.0,1.0,1.0,1.0,1.0,1.0,1.0,1.0,1.0,1.0,1.0,1.0,1.0,1.0,3.0,2.5,1.0,1.0,1.0,1.0,2.0,1.0"
548,billing_and_payment,Can I get an invoice for reference PAY7788?,"According to the announcement, users should check the help center for updates, while unrelated billing references were moved to a separate dashboard. The same article also includes unrelated marketing text and a link to general support.",0.05,different_topic_negative,"0.2,3.0,1.0,1.0,1.0,1.0,1.0,1.0,3.0,1.0,1.0,2.0,2.5,1.0"
549,billing_and_payment,Can I get an invoice for reference INV1001?,"The paragraph continues with a warning about delays, but says that in the payment help section, customers can switch the payment method to PayPal before the invoice for flight ticket is finalized. The same article also includes unrelated marketing text and a link to general support.",0.95,full_messy_article_match,"0.2,3.0,1.0,1.0,1.0,1.0,1.0,1.0,3.0,1.0,1.0,2.0,2.5,1.0"
550,billing_and_payment,How do I change the payment method to saved card?,"The page does not present it as a direct answer; instead, it states that a note explains where invoices are downloaded, without confirming the requested target or payment method.",0.35,partial_missing_key_fields,"0.2,3.0,1.0,1.0,1.0,1.0,1.0,1.0,1.0,3.0,3.0,1.0,1.0,2.5,1.0"
551,billing_and_payment,Can I get an invoice for reference INV1001?,"The paragraph continues with a warning about delays, but says that the product specification page lists model dimensions and battery capacity, not invoice or payment details.",0.15,same_topic_wrong_answer,"0.2,3.0,1.0,1.0,1.0,1.0,1.0,1.0,3.0,1.0,1.0,2.0,2.5,1.0"
552,billing_and_payment,"Can I get an invoice for reference INV1001? I only need the exact answer, not a general explanation.","The article describes how seasonal demand changes customer waiting times, but it does not provide a direct answer to the requested service detail.",0.05,different_topic_negative,"0.2,3.0,1.0,1.0,1.0,1.0,1.0,1.0,3.0,1.0,1.0,2.0,2.5,1.0,1.0,1.0,1.0,1.0,1.0,1.0,1.0,1.0,1.0,1.0,1.0,1.0"
553,billing_and_payment,How do I change the payment method to credit card?,"In a side note under the comparison table, it says that the billing record for reference A1234 shows $240 charged to credit card for flight ticket, including tax and service fees. The same article also includes unrelated marketing text and a link to general support.",0.9,full_messy_article_match,"0.2,3.0,1.0,1.0,1.0,1.0,1.0,1.0,1.0,3.0,3.0,1.0,2.0,2.5,1.0"
554,billing_and_payment,Can I get an invoice for reference A1234?,"The paragraph continues with a warning about delays, but says that the article says card charges may include tax and handling fees, but it does not identify reference A1234 or the exact $240.",0.45,partial_missing_key_fields,"0.2,3.0,1.0,1.0,1.0,1.0,1.0,1.0,3.0,1.0,1.0,1.0,2.5,1.0"
555,billing_and_payment,How do I change the payment method to saved card?,"The return policy says items can be inspected before refunds are issued, but it does not explain the original payment charge.",0.1,same_topic_wrong_answer,"0.2,3.0,1.0,1.0,1.0,1.0,1.0,1.0,1.0,3.0,3.0,1.0,1.0,2.5,1.0"
556,billing_and_payment,Why was I charged $240 for repair service with PayPal?,"The article describes how seasonal demand changes customer waiting times, but it does not provide a direct answer to the requested service detail.",0.05,different_topic_negative,"0.2,3.0,1.0,1.0,1.0,1.0,1.0,3.0,2.5,1.0,2.5,2.5,1.0,2.0,1.0"
557,billing_and_payment,"Why was I charged $240 for shipping fee with PayPal? I only need the exact answer, not a general explanation.","The paragraph continues with a warning about delays, but says that the billing record for reference A1234 shows $240 charged to PayPal for shipping fee, including tax and service fees. The same article also includes unrelated marketing text and a link to general support.",0.95,full_messy_article_match,"0.2,3.0,1.0,1.0,1.0,1.0,1.0,3.0,2.5,1.0,1.0,1.0,1.0,2.0,1.0,1.0,1.0,1.0,1.0,1.0,1.0,1.0,1.0,1.0,1.0,1.0,1.0"
558,billing_and_payment,How do I change the payment method to bank transfer?,"A note explains where invoices are downloaded, without confirming the requested target or payment method.",0.55,partial_missing_key_fields,"0.2,3.0,1.0,1.0,1.0,1.0,1.0,1.0,1.0,3.0,3.0,1.0,1.0,1.0,1.0"
559,billing_and_payment,Why was I charged ₪150 for repair service with PayPal?,"After several unrelated lines about customer service, the page says: the product specification page lists model dimensions and battery capacity, not invoice or payment details. The same article also includes unrelated marketing text and a link to general support.",0.25,same_topic_wrong_answer,"0.2,3.0,1.0,1.0,1.0,1.0,1.0,3.0,2.5,1.0,2.5,2.5,1.0,2.0,1.0"
560,billing_and_payment,Can I get an invoice for reference PAY7788?,"In a later section, the company notes that account settings can be adjusted from the profile page, although shipment notices may still arrive separately. The same article also includes unrelated marketing text and a link to general support.",0.0,different_topic_negative,"0.2,3.0,1.0,1.0,1.0,1.0,1.0,1.0,3.0,1.0,1.0,2.0,2.5,1.0"
561,technical_issue,The website is not working during upload a file; what can I do?,"The page does not present it as a direct answer; instead, it states that for a crash on Android tablet, the technical note recommends restarting the service and checking the network permission settings. The same article also includes unrelated marketing text and a link to general support.",0.95,full_messy_article_match,"0.2,3.0,1.0,1.0,1.0,2.5,1.0,3.0,3.0,1.0,2.0,2.0,2.0,1.0,1.0,1.0,1.0,1.0"
562,technical_issue,Please help: How do I fix a screen freeze on Chrome browser?,"The article discusses common errors on mobile app, but it never names 'payment failed' or explains what to do during pay. The same article also includes unrelated marketing text and a link to general support.",0.45,partial_missing_key_fields,"0.2,3.0,1.0,1.0,1.0,1.0,1.0,1.0,1.0,2.0,1.0,3.0,3.0,1.0,2.0,2.0,1.0"
563,technical_issue,How do I fix a connection problem on Windows laptop?,"The page does not present it as a direct answer; instead, it states that the pricing guide explains subscription levels and billing dates, not app errors or device troubleshooting.",0.15,same_topic_wrong_answer,"0.2,3.0,1.0,1.0,1.0,1.0,1.0,2.0,1.0,3.0,3.0,1.0,2.0,2.0,1.0"
564,technical_issue,The admin portal is not working during submit an order; what can I do?,The guide spends most of its space comparing mobile app layouts and does not mention the requested product or transaction details.,0.0,different_topic_negative,"0.2,3.0,1.0,1.0,1.0,2.5,2.5,1.0,3.0,3.0,1.0,2.0,2.0,2.0,1.0,1.0,1.0,1.0,1.0"
565,technical_issue,The admin portal is not working during pay; what can I do?,"For a crash on Chrome browser, the technical note recommends restarting the service and checking the network permission settings.",0.95,full_messy_article_match,"0.2,3.0,1.0,1.0,1.0,2.5,2.5,1.0,3.0,3.0,1.0,2.0,1.0,1.0,1.0,1.0,1.0"
566,technical_issue,Why does admin portal show payment failed when I try to log in?,"In a side note under the comparison table, it says that the article discusses common errors on admin portal, but it never names 'payment failed' or explains what to do during log in.",0.45,partial_missing_key_fields,"0.2,3.0,1.0,1.0,1.0,1.0,2.5,2.5,1.0,2.5,3.0,1.0,1.0,1.0,1.0,2.0,2.0,1.0"
567,technical_issue,"In short, the checkout page is not working during upload a file; what can I do?","The page does not present it as a direct answer; instead, it states that the pricing guide explains subscription levels and billing dates, not app errors or device troubleshooting. The same article also includes unrelated marketing text and a link to general support.",0.1,same_topic_wrong_answer,"0.2,3.0,1.0,1.0,2.0,1.0,1.0,1.0,2.5,2.5,1.0,3.0,3.0,1.0,2.0,2.0,2.0,1.0,1.0,1.0,1.0,1.0"
568,technical_issue,The checkout page is not working during upload a file; what can I do?,"According to the announcement, users should check the help center for updates, while unrelated billing references were moved to a separate dashboard.",0.05,different_topic_negative,"0.2,3.0,1.0,1.0,1.0,2.5,2.5,1.0,3.0,3.0,1.0,2.0,2.0,2.0,1.0,1.0,1.0,1.0,1.0"
569,technical_issue,Why does checkout page show payment failed when I try to upload a file?,"After several unrelated lines about customer service, the page says: for a crash on Chrome browser, the technical note recommends restarting the service and checking the network permission settings. The same article also includes unrelated marketing text and a link to general support.",1.0,full_messy_article_match,"0.2,3.0,1.0,1.0,1.0,1.0,2.5,2.5,1.0,2.5,3.0,1.0,1.0,1.0,1.0,2.0,2.0,2.0,1.0"
570,technical_issue,How do I fix a connection problem on iPhone?,"In a side note under the comparison table, it says that the article discusses common errors on website, but it never names 'payment failed' or explains what to do during submit an order. The same article also includes unrelated marketing text and a link to general support.",0.45,partial_missing_key_fields,"0.2,3.0,1.0,1.0,1.0,1.0,1.0,2.0,1.0,3.0,3.0,1.0,1.0,1.0"
571,technical_issue,The mobile app is not working during submit an order; what can I do?,"In a side note under the comparison table, it says that the order tracking page lists warehouse scans, which does not resolve a technical issue.",0.2,same_topic_wrong_answer,"0.2,3.0,1.0,1.0,1.0,1.0,1.0,1.0,3.0,3.0,1.0,2.0,2.0,2.0,1.0,1.0,1.0,1.0,1.0"
572,technical_issue,"The website is not working during pay; what can I do? I only need the exact answer, not a general explanation.","A short paragraph at the bottom says that support teams may contact customers later, without giving a concrete instruction or value.",0.05,different_topic_negative,"0.2,3.0,1.0,1.0,1.0,2.5,1.0,3.0,3.0,1.0,2.0,1.0,1.0,1.0,1.0,1.0,1.0,1.0,1.0,1.0,1.0,1.0,1.0,1.0,1.0,1.0,1.0,1.0"
573,technical_issue,How do I fix a crash on Windows laptop?,"The paragraph continues with a warning about delays, but says that for a crash on Windows laptop, the technical note recommends restarting the service and checking the network permission settings.",0.9,full_messy_article_match,"0.2,3.0,1.0,1.0,1.0,1.0,1.0,2.0,1.0,1.0,1.0,2.0,2.0,1.0"
574,technical_issue,How do I fix a slow loading on Chrome browser?,"The paragraph continues with a warning about delays, but says that a support note says restarting often helps, although it gives no specific fix for the reported slow loading.",0.35,partial_missing_key_fields,"0.2,3.0,1.0,1.0,1.0,1.0,1.0,2.0,1.0,1.0,1.0,1.0,2.0,2.0,1.0"
575,technical_issue,Why does mobile app show network error when I try to log in?,"The pricing guide explains subscription levels and billing dates, not app errors or device troubleshooting.",0.25,same_topic_wrong_answer,"0.2,3.0,1.0,1.0,1.0,1.0,1.0,1.0,1.0,1.0,2.5,1.0,1.0,1.0,1.0,2.0,2.0,1.0"
576,technical_issue,The mobile app is not working during submit an order; what can I do?,"The article describes how seasonal demand changes customer waiting times, but it does not provide a direct answer to the requested service detail.",0.0,different_topic_negative,"0.2,3.0,1.0,1.0,1.0,1.0,1.0,1.0,3.0,3.0,1.0,2.0,2.0,2.0,1.0,1.0,1.0,1.0,1.0"
577,technical_issue,"I was checking the site and couldn't find it clearly, how do I fix a slow loading on Chrome browser?","A note in the middle of the article adds that the troubleshooting article says that when checkout page shows 'page not loading' during log in, users should update the app, clear cached data, and retry on Chrome browser. The same article also includes unrelated marketing text and a link to general support.",0.9,full_messy_article_match,"0.2,3.0,1.0,1.0,1.0,1.0,1.0,1.0,1.0,1.0,1.0,1.0,1.0,1.0,1.0,1.0,1.0,1.0,1.0,2.0,1.0,1.0,1.0,1.0,2.0,2.0,1.0"
578,technical_issue,How do I fix a crash on Windows laptop?,"A note in the middle of the article adds that a support note says restarting often helps, although it gives no specific fix for the reported crash.",0.35,partial_missing_key_fields,"0.2,3.0,1.0,1.0,1.0,1.0,1.0,2.0,1.0,1.0,1.0,2.0,2.0,1.0"
579,technical_issue,The checkout page is not working during upload a file; what can I do?,"The page does not present it as a direct answer; instead, it states that the pricing guide explains subscription levels and billing dates, not app errors or device troubleshooting.",0.1,same_topic_wrong_answer,"0.2,3.0,1.0,1.0,1.0,2.5,2.5,1.0,3.0,3.0,1.0,2.0,2.0,2.0,1.0,1.0,1.0,1.0,1.0"
580,technical_issue,Why does website show payment failed when I try to upload a file?,"According to the announcement, users should check the help center for updates, while unrelated billing references were moved to a separate dashboard.",0.0,different_topic_negative,"0.2,3.0,1.0,1.0,1.0,1.0,2.5,1.0,2.5,3.0,1.0,1.0,1.0,1.0,2.0,2.0,2.0,1.0"
581,technical_issue,The mobile app is not working during submit an order; what can I do?,"A note in the middle of the article adds that for a connection problem on iPhone, the technical note recommends restarting the service and checking the network permission settings.",0.9,full_messy_article_match,"0.2,3.0,1.0,1.0,1.0,1.0,1.0,1.0,3.0,3.0,1.0,2.0,2.0,2.0,1.0,1.0,1.0,1.0,1.0"
582,technical_issue,"In short, how do I fix a slow loading on Chrome browser?","The paragraph continues with a warning about delays, but says that the article discusses common errors on checkout page, but it never names 'invalid token' or explains what to do during pay.",0.55,partial_missing_key_fields,"0.2,3.0,1.0,1.0,2.0,1.0,1.0,1.0,1.0,1.0,2.0,1.0,1.0,1.0,1.0,2.0,2.0,1.0"
583,technical_issue,The admin portal is not working during pay; what can I do?,"After several unrelated lines about customer service, the page says: the pricing guide explains subscription levels and billing dates, not app errors or device troubleshooting.",0.1,same_topic_wrong_answer,"0.2,3.0,1.0,1.0,1.0,2.5,2.5,1.0,3.0,3.0,1.0,2.0,1.0,1.0,1.0,1.0,1.0"
584,technical_issue,Why does checkout page show invalid token when I try to pay?,"According to the announcement, users should check the help center for updates, while unrelated billing references were moved to a separate dashboard. The same article also includes unrelated marketing text and a link to general support.",0.0,different_topic_negative,"0.2,3.0,1.0,1.0,1.0,1.0,2.5,2.5,1.0,1.0,1.0,1.0,1.0,1.0,1.0,2.0,1.0"
585,technical_issue,How do I fix a crash on iPhone?,"For a crash on iPhone, the technical note recommends restarting the service and checking the network permission settings.",0.95,full_messy_article_match,"0.2,3.0,1.0,1.0,1.0,1.0,1.0,2.0,1.0,1.0,1.0,1.0,1.0"
586,technical_issue,The website is not working during pay; what can I do?,"In a side note under the comparison table, it says that the article discusses common errors on website, but it never names 'network error' or explains what to do during pay.",0.55,partial_missing_key_fields,"0.2,3.0,1.0,1.0,1.0,2.5,1.0,3.0,3.0,1.0,2.0,1.0,1.0,1.0,1.0,1.0"
587,technical_issue,"The mobile app is not working during pay; what can I do? I only need the exact answer, not a general explanation.","In a side note under the comparison table, it says that the order tracking page lists warehouse scans, which does not resolve a technical issue.",0.25,same_topic_wrong_answer,"0.2,3.0,1.0,1.0,1.0,1.0,1.0,1.0,3.0,3.0,1.0,2.0,1.0,1.0,1.0,1.0,1.0,1.0,1.0,1.0,1.0,1.0,1.0,1.0,1.0,1.0,1.0,1.0,1.0"
588,technical_issue,Why does website show invalid token when I try to log in?,"According to the announcement, users should check the help center for updates, while unrelated billing references were moved to a separate dashboard.",0.0,different_topic_negative,"0.2,3.0,1.0,1.0,1.0,1.0,2.5,1.0,1.0,1.0,1.0,1.0,1.0,1.0,2.0,2.0,1.0"
589,technical_issue,Why does website show page not loading when I try to upload a file?,"The paragraph continues with a warning about delays, but says that the troubleshooting article says that when website shows 'page not loading' during upload a file, users should update the app, clear cached data, and retry on iPhone. The same article also includes unrelated marketing text and a link to general support.",0.9,full_messy_article_match,"0.2,3.0,1.0,1.0,1.0,1.0,2.5,1.0,2.5,1.0,1.0,1.0,1.0,1.0,1.0,2.0,2.0,2.0,1.0"
590,technical_issue,Why does mobile app show network error when I try to log in?,"A note in the middle of the article adds that the article discusses common errors on mobile app, but it never names 'network error' or explains what to do during log in. The same article also includes unrelated marketing text and a link to general support.",0.55,partial_missing_key_fields,"0.2,3.0,1.0,1.0,1.0,1.0,1.0,1.0,1.0,1.0,2.5,1.0,1.0,1.0,1.0,2.0,2.0,1.0"
591,technical_issue,How do I fix a screen freeze on Windows laptop?,"The pricing guide explains subscription levels and billing dates, not app errors or device troubleshooting.",0.25,same_topic_wrong_answer,"0.2,3.0,1.0,1.0,1.0,1.0,1.0,2.0,1.0,3.0,3.0,1.0,2.0,2.0,1.0"
592,technical_issue,"In short, how do I fix a connection problem on Android tablet?","In a later section, the company notes that account settings can be adjusted from the profile page, although shipment notices may still arrive separately.",0.0,different_topic_negative,"0.2,3.0,1.0,1.0,2.0,1.0,1.0,1.0,1.0,1.0,2.0,1.0,3.0,3.0,1.0,1.0,1.0,1.0"
593,technical_issue,The checkout page is not working during upload a file; what can I do?,"In a side note under the comparison table, it says that for a screen freeze on iPhone, the technical note recommends restarting the service and checking the network permission settings. The same article also includes unrelated marketing text and a link to general support.",0.9,full_messy_article_match,"0.2,3.0,1.0,1.0,1.0,2.5,2.5,1.0,3.0,3.0,1.0,2.0,2.0,2.0,1.0,1.0,1.0,1.0,1.0"
594,technical_issue,How do I fix a connection problem on Windows laptop?,"A note in the middle of the article adds that a support note says restarting often helps, although it gives no specific fix for the reported connection problem.",0.45,partial_missing_key_fields,"0.2,3.0,1.0,1.0,1.0,1.0,1.0,2.0,1.0,3.0,3.0,1.0,2.0,2.0,1.0"
595,technical_issue,Why does website show network error when I try to log in?,"In a side note under the comparison table, it says that the pricing guide explains subscription levels and billing dates, not app errors or device troubleshooting.",0.2,same_topic_wrong_answer,"0.2,3.0,1.0,1.0,1.0,1.0,2.5,1.0,1.0,2.5,1.0,1.0,1.0,1.0,2.0,2.0,1.0"
596,technical_issue,Why does admin portal show payment failed when I try to upload a file?,The guide spends most of its space comparing mobile app layouts and does not mention the requested product or transaction details.,0.05,different_topic_negative,"0.2,3.0,1.0,1.0,1.0,1.0,2.5,2.5,1.0,2.5,3.0,1.0,1.0,1.0,1.0,2.0,2.0,2.0,1.0"
597,technical_issue,"I was checking the site and couldn't find it clearly, how do I fix a connection problem on Windows laptop?","A note in the middle of the article adds that the troubleshooting article says that when mobile app shows 'invalid token' during submit an order, users should update the app, clear cached data, and retry on Windows laptop. The same article also includes unrelated marketing text and a link to general support.",0.95,full_messy_article_match,"0.2,3.0,1.0,1.0,1.0,1.0,1.0,1.0,1.0,1.0,1.0,1.0,1.0,1.0,1.0,1.0,1.0,1.0,1.0,2.0,1.0,3.0,3.0,1.0,2.0,2.0,1.0"
598,technical_issue,How do I fix a crash on Android tablet?,"The article discusses common errors on checkout page, but it never names 'payment failed' or explains what to do during log in.",0.35,partial_missing_key_fields,"0.2,3.0,1.0,1.0,1.0,1.0,1.0,2.0,1.0,1.0,1.0,1.0,1.0,1.0"
599,technical_issue,The website is not working during submit an order; what can I do?,"In a side note under the comparison table, it says that the order tracking page lists warehouse scans, which does not resolve a technical issue.",0.1,same_topic_wrong_answer,"0.2,3.0,1.0,1.0,1.0,2.5,1.0,3.0,3.0,1.0,2.0,2.0,2.0,1.0,1.0,1.0,1.0,1.0"
600,technical_issue,The website is not working during pay; what can I do?,The guide spends most of its space comparing mobile app layouts and does not mention the requested product or transaction details.,0.05,different_topic_negative,"0.2,3.0,1.0,1.0,1.0,2.5,1.0,3.0,3.0,1.0,2.0,1.0,1.0,1.0,1.0,1.0"
601,technical_issue,Why does mobile app show network error when I try to submit an order?,"The page does not present it as a direct answer; instead, it states that for a connection problem on Windows laptop, the technical note recommends restarting the service and checking the network permission settings. The same article also includes unrelated marketing text and a link to general support.",1.0,full_messy_article_match,"0.2,3.0,1.0,1.0,1.0,1.0,1.0,1.0,1.0,1.0,2.5,1.0,1.0,1.0,1.0,2.0,2.0,2.0,1.0"
602,technical_issue,"I was checking the site and couldn't find it clearly, why does website show invalid token when I try to pay?","The page does not present it as a direct answer; instead, it states that a support note says restarting often helps, although it gives no specific fix for the reported connection problem.",0.45,partial_missing_key_fields,"0.2,3.0,1.0,1.0,1.0,1.0,1.0,1.0,1.0,1.0,1.0,1.0,1.0,1.0,1.0,1.0,1.0,1.0,2.5,1.0,1.0,1.0,1.0,1.0,1.0,1.0,2.0,1.0"
603,technical_issue,How do I fix a crash on iPhone?,"The pricing guide explains subscription levels and billing dates, not app errors or device troubleshooting.",0.1,same_topic_wrong_answer,"0.2,3.0,1.0,1.0,1.0,1.0,1.0,2.0,1.0,1.0,1.0,1.0,1.0"
604,technical_issue,The mobile app is not working during log in; what can I do?,"In a later section, the company notes that account settings can be adjusted from the profile page, although shipment notices may still arrive separately.",0.0,different_topic_negative,"0.2,3.0,1.0,1.0,1.0,1.0,1.0,1.0,3.0,3.0,1.0,2.0,2.0,1.0,1.0,1.0,1.0,1.0"
605,technical_issue,How do I fix a screen freeze on iPhone?,"A note in the middle of the article adds that the troubleshooting article says that when mobile app shows 'payment failed' during upload a file, users should update the app, clear cached data, and retry on iPhone.",1.0,full_messy_article_match,"0.2,3.0,1.0,1.0,1.0,1.0,1.0,2.0,1.0,3.0,3.0,1.0,1.0,1.0"
606,technical_issue,How do I fix a crash on Android tablet?,"The paragraph continues with a warning about delays, but says that the article discusses common errors on admin portal, but it never names 'page not loading' or explains what to do during log in.",0.35,partial_missing_key_fields,"0.2,3.0,1.0,1.0,1.0,1.0,1.0,2.0,1.0,1.0,1.0,1.0,1.0,1.0"
607,technical_issue,Please help: Why does checkout page show invalid token when I try to upload a file?,"After several unrelated lines about customer service, the page says: the order tracking page lists warehouse scans, which does not resolve a technical issue.",0.25,same_topic_wrong_answer,"0.2,3.0,1.0,1.0,1.0,1.0,1.0,1.0,2.5,2.5,1.0,1.0,1.0,1.0,1.0,1.0,1.0,2.0,2.0,2.0,1.0"
608,technical_issue,Why does mobile app show invalid token when I try to upload a file?,"According to the announcement, users should check the help center for updates, while unrelated billing references were moved to a separate dashboard.",0.05,different_topic_negative,"0.2,3.0,1.0,1.0,1.0,1.0,1.0,1.0,1.0,1.0,1.0,1.0,1.0,1.0,1.0,2.0,2.0,2.0,1.0"
609,technical_issue,The checkout page is not working during pay; what can I do?,"The troubleshooting article says that when checkout page shows 'page not loading' during pay, users should update the app, clear cached data, and retry on Chrome browser.",0.95,full_messy_article_match,"0.2,3.0,1.0,1.0,1.0,2.5,2.5,1.0,3.0,3.0,1.0,2.0,1.0,1.0,1.0,1.0,1.0"
610,technical_issue,How do I fix a crash on Android tablet?,"The page does not present it as a direct answer; instead, it states that the article discusses common errors on website, but it never names 'payment failed' or explains what to do during pay.",0.45,partial_missing_key_fields,"0.2,3.0,1.0,1.0,1.0,1.0,1.0,2.0,1.0,1.0,1.0,1.0,1.0,1.0"
611,technical_issue,Why does admin portal show payment failed when I try to log in?,"The page does not present it as a direct answer; instead, it states that the order tracking page lists warehouse scans, which does not resolve a technical issue.",0.25,same_topic_wrong_answer,"0.2,3.0,1.0,1.0,1.0,1.0,2.5,2.5,1.0,2.5,3.0,1.0,1.0,1.0,1.0,2.0,2.0,1.0"
612,technical_issue,Please help: How do I fix a screen freeze on Windows laptop?,The guide spends most of its space comparing mobile app layouts and does not mention the requested product or transaction details.,0.05,different_topic_negative,"0.2,3.0,1.0,1.0,1.0,1.0,1.0,1.0,1.0,2.0,1.0,3.0,3.0,1.0,2.0,2.0,1.0"
613,technical_issue,The admin portal is not working during submit an order; what can I do?,"A note in the middle of the article adds that for a slow loading on Chrome browser, the technical note recommends restarting the service and checking the network permission settings. The same article also includes unrelated marketing text and a link to general support.",0.9,full_messy_article_match,"0.2,3.0,1.0,1.0,1.0,2.5,2.5,1.0,3.0,3.0,1.0,2.0,2.0,2.0,1.0,1.0,1.0,1.0,1.0"
614,technical_issue,How do I fix a connection problem on iPhone?,"After several unrelated lines about customer service, the page says: a support note says restarting often helps, although it gives no specific fix for the reported connection problem.",0.55,partial_missing_key_fields,"0.2,3.0,1.0,1.0,1.0,1.0,1.0,2.0,1.0,3.0,3.0,1.0,1.0,1.0"
615,technical_issue,How do I fix a slow loading on Windows laptop?,"The order tracking page lists warehouse scans, which does not resolve a technical issue.",0.2,same_topic_wrong_answer,"0.2,3.0,1.0,1.0,1.0,1.0,1.0,2.0,1.0,1.0,1.0,1.0,2.0,2.0,1.0"
616,technical_issue,How do I fix a connection problem on Android tablet?,"The article describes how seasonal demand changes customer waiting times, but it does not provide a direct answer to the requested service detail.",0.0,different_topic_negative,"0.2,3.0,1.0,1.0,1.0,1.0,1.0,2.0,1.0,3.0,3.0,1.0,1.0,1.0,1.0"
617,technical_issue,"In short, how do I fix a screen freeze on Android tablet?","The paragraph continues with a warning about delays, but says that the troubleshooting article says that when admin portal shows 'payment failed' during submit an order, users should update the app, clear cached data, and retry on Android tablet.",1.0,full_messy_article_match,"0.2,3.0,1.0,1.0,2.0,1.0,1.0,1.0,1.0,1.0,2.0,1.0,3.0,3.0,1.0,1.0,1.0,1.0"
618,technical_issue,Why does mobile app show network error when I try to submit an order?,"A note in the middle of the article adds that a support note says restarting often helps, although it gives no specific fix for the reported screen freeze.",0.55,partial_missing_key_fields,"0.2,3.0,1.0,1.0,1.0,1.0,1.0,1.0,1.0,1.0,2.5,1.0,1.0,1.0,1.0,2.0,2.0,2.0,1.0"
619,technical_issue,Why does mobile app show network error when I try to submit an order?,"In a side note under the comparison table, it says that the order tracking page lists warehouse scans, which does not resolve a technical issue. The same article also includes unrelated marketing text and a link to general support.",0.25,same_topic_wrong_answer,"0.2,3.0,1.0,1.0,1.0,1.0,1.0,1.0,1.0,1.0,2.5,1.0,1.0,1.0,1.0,2.0,2.0,2.0,1.0"
620,technical_issue,Why does checkout page show invalid token when I try to pay?,"A short paragraph at the bottom says that support teams may contact customers later, without giving a concrete instruction or value.",0.0,different_topic_negative,"0.2,3.0,1.0,1.0,1.0,1.0,2.5,2.5,1.0,1.0,1.0,1.0,1.0,1.0,1.0,2.0,1.0"
621,technical_issue,How do I fix a connection problem on Chrome browser?,"In a side note under the comparison table, it says that for a connection problem on Chrome browser, the technical note recommends restarting the service and checking the network permission settings.",0.95,full_messy_article_match,"0.2,3.0,1.0,1.0,1.0,1.0,1.0,2.0,1.0,3.0,3.0,1.0,2.0,2.0,1.0"
622,technical_issue,"Why does mobile app show payment failed when I try to log in? I only need the exact answer, not a general explanation.","After several unrelated lines about customer service, the page says: the article discusses common errors on mobile app, but it never names 'payment failed' or explains what to do during log in. The same article also includes unrelated marketing text and a link to general support.",0.45,partial_missing_key_fields,"0.2,3.0,1.0,1.0,1.0,1.0,1.0,1.0,1.0,2.5,3.0,1.0,1.0,1.0,1.0,2.0,2.0,1.0,1.0,1.0,1.0,1.0,1.0,1.0,1.0,1.0,1.0,1.0,1.0,1.0"
623,technical_issue,Why does admin portal show invalid token when I try to log in?,"In a side note under the comparison table, it says that the order tracking page lists warehouse scans, which does not resolve a technical issue. The same article also includes unrelated marketing text and a link to general support.",0.1,same_topic_wrong_answer,"0.2,3.0,1.0,1.0,1.0,1.0,2.5,2.5,1.0,1.0,1.0,1.0,1.0,1.0,1.0,2.0,2.0,1.0"
624,technical_issue,Why does admin portal show network error when I try to submit an order?,"A short paragraph at the bottom says that support teams may contact customers later, without giving a concrete instruction or value.",0.05,different_topic_negative,"0.2,3.0,1.0,1.0,1.0,1.0,2.5,2.5,1.0,1.0,2.5,1.0,1.0,1.0,1.0,2.0,2.0,2.0,1.0"
625,technical_issue,The checkout page is not working during submit an order; what can I do?,"The page does not present it as a direct answer; instead, it states that the troubleshooting article says that when checkout page shows 'invalid token' during submit an order, users should update the app, clear cached data, and retry on Android tablet.",0.95,full_messy_article_match,"0.2,3.0,1.0,1.0,1.0,2.5,2.5,1.0,3.0,3.0,1.0,2.0,2.0,2.0,1.0,1.0,1.0,1.0,1.0"
626,technical_issue,Why does website show payment failed when I try to upload a file?,"The article discusses common errors on website, but it never names 'payment failed' or explains what to do during upload a file.",0.45,partial_missing_key_fields,"0.2,3.0,1.0,1.0,1.0,1.0,2.5,1.0,2.5,3.0,1.0,1.0,1.0,1.0,2.0,2.0,2.0,1.0"
627,technical_issue,"In short, why does admin portal show page not loading when I try to log in?","A note in the middle of the article adds that the order tracking page lists warehouse scans, which does not resolve a technical issue.",0.1,same_topic_wrong_answer,"0.2,3.0,1.0,1.0,2.0,1.0,1.0,1.0,1.0,2.5,2.5,1.0,2.5,1.0,1.0,1.0,1.0,1.0,1.0,2.0,2.0,1.0"
628,technical_issue,How do I fix a screen freeze on Android tablet?,The guide spends most of its space comparing mobile app layouts and does not mention the requested product or transaction details.,0.0,different_topic_negative,"0.2,3.0,1.0,1.0,1.0,1.0,1.0,2.0,1.0,3.0,3.0,1.0,1.0,1.0,1.0"
629,technical_issue,The mobile app is not working during upload a file; what can I do?,"A note in the middle of the article adds that for a crash on iPhone, the technical note recommends restarting the service and checking the network permission settings.",1.0,full_messy_article_match,"0.2,3.0,1.0,1.0,1.0,1.0,1.0,1.0,3.0,3.0,1.0,2.0,2.0,2.0,1.0,1.0,1.0,1.0,1.0"
630,technical_issue,The checkout page is not working during submit an order; what can I do?,"The page does not present it as a direct answer; instead, it states that the article discusses common errors on checkout page, but it never names 'invalid token' or explains what to do during submit an order. The same article also includes unrelated marketing text and a link to general support.",0.35,partial_missing_key_fields,"0.2,3.0,1.0,1.0,1.0,2.5,2.5,1.0,3.0,3.0,1.0,2.0,2.0,2.0,1.0,1.0,1.0,1.0,1.0"
631,technical_issue,The admin portal is not working during submit an order; what can I do?,"The page does not present it as a direct answer; instead, it states that the order tracking page lists warehouse scans, which does not resolve a technical issue. The same article also includes unrelated marketing text and a link to general support.",0.15,same_topic_wrong_answer,"0.2,3.0,1.0,1.0,1.0,2.5,2.5,1.0,3.0,3.0,1.0,2.0,2.0,2.0,1.0,1.0,1.0,1.0,1.0"
632,technical_issue,"Why does mobile app show payment failed when I try to upload a file? I only need the exact answer, not a general explanation.","According to the announcement, users should check the help center for updates, while unrelated billing references were moved to a separate dashboard. The same article also includes unrelated marketing text and a link to general support.",0.05,different_topic_negative,"0.2,3.0,1.0,1.0,1.0,1.0,1.0,1.0,1.0,2.5,3.0,1.0,1.0,1.0,1.0,2.0,2.0,2.0,1.0,1.0,1.0,1.0,1.0,1.0,1.0,1.0,1.0,1.0,1.0,1.0,1.0"
633,technical_issue,How do I fix a crash on Windows laptop?,"For a crash on Windows laptop, the technical note recommends restarting the service and checking the network permission settings. The same article also includes unrelated marketing text and a link to general support.",0.95,full_messy_article_match,"0.2,3.0,1.0,1.0,1.0,1.0,1.0,2.0,1.0,1.0,1.0,2.0,2.0,1.0"
634,technical_issue,How do I fix a crash on Chrome browser?,"The article discusses common errors on website, but it never names 'page not loading' or explains what to do during upload a file. The same article also includes unrelated marketing text and a link to general support.",0.55,partial_missing_key_fields,"0.2,3.0,1.0,1.0,1.0,1.0,1.0,2.0,1.0,1.0,1.0,2.0,2.0,1.0"
635,technical_issue,Why does admin portal show network error when I try to upload a file?,"After several unrelated lines about customer service, the page says: the order tracking page lists warehouse scans, which does not resolve a technical issue.",0.25,same_topic_wrong_answer,"0.2,3.0,1.0,1.0,1.0,1.0,2.5,2.5,1.0,1.0,2.5,1.0,1.0,1.0,1.0,2.0,2.0,2.0,1.0"
636,technical_issue,Why does mobile app show invalid token when I try to pay?,"The article describes how seasonal demand changes customer waiting times, but it does not provide a direct answer to the requested service detail.",0.0,different_topic_negative,"0.2,3.0,1.0,1.0,1.0,1.0,1.0,1.0,1.0,1.0,1.0,1.0,1.0,1.0,1.0,2.0,1.0"
637,technical_issue,Please help: How do I fix a crash on Windows laptop?,"The troubleshooting article says that when mobile app shows 'network error' during upload a file, users should update the app, clear cached data, and retry on Windows laptop. The same article also includes unrelated marketing text and a link to general support.",0.9,full_messy_article_match,"0.2,3.0,1.0,1.0,1.0,1.0,1.0,1.0,1.0,2.0,1.0,1.0,1.0,2.0,2.0,1.0"
638,technical_issue,The admin portal is not working during submit an order; what can I do?,"After several unrelated lines about customer service, the page says: the article discusses common errors on admin portal, but it never names 'payment failed' or explains what to do during submit an order.",0.55,partial_missing_key_fields,"0.2,3.0,1.0,1.0,1.0,2.5,2.5,1.0,3.0,3.0,1.0,2.0,2.0,2.0,1.0,1.0,1.0,1.0,1.0"
639,technical_issue,How do I fix a connection problem on Android tablet?,"After several unrelated lines about customer service, the page says: the order tracking page lists warehouse scans, which does not resolve a technical issue.",0.1,same_topic_wrong_answer,"0.2,3.0,1.0,1.0,1.0,1.0,1.0,2.0,1.0,3.0,3.0,1.0,1.0,1.0,1.0"
640,technical_issue,How do I fix a crash on Chrome browser?,"The article describes how seasonal demand changes customer waiting times, but it does not provide a direct answer to the requested service detail. The same article also includes unrelated marketing text and a link to general support.",0.0,different_topic_negative,"0.2,3.0,1.0,1.0,1.0,1.0,1.0,2.0,1.0,1.0,1.0,2.0,2.0,1.0"
641,product_specs,Does the printer M185-RED include battery life?,"The specification table lists the Dell printer model X15 with battery life rated at 95 grams, although availability may vary by region.",0.95,full_messy_article_match,"0.2,3.0,1.0,1.0,1.0,1.0,2.5,1.0,1.0,1.0,1.0,2.5,2.5,1.0"
642,product_specs,"In short, tell me the specs for Dell printer.","A catalog paragraph says the item is compact and durable, while the requested model code and specification are missing.",0.35,partial_missing_key_fields,"0.2,3.0,1.0,1.0,1.0,1.0,1.0,1.0,1.0,1.0,2.5,1.0,2.5,2.5,1.0"
643,product_specs,Does the laptop LJ220 include weight?,"After several unrelated lines about customer service, the page says: the refund page explains inspection steps after a return request, not product specifications.",0.2,same_topic_wrong_answer,"0.2,3.0,1.0,1.0,1.0,1.0,2.5,1.0,1.0,1.0,2.5,1.0"
644,product_specs,What is the capacity of the Samsung printer model X15?,"A short paragraph at the bottom says that support teams may contact customers later, without giving a concrete instruction or value.",0.05,different_topic_negative,"0.2,3.0,1.0,1.0,1.0,1.0,1.0,2.5,1.0,1.0,2.5,2.5,2.5,1.0,1.0,1.0"
645,product_specs,Tell me the specs for HP tablet.,"The paragraph continues with a warning about delays, but says that the specification table lists the HP tablet model LaserJet 220 with screen size rated at 95 grams, although availability may vary by region.",0.95,full_messy_article_match,"0.2,3.0,1.0,1.0,1.0,1.0,1.0,2.5,1.0,2.5,2.5,1.0"
646,product_specs,Tell me the specs for Samsung printer.,"The page does not present it as a direct answer; instead, it states that the article reviews the Samsung printer in general terms, but it does not provide the exact capacity for model X15. The same article also includes unrelated marketing text and a link to general support.",0.45,partial_missing_key_fields,"0.2,3.0,1.0,1.0,1.0,1.0,1.0,2.5,1.0,2.5,2.5,1.0"
647,product_specs,"I was checking the site and couldn't find it clearly, does the tablet M185-RED include capacity?","A note in the middle of the article adds that the billing FAQ discusses invoice formats and credit card charges, which does not answer a specs question. The same article also includes unrelated marketing text and a link to general support.",0.1,same_topic_wrong_answer,"0.2,3.0,1.0,1.0,1.0,1.0,1.0,1.0,1.0,1.0,1.0,1.0,1.0,1.0,1.0,1.0,1.0,1.0,2.5,1.0,1.0,1.0,1.0,2.5,1.0"
648,product_specs,Tell me the specs for Logitech printer.,"The article describes how seasonal demand changes customer waiting times, but it does not provide a direct answer to the requested service detail.",0.0,different_topic_negative,"0.2,3.0,1.0,1.0,1.0,1.0,1.0,2.5,1.0,2.5,2.5,1.0"
649,product_specs,Does the tablet M185-RED include battery life?,"After several unrelated lines about customer service, the page says: in the product sheet, tablet code M185-RED includes battery life, and the note describes it as 250 sheets for standard units.",1.0,full_messy_article_match,"0.2,3.0,1.0,1.0,1.0,1.0,2.5,1.0,1.0,1.0,1.0,2.5,2.5,1.0"
650,product_specs,Tell me the specs for Samsung laptop.,"The paragraph continues with a warning about delays, but says that a catalog paragraph says the item is compact and durable, while the requested model code and specification are missing.",0.35,partial_missing_key_fields,"0.2,3.0,1.0,1.0,1.0,1.0,1.0,2.5,1.0,2.5,2.5,1.0"
651,product_specs,Tell me the specs for Samsung tablet.,"In a side note under the comparison table, it says that the billing FAQ discusses invoice formats and credit card charges, which does not answer a specs question.",0.2,same_topic_wrong_answer,"0.2,3.0,1.0,1.0,1.0,1.0,1.0,2.5,1.0,2.5,2.5,1.0"
652,product_specs,"What is the battery life of the Logitech laptop model Tab S10? I only need the exact answer, not a general explanation.",The guide spends most of its space comparing mobile app layouts and does not mention the requested product or transaction details.,0.05,different_topic_negative,"0.2,3.0,1.0,1.0,1.0,1.0,1.0,2.5,2.5,1.0,1.0,2.5,2.5,2.5,1.0,1.0,1.0,1.0,1.0,1.0,1.0,1.0,1.0,1.0,1.0,1.0,1.0,1.0,1.0,1.0"
653,product_specs,Tell me the specs for Dell laptop.,"The page does not present it as a direct answer; instead, it states that the specification table lists the Dell laptop model X15 with capacity rated at 95 grams, although availability may vary by region.",0.95,full_messy_article_match,"0.2,3.0,1.0,1.0,1.0,1.0,1.0,2.5,1.0,2.5,2.5,1.0"
654,product_specs,What is the screen size of the Dell wireless mouse model Tab S10?,"After several unrelated lines about customer service, the page says: the article reviews the Dell wireless mouse in general terms, but it does not provide the exact screen size for model Tab S10. The same article also includes unrelated marketing text and a link to general support.",0.35,partial_missing_key_fields,"0.2,3.0,1.0,1.0,1.0,1.0,1.0,1.0,1.0,1.0,1.0,2.5,1.0,2.5,2.5,1.0,1.0,1.0,1.0"
655,product_specs,What is the capacity of the Samsung tablet model LaserJet 220?,"In a side note under the comparison table, it says that the billing FAQ discusses invoice formats and credit card charges, which does not answer a specs question.",0.15,same_topic_wrong_answer,"0.2,3.0,1.0,1.0,1.0,1.0,1.0,2.5,1.0,1.0,2.5,2.5,2.5,1.0,1.0,1.0"
656,product_specs,Tell me the specs for HP laptop.,"According to the announcement, users should check the help center for updates, while unrelated billing references were moved to a separate dashboard.",0.0,different_topic_negative,"0.2,3.0,1.0,1.0,1.0,1.0,1.0,2.5,1.0,2.5,2.5,1.0"
657,product_specs,"In short, does the wireless mouse AX100 include screen size?","The paragraph continues with a warning about delays, but says that in the product sheet, wireless mouse code AX100 includes screen size, and the note describes it as 10 hours for standard units.",1.0,full_messy_article_match,"0.2,3.0,1.0,1.0,1.0,1.0,1.0,1.0,1.0,1.0,2.5,1.0,1.0,1.0,1.0,1.0,1.0"
658,product_specs,What is the screen size of the Logitech tablet model LaserJet 220?,"A note in the middle of the article adds that the article reviews the Logitech tablet in general terms, but it does not provide the exact screen size for model LaserJet 220.",0.35,partial_missing_key_fields,"0.2,3.0,1.0,1.0,1.0,1.0,1.0,1.0,1.0,1.0,1.0,2.5,2.5,2.5,1.0,1.0,1.0"
659,product_specs,Does the printer LJ220 include capacity?,"The paragraph continues with a warning about delays, but says that the refund page explains inspection steps after a return request, not product specifications. The same article also includes unrelated marketing text and a link to general support.",0.25,same_topic_wrong_answer,"0.2,3.0,1.0,1.0,1.0,1.0,2.5,1.0,1.0,1.0,2.5,1.0"
660,product_specs,Tell me the specs for Samsung wireless mouse.,The guide spends most of its space comparing mobile app layouts and does not mention the requested product or transaction details.,0.0,different_topic_negative,"0.2,3.0,1.0,1.0,1.0,1.0,1.0,2.5,1.0,2.5,1.0,2.5,1.0"
661,product_specs,Does the tablet AX100 include screen size?,"The paragraph continues with a warning about delays, but says that the specification table lists the HP tablet model X15 with screen size rated at 10.9 inches, although availability may vary by region.",0.95,full_messy_article_match,"0.2,3.0,1.0,1.0,1.0,1.0,2.5,1.0,1.0,1.0,1.0,1.0,1.0"
662,product_specs,"In short, tell me the specs for Samsung wireless mouse.","In a side note under the comparison table, it says that a catalog paragraph says the item is compact and durable, while the requested model code and specification are missing.",0.45,partial_missing_key_fields,"0.2,3.0,1.0,1.0,1.0,1.0,1.0,1.0,1.0,1.0,2.5,1.0,2.5,1.0,2.5,1.0"
663,product_specs,Does the laptop TS10L include screen size?,"The refund page explains inspection steps after a return request, not product specifications. The same article also includes unrelated marketing text and a link to general support.",0.15,same_topic_wrong_answer,"0.2,3.0,1.0,1.0,1.0,1.0,2.5,1.0,1.0,1.0,1.0,1.0,1.0,1.0"
664,product_specs,What is the battery life of the Samsung tablet model X15?,"According to the announcement, users should check the help center for updates, while unrelated billing references were moved to a separate dashboard. The same article also includes unrelated marketing text and a link to general support.",0.05,different_topic_negative,"0.2,3.0,1.0,1.0,1.0,1.0,1.0,2.5,2.5,1.0,1.0,2.5,2.5,2.5,1.0,1.0,1.0"
665,product_specs,Tell me the specs for Dell wireless mouse.,"After several unrelated lines about customer service, the page says: in the product sheet, wireless mouse code TS10L includes screen size, and the note describes it as 10 hours for standard units.",0.9,full_messy_article_match,"0.2,3.0,1.0,1.0,1.0,1.0,1.0,2.5,1.0,2.5,1.0,2.5,1.0"
666,product_specs,Does the printer M185-RED include battery life?,"A catalog paragraph says the item is compact and durable, while the requested model code and specification are missing. The same article also includes unrelated marketing text and a link to general support.",0.45,partial_missing_key_fields,"0.2,3.0,1.0,1.0,1.0,1.0,2.5,1.0,1.0,1.0,1.0,2.5,2.5,1.0"
667,product_specs,"Tell me the specs for Logitech wireless mouse. I only need the exact answer, not a general explanation.","In a side note under the comparison table, it says that the refund page explains inspection steps after a return request, not product specifications.",0.1,same_topic_wrong_answer,"0.2,3.0,1.0,1.0,1.0,1.0,1.0,2.5,1.0,2.5,1.0,2.5,1.0,1.0,1.0,1.0,1.0,1.0,1.0,1.0,1.0,1.0,1.0,1.0,1.0"
668,product_specs,What is the screen size of the Dell wireless mouse model M185?,"In a later section, the company notes that account settings can be adjusted from the profile page, although shipment notices may still arrive separately.",0.0,different_topic_negative,"0.2,3.0,1.0,1.0,1.0,1.0,1.0,1.0,1.0,1.0,1.0,2.5,1.0,2.5,2.5,1.0,1.0,1.0"
669,product_specs,Tell me the specs for Samsung tablet.,"The specification table lists the Samsung tablet model X15 with battery life rated at 95 grams, although availability may vary by region.",0.9,full_messy_article_match,"0.2,3.0,1.0,1.0,1.0,1.0,1.0,2.5,1.0,2.5,2.5,1.0"
670,product_specs,Does the wireless mouse M185-RED include weight?,"The article reviews the HP wireless mouse in general terms, but it does not provide the exact weight for model Tab S10. The same article also includes unrelated marketing text and a link to general support.",0.45,partial_missing_key_fields,"0.2,3.0,1.0,1.0,1.0,1.0,1.0,2.5,1.0,1.0,1.0,1.0,2.5,1.0"
671,product_specs,What is the weight of the Samsung laptop model LaserJet 220?,"In a side note under the comparison table, it says that the refund page explains inspection steps after a return request, not product specifications.",0.2,same_topic_wrong_answer,"0.2,3.0,1.0,1.0,1.0,1.0,1.0,2.5,1.0,1.0,2.5,2.5,2.5,1.0,1.0,1.0"
672,product_specs,"I was checking the site and couldn't find it clearly, does the wireless mouse M185-RED include battery life?",The guide spends most of its space comparing mobile app layouts and does not mention the requested product or transaction details. The same article also includes unrelated marketing text and a link to general support.,0.0,different_topic_negative,"0.2,3.0,1.0,1.0,1.0,1.0,1.0,1.0,1.0,1.0,1.0,1.0,1.0,1.0,1.0,1.0,1.0,1.0,1.0,2.5,1.0,1.0,1.0,1.0,2.5,2.5,1.0"
673,product_specs,Does the printer TS10L include screen size?,"The paragraph continues with a warning about delays, but says that the specification table lists the HP printer model LaserJet 220 with screen size rated at 10.9 inches, although availability may vary by region. The same article also includes unrelated marketing text and a link to general support.",0.95,full_messy_article_match,"0.2,3.0,1.0,1.0,1.0,1.0,2.5,1.0,1.0,1.0,1.0,1.0,1.0,1.0"
674,product_specs,What is the capacity of the Logitech laptop model X15?,"The page does not present it as a direct answer; instead, it states that a catalog paragraph says the item is compact and durable, while the requested model code and specification are missing.",0.45,partial_missing_key_fields,"0.2,3.0,1.0,1.0,1.0,1.0,1.0,2.5,1.0,1.0,2.5,2.5,2.5,1.0,1.0,1.0"
675,product_specs,What is the screen size of the Dell printer model Tab S10?,"The billing FAQ discusses invoice formats and credit card charges, which does not answer a specs question.",0.2,same_topic_wrong_answer,"0.2,3.0,1.0,1.0,1.0,1.0,1.0,1.0,1.0,1.0,1.0,2.5,2.5,2.5,1.0,1.0,1.0,1.0"
676,product_specs,Does the laptop M185-RED include weight?,"According to the announcement, users should check the help center for updates, while unrelated billing references were moved to a separate dashboard.",0.0,different_topic_negative,"0.2,3.0,1.0,1.0,1.0,1.0,2.5,1.0,1.0,1.0,1.0,2.5,1.0"
677,product_specs,"Does the laptop LJ220 include capacity? I only need the exact answer, not a general explanation.","In the product sheet, laptop code LJ220 includes capacity, and the note describes it as 10 hours for standard units. The same article also includes unrelated marketing text and a link to general support.",0.9,full_messy_article_match,"0.2,3.0,1.0,1.0,1.0,1.0,2.5,1.0,1.0,1.0,2.5,1.0,1.0,1.0,1.0,1.0,1.0,1.0,1.0,1.0,1.0,1.0,1.0,1.0"
678,product_specs,What is the capacity of the Logitech printer model Tab S10?,"After several unrelated lines about customer service, the page says: the article reviews the Logitech printer in general terms, but it does not provide the exact capacity for model Tab S10.",0.35,partial_missing_key_fields,"0.2,3.0,1.0,1.0,1.0,1.0,1.0,2.5,1.0,1.0,2.5,2.5,2.5,1.0,1.0,1.0,1.0"
679,product_specs,What is the weight of the Logitech wireless mouse model X15?,"A note in the middle of the article adds that the billing FAQ discusses invoice formats and credit card charges, which does not answer a specs question.",0.25,same_topic_wrong_answer,"0.2,3.0,1.0,1.0,1.0,1.0,1.0,2.5,1.0,1.0,2.5,1.0,2.5,2.5,1.0,1.0,1.0"
680,product_specs,Tell me the specs for HP printer.,"The article describes how seasonal demand changes customer waiting times, but it does not provide a direct answer to the requested service detail. The same article also includes unrelated marketing text and a link to general support.",0.05,different_topic_negative,"0.2,3.0,1.0,1.0,1.0,1.0,1.0,2.5,1.0,2.5,2.5,1.0"
681,product_specs,What is the capacity of the Logitech laptop model Tab S10?,"A note in the middle of the article adds that the specification table lists the Logitech laptop model Tab S10 with capacity rated at 10.9 inches, although availability may vary by region.",0.9,full_messy_article_match,"0.2,3.0,1.0,1.0,1.0,1.0,1.0,2.5,1.0,1.0,2.5,2.5,2.5,1.0,1.0,1.0,1.0"
682,product_specs,"In short, tell me the specs for Logitech laptop.","In a side note under the comparison table, it says that the article reviews the Logitech laptop in general terms, but it does not provide the exact screen size for model Tab S10.",0.55,partial_missing_key_fields,"0.2,3.0,1.0,1.0,1.0,1.0,1.0,1.0,1.0,1.0,2.5,1.0,2.5,2.5,1.0"
683,product_specs,Does the tablet M185-RED include capacity?,"The page does not present it as a direct answer; instead, it states that the billing FAQ discusses invoice formats and credit card charges, which does not answer a specs question. The same article also includes unrelated marketing text and a link to general support.",0.25,same_topic_wrong_answer,"0.2,3.0,1.0,1.0,1.0,1.0,2.5,1.0,1.0,1.0,1.0,2.5,1.0"
684,product_specs,Tell me the specs for Dell printer.,"In a later section, the company notes that account settings can be adjusted from the profile page, although shipment notices may still arrive separately.",0.0,different_topic_negative,"0.2,3.0,1.0,1.0,1.0,1.0,1.0,2.5,1.0,2.5,2.5,1.0"
685,product_specs,What is the battery life of the Logitech laptop model Tab S10?,"The specification table lists the Logitech laptop model Tab S10 with battery life rated at 10.9 inches, although availability may vary by region. The same article also includes unrelated marketing text and a link to general support.",0.95,full_messy_article_match,"0.2,3.0,1.0,1.0,1.0,1.0,1.0,2.5,2.5,1.0,1.0,2.5,2.5,2.5,1.0,1.0,1.0,1.0"
686,product_specs,Does the printer M185-RED include capacity?,"In a side note under the comparison table, it says that the article reviews the HP printer in general terms, but it does not provide the exact capacity for model X15.",0.55,partial_missing_key_fields,"0.2,3.0,1.0,1.0,1.0,1.0,2.5,1.0,1.0,1.0,1.0,2.5,1.0"
687,product_specs,"I was checking the site and couldn't find it clearly, what is the capacity of the Logitech laptop model LaserJet 220?","The page does not present it as a direct answer; instead, it states that the billing FAQ discusses invoice formats and credit card charges, which does not answer a specs question.",0.25,same_topic_wrong_answer,"0.2,3.0,1.0,1.0,1.0,1.0,1.0,1.0,1.0,1.0,1.0,1.0,1.0,1.0,1.0,1.0,1.0,1.0,1.0,2.5,1.0,1.0,2.5,2.5,2.5,1.0,1.0,1.0"
688,product_specs,Does the tablet TS10L include weight?,"A short paragraph at the bottom says that support teams may contact customers later, without giving a concrete instruction or value.",0.0,different_topic_negative,"0.2,3.0,1.0,1.0,1.0,1.0,2.5,1.0,1.0,1.0,1.0,2.5,1.0"
689,product_specs,Does the tablet AX100 include screen size?,"After several unrelated lines about customer service, the page says: the specification table lists the Dell tablet model X15 with screen size rated at 10.9 inches, although availability may vary by region.",0.95,full_messy_article_match,"0.2,3.0,1.0,1.0,1.0,1.0,2.5,1.0,1.0,1.0,1.0,1.0,1.0"
690,product_specs,Tell me the specs for Samsung wireless mouse.,"The page does not present it as a direct answer; instead, it states that a catalog paragraph says the item is compact and durable, while the requested model code and specification are missing.",0.45,partial_missing_key_fields,"0.2,3.0,1.0,1.0,1.0,1.0,1.0,2.5,1.0,2.5,1.0,2.5,1.0"
691,product_specs,Tell me the specs for Samsung tablet.,"The paragraph continues with a warning about delays, but says that the refund page explains inspection steps after a return request, not product specifications.",0.2,same_topic_wrong_answer,"0.2,3.0,1.0,1.0,1.0,1.0,1.0,2.5,1.0,2.5,2.5,1.0"
692,product_specs,"I was checking the site and couldn't find it clearly, does the printer LJ220 include capacity?",The guide spends most of its space comparing mobile app layouts and does not mention the requested product or transaction details.,0.05,different_topic_negative,"0.2,3.0,1.0,1.0,1.0,1.0,1.0,1.0,1.0,1.0,1.0,1.0,1.0,1.0,1.0,1.0,1.0,1.0,2.5,1.0,1.0,1.0,2.5,1.0"
693,product_specs,What is the weight of the Samsung wireless mouse model LaserJet 220?,"In the product sheet, wireless mouse code TS10L includes weight, and the note describes it as 95 grams for standard units.",0.9,full_messy_article_match,"0.2,3.0,1.0,1.0,1.0,1.0,1.0,2.5,1.0,1.0,2.5,1.0,2.5,2.5,1.0,1.0,1.0"
694,product_specs,Tell me the specs for Logitech wireless mouse.,"After several unrelated lines about customer service, the page says: a catalog paragraph says the item is compact and durable, while the requested model code and specification are missing. The same article also includes unrelated marketing text and a link to general support.",0.55,partial_missing_key_fields,"0.2,3.0,1.0,1.0,1.0,1.0,1.0,2.5,1.0,2.5,1.0,2.5,1.0"
695,product_specs,Does the tablet TS10L include screen size?,"The page does not present it as a direct answer; instead, it states that the refund page explains inspection steps after a return request, not product specifications.",0.25,same_topic_wrong_answer,"0.2,3.0,1.0,1.0,1.0,1.0,2.5,1.0,1.0,1.0,1.0,1.0,1.0,1.0"
696,product_specs,What is the battery life of the Dell wireless mouse model Tab S10?,"The article describes how seasonal demand changes customer waiting times, but it does not provide a direct answer to the requested service detail.",0.05,different_topic_negative,"0.2,3.0,1.0,1.0,1.0,1.0,1.0,2.5,2.5,1.0,1.0,2.5,1.0,2.5,2.5,1.0,1.0,1.0,1.0"
697,product_specs,Please help: Tell me the specs for Dell tablet.,"The paragraph continues with a warning about delays, but says that in the product sheet, tablet code AX100 includes capacity, and the note describes it as 250 sheets for standard units.",0.9,full_messy_article_match,"0.2,3.0,1.0,1.0,1.0,1.0,1.0,1.0,1.0,2.5,1.0,2.5,2.5,1.0"
698,product_specs,What is the screen size of the Samsung tablet model Tab S10?,"After several unrelated lines about customer service, the page says: the article reviews the Samsung tablet in general terms, but it does not provide the exact screen size for model Tab S10.",0.35,partial_missing_key_fields,"0.2,3.0,1.0,1.0,1.0,1.0,1.0,1.0,1.0,1.0,1.0,2.5,2.5,2.5,1.0,1.0,1.0,1.0"
699,product_specs,What is the capacity of the Samsung tablet model M185?,"A note in the middle of the article adds that the refund page explains inspection steps after a return request, not product specifications. The same article also includes unrelated marketing text and a link to general support.",0.1,same_topic_wrong_answer,"0.2,3.0,1.0,1.0,1.0,1.0,1.0,2.5,1.0,1.0,2.5,2.5,2.5,1.0,1.0,1.0"
700,product_specs,What is the weight of the HP printer model M185?,"In a later section, the company notes that account settings can be adjusted from the profile page, although shipment notices may still arrive separately.",0.0,different_topic_negative,"0.2,3.0,1.0,1.0,1.0,1.0,1.0,2.5,1.0,1.0,2.5,2.5,2.5,1.0,1.0,1.0"
701,product_specs,Tell me the specs for Dell wireless mouse.,"The paragraph continues with a warning about delays, but says that the specification table lists the Dell wireless mouse model M185 with battery life rated at 10.9 inches, although availability may vary by region.",0.95,full_messy_article_match,"0.2,3.0,1.0,1.0,1.0,1.0,1.0,2.5,1.0,2.5,1.0,2.5,1.0"
702,product_specs,"In short, what is the weight of the Samsung tablet model M185?","After several unrelated lines about customer service, the page says: a catalog paragraph says the item is compact and durable, while the requested model code and specification are missing.",0.35,partial_missing_key_fields,"0.2,3.0,1.0,1.0,1.0,1.0,1.0,1.0,1.0,1.0,2.5,1.0,1.0,2.5,2.5,2.5,1.0,1.0,1.0"
703,product_specs,Tell me the specs for Logitech printer.,"The billing FAQ discusses invoice formats and credit card charges, which does not answer a specs question.",0.25,same_topic_wrong_answer,"0.2,3.0,1.0,1.0,1.0,1.0,1.0,2.5,1.0,2.5,2.5,1.0"
704,product_specs,What is the screen size of the Dell wireless mouse model Tab S10?,"A short paragraph at the bottom says that support teams may contact customers later, without giving a concrete instruction or value. The same article also includes unrelated marketing text and a link to general support.",0.0,different_topic_negative,"0.2,3.0,1.0,1.0,1.0,1.0,1.0,1.0,1.0,1.0,1.0,2.5,1.0,2.5,2.5,1.0,1.0,1.0,1.0"
705,product_specs,Tell me the specs for Samsung tablet.,"After several unrelated lines about customer service, the page says: the specification table lists the Samsung tablet model X15 with capacity rated at 10.9 inches, although availability may vary by region.",0.95,full_messy_article_match,"0.2,3.0,1.0,1.0,1.0,1.0,1.0,2.5,1.0,2.5,2.5,1.0"
706,product_specs,Tell me the specs for Dell tablet.,"A catalog paragraph says the item is compact and durable, while the requested model code and specification are missing.",0.35,partial_missing_key_fields,"0.2,3.0,1.0,1.0,1.0,1.0,1.0,2.5,1.0,2.5,2.5,1.0"
707,product_specs,Please help: What is the capacity of the Samsung tablet model LaserJet 220?,"In a side note under the comparison table, it says that the refund page explains inspection steps after a return request, not product specifications. The same article also includes unrelated marketing text and a link to general support.",0.15,same_topic_wrong_answer,"0.2,3.0,1.0,1.0,1.0,1.0,1.0,1.0,1.0,2.5,1.0,1.0,2.5,2.5,2.5,1.0,1.0,1.0"
708,product_specs,Tell me the specs for HP laptop.,"The article describes how seasonal demand changes customer waiting times, but it does not provide a direct answer to the requested service detail.",0.05,different_topic_negative,"0.2,3.0,1.0,1.0,1.0,1.0,1.0,2.5,1.0,2.5,2.5,1.0"
709,product_specs,What is the battery life of the Logitech laptop model M185?,"The paragraph continues with a warning about delays, but says that in the product sheet, laptop code AX100 includes battery life, and the note describes it as 95 grams for standard units. The same article also includes unrelated marketing text and a link to general support.",0.9,full_messy_article_match,"0.2,3.0,1.0,1.0,1.0,1.0,1.0,2.5,2.5,1.0,1.0,2.5,2.5,2.5,1.0,1.0,1.0"
710,product_specs,Does the tablet M185-RED include capacity?,"A catalog paragraph says the item is compact and durable, while the requested model code and specification are missing. The same article also includes unrelated marketing text and a link to general support.",0.45,partial_missing_key_fields,"0.2,3.0,1.0,1.0,1.0,1.0,2.5,1.0,1.0,1.0,1.0,2.5,1.0"
711,product_specs,Tell me the specs for HP wireless mouse.,"In a side note under the comparison table, it says that the refund page explains inspection steps after a return request, not product specifications.",0.1,same_topic_wrong_answer,"0.2,3.0,1.0,1.0,1.0,1.0,1.0,2.5,1.0,2.5,1.0,2.5,1.0"
712,product_specs,"I was checking the site and couldn't find it clearly, what is the screen size of the Dell printer model X15?","A short paragraph at the bottom says that support teams may contact customers later, without giving a concrete instruction or value.",0.0,different_topic_negative,"0.2,3.0,1.0,1.0,1.0,1.0,1.0,1.0,1.0,1.0,1.0,1.0,1.0,1.0,1.0,1.0,1.0,1.0,1.0,1.0,1.0,1.0,1.0,2.5,2.5,2.5,1.0,1.0,1.0"
713,product_specs,Tell me the specs for HP laptop.,"The paragraph continues with a warning about delays, but says that in the product sheet, laptop code LJ220 includes screen size, and the note describes it as 10.9 inches for standard units.",1.0,full_messy_article_match,"0.2,3.0,1.0,1.0,1.0,1.0,1.0,2.5,1.0,2.5,2.5,1.0"
714,product_specs,What is the capacity of the Dell tablet model M185?,"After several unrelated lines about customer service, the page says: the article reviews the Dell tablet in general terms, but it does not provide the exact capacity for model M185. The same article also includes unrelated marketing text and a link to general support.",0.45,partial_missing_key_fields,"0.2,3.0,1.0,1.0,1.0,1.0,1.0,2.5,1.0,1.0,2.5,2.5,2.5,1.0,1.0,1.0"
715,product_specs,Tell me the specs for Dell laptop.,"The billing FAQ discusses invoice formats and credit card charges, which does not answer a specs question.",0.2,same_topic_wrong_answer,"0.2,3.0,1.0,1.0,1.0,1.0,1.0,2.5,1.0,2.5,2.5,1.0"
716,product_specs,What is the capacity of the HP printer model Tab S10?,The guide spends most of its space comparing mobile app layouts and does not mention the requested product or transaction details.,0.05,different_topic_negative,"0.2,3.0,1.0,1.0,1.0,1.0,1.0,2.5,1.0,1.0,2.5,2.5,2.5,1.0,1.0,1.0,1.0"
717,product_specs,"I was checking the site and couldn't find it clearly, does the printer M185-RED include weight?","After several unrelated lines about customer service, the page says: in the product sheet, printer code M185-RED includes weight, and the note describes it as 10.9 inches for standard units.",0.95,full_messy_article_match,"0.2,3.0,1.0,1.0,1.0,1.0,1.0,1.0,1.0,1.0,1.0,1.0,1.0,1.0,1.0,1.0,1.0,1.0,2.5,1.0,1.0,1.0,1.0,2.5,1.0"
718,product_specs,What is the battery life of the Samsung tablet model Tab S10?,"A note in the middle of the article adds that the article reviews the Samsung tablet in general terms, but it does not provide the exact battery life for model Tab S10.",0.35,partial_missing_key_fields,"0.2,3.0,1.0,1.0,1.0,1.0,1.0,2.5,2.5,1.0,1.0,2.5,2.5,2.5,1.0,1.0,1.0,1.0"
719,product_specs,Does the laptop TS10L include screen size?,"The billing FAQ discusses invoice formats and credit card charges, which does not answer a specs question. The same article also includes unrelated marketing text and a link to general support.",0.25,same_topic_wrong_answer,"0.2,3.0,1.0,1.0,1.0,1.0,2.5,1.0,1.0,1.0,1.0,1.0,1.0,1.0"
720,product_specs,What is the battery life of the Samsung tablet model X15?,"According to the announcement, users should check the help center for updates, while unrelated billing references were moved to a separate dashboard.",0.05,different_topic_negative,"0.2,3.0,1.0,1.0,1.0,1.0,1.0,2.5,2.5,1.0,1.0,2.5,2.5,2.5,1.0,1.0,1.0"
721,policy,What is your privacy policy for late changes?,"The page does not present it as a direct answer; instead, it states that the policy section states that late changes is allowed under the privacy policy only when for business accounts is met and support approval is recorded.",1.0,full_messy_article_match,"0.2,3.0,1.0,1.0,1.0,1.0,1.0,3.0,3.0,1.0,2.5,2.5,1.0"
722,policy,"I was checking the site and couldn't find it clearly, does the policy allow late changes under for business accounts?","The page briefly mentions privacy, but the paragraph does not explain whether late changes is allowed under for business accounts.",0.45,partial_missing_key_fields,"0.2,3.0,1.0,1.0,1.0,1.0,1.0,1.0,1.0,1.0,1.0,1.0,1.0,1.0,1.0,1.0,1.0,1.0,3.0,1.0,2.5,2.5,1.0,1.0,2.5,2.5,1.0"
723,policy,Can you explain the shipping rules?,The product catalog lists colors and dimensions rather than policy rules. The same article also includes unrelated marketing text and a link to general support.,0.1,same_topic_wrong_answer,"0.2,3.0,1.0,1.0,1.0,1.0,1.0,1.0,3.0,3.0,1.0"
724,policy,What is your privacy policy for international orders?,"In a later section, the company notes that account settings can be adjusted from the profile page, although shipment notices may still arrive separately.",0.0,different_topic_negative,"0.2,3.0,1.0,1.0,1.0,1.0,1.0,3.0,3.0,1.0,2.5,2.5,1.0"
725,policy,What is your refund policy for international orders?,"The page does not present it as a direct answer; instead, it states that according to the rules page, the refund policy applies to international orders and requires customers to keep the original confirmation email. The same article also includes unrelated marketing text and a link to general support.",1.0,full_messy_article_match,"0.2,3.0,1.0,1.0,1.0,1.0,1.0,3.0,3.0,1.0,2.5,2.5,1.0"
726,policy,What is your cancellation policy for late changes?,"The page does not present it as a direct answer; instead, it states that a general legal note says terms may vary by region, without giving the requested rule.",0.35,partial_missing_key_fields,"0.2,3.0,1.0,1.0,1.0,1.0,1.0,3.0,3.0,1.0,2.5,2.5,1.0"
727,policy,Please help: Can you explain the refund rules?,"In a side note under the comparison table, it says that the product catalog lists colors and dimensions rather than policy rules. The same article also includes unrelated marketing text and a link to general support.",0.2,same_topic_wrong_answer,"0.2,3.0,1.0,1.0,1.0,1.0,1.0,1.0,1.0,1.0,3.0,3.0,1.0"
728,policy,What is your cancellation policy for international orders?,"The article describes how seasonal demand changes customer waiting times, but it does not provide a direct answer to the requested service detail. The same article also includes unrelated marketing text and a link to general support.",0.0,different_topic_negative,"0.2,3.0,1.0,1.0,1.0,1.0,1.0,3.0,3.0,1.0,2.5,2.5,1.0"
729,policy,Does the policy allow international orders under within 24 hours?,"In a side note under the comparison table, it says that according to the rules page, the cancellation policy applies to international orders and requires customers to keep the original confirmation email.",0.95,full_messy_article_match,"0.2,3.0,1.0,1.0,1.0,1.0,3.0,1.0,2.5,2.5,1.0,1.0,1.0,1.0,1.0"
730,policy,Does the policy allow opened items under for business accounts?,"A note in the middle of the article adds that a general legal note says terms may vary by region, without giving the requested rule.",0.55,partial_missing_key_fields,"0.2,3.0,1.0,1.0,1.0,1.0,3.0,1.0,1.0,1.0,1.0,1.0,2.5,2.5,1.0"
731,policy,What is your shipping policy for international orders?,"After several unrelated lines about customer service, the page says: the technical guide describes browser cache clearing, not company policy conditions.",0.25,same_topic_wrong_answer,"0.2,3.0,1.0,1.0,1.0,1.0,1.0,3.0,3.0,1.0,2.5,2.5,1.0"
732,policy,"Does the policy allow international orders under during holidays? I only need the exact answer, not a general explanation.","A short paragraph at the bottom says that support teams may contact customers later, without giving a concrete instruction or value.",0.05,different_topic_negative,"0.2,3.0,1.0,1.0,1.0,1.0,3.0,1.0,2.5,2.5,1.0,1.0,1.0,1.0,1.0,1.0,1.0,1.0,1.0,1.0,1.0,1.0,1.0,1.0,1.0,1.0"
733,policy,Can you explain the refund rules?,The policy section states that international orders is allowed under the refund policy only when for business accounts is met and support approval is recorded.,0.9,full_messy_article_match,"0.2,3.0,1.0,1.0,1.0,1.0,1.0,1.0,3.0,3.0,1.0"
734,policy,What is your refund policy for customer data?,"In a side note under the comparison table, it says that the page briefly mentions refund, but the paragraph does not explain whether customer data is allowed under for business accounts.",0.45,partial_missing_key_fields,"0.2,3.0,1.0,1.0,1.0,1.0,1.0,3.0,3.0,1.0,1.0,1.0,1.0"
735,policy,What is your shipping policy for opened items?,The product catalog lists colors and dimensions rather than policy rules. The same article also includes unrelated marketing text and a link to general support.,0.25,same_topic_wrong_answer,"0.2,3.0,1.0,1.0,1.0,1.0,1.0,3.0,3.0,1.0,1.0,1.0,1.0"
736,policy,What is your privacy policy for late changes?,The guide spends most of its space comparing mobile app layouts and does not mention the requested product or transaction details.,0.05,different_topic_negative,"0.2,3.0,1.0,1.0,1.0,1.0,1.0,3.0,3.0,1.0,2.5,2.5,1.0"
737,policy,"I was checking the site and couldn't find it clearly, can you explain the cancellation rules?","The page does not present it as a direct answer; instead, it states that according to the rules page, the cancellation policy applies to international orders and requires customers to keep the original confirmation email.",1.0,full_messy_article_match,"0.2,3.0,1.0,1.0,1.0,1.0,1.0,1.0,1.0,1.0,1.0,1.0,1.0,1.0,1.0,1.0,1.0,1.0,1.0,1.0,3.0,3.0,1.0"
738,policy,Does the policy allow customer data under during holidays?,"The page does not present it as a direct answer; instead, it states that the page briefly mentions refund, but the paragraph does not explain whether customer data is allowed under during holidays. The same article also includes unrelated marketing text and a link to general support.",0.45,partial_missing_key_fields,"0.2,3.0,1.0,1.0,1.0,1.0,3.0,1.0,1.0,1.0,1.0,1.0,1.0,1.0"
739,policy,Does the policy allow late changes under after delivery?,"After several unrelated lines about customer service, the page says: the technical guide describes browser cache clearing, not company policy conditions. The same article also includes unrelated marketing text and a link to general support.",0.25,same_topic_wrong_answer,"0.2,3.0,1.0,1.0,1.0,1.0,3.0,1.0,2.5,2.5,1.0,1.0,1.0,1.0"
740,policy,Can you explain the cancellation rules?,The guide spends most of its space comparing mobile app layouts and does not mention the requested product or transaction details.,0.0,different_topic_negative,"0.2,3.0,1.0,1.0,1.0,1.0,1.0,1.0,3.0,3.0,1.0"
741,policy,What is your shipping policy for opened items?,"After several unrelated lines about customer service, the page says: according to the rules page, the shipping policy applies to opened items and requires customers to keep the original confirmation email.",0.9,full_messy_article_match,"0.2,3.0,1.0,1.0,1.0,1.0,1.0,3.0,3.0,1.0,1.0,1.0,1.0"
742,policy,Please help: Does the policy allow late changes under for business accounts?,"A note in the middle of the article adds that the page briefly mentions shipping, but the paragraph does not explain whether late changes is allowed under for business accounts.",0.55,partial_missing_key_fields,"0.2,3.0,1.0,1.0,1.0,1.0,1.0,1.0,3.0,1.0,2.5,2.5,1.0,1.0,2.5,2.5,1.0"
743,policy,What is your shipping policy for late changes?,"In a side note under the comparison table, it says that the technical guide describes browser cache clearing, not company policy conditions. The same article also includes unrelated marketing text and a link to general support.",0.2,same_topic_wrong_answer,"0.2,3.0,1.0,1.0,1.0,1.0,1.0,3.0,3.0,1.0,2.5,2.5,1.0"
744,policy,Can you explain the shipping rules?,"According to the announcement, users should check the help center for updates, while unrelated billing references were moved to a separate dashboard.",0.05,different_topic_negative,"0.2,3.0,1.0,1.0,1.0,1.0,1.0,1.0,3.0,3.0,1.0"
745,policy,What is your refund policy for late changes?,"After several unrelated lines about customer service, the page says: the policy section states that late changes is allowed under the refund policy only when within 24 hours is met and support approval is recorded.",0.95,full_messy_article_match,"0.2,3.0,1.0,1.0,1.0,1.0,1.0,3.0,3.0,1.0,2.5,2.5,1.0"
746,policy,Can you explain the cancellation rules?,"In a side note under the comparison table, it says that the page briefly mentions cancellation, but the paragraph does not explain whether customer data is allowed under during holidays. The same article also includes unrelated marketing text and a link to general support.",0.45,partial_missing_key_fields,"0.2,3.0,1.0,1.0,1.0,1.0,1.0,1.0,3.0,3.0,1.0"
747,policy,"Does the policy allow opened items under for business accounts? I only need the exact answer, not a general explanation.","The paragraph continues with a warning about delays, but says that the product catalog lists colors and dimensions rather than policy rules. The same article also includes unrelated marketing text and a link to general support.",0.15,same_topic_wrong_answer,"0.2,3.0,1.0,1.0,1.0,1.0,3.0,1.0,1.0,1.0,1.0,1.0,2.5,2.5,1.0,1.0,1.0,1.0,1.0,1.0,1.0,1.0,1.0,1.0,1.0,1.0,1.0"
748,policy,Can you explain the shipping rules?,The guide spends most of its space comparing mobile app layouts and does not mention the requested product or transaction details. The same article also includes unrelated marketing text and a link to general support.,0.0,different_topic_negative,"0.2,3.0,1.0,1.0,1.0,1.0,1.0,1.0,3.0,3.0,1.0"
749,policy,Does the policy allow customer data under within 24 hours?,The policy section states that customer data is allowed under the cancellation policy only when within 24 hours is met and support approval is recorded. The same article also includes unrelated marketing text and a link to general support.,0.9,full_messy_article_match,"0.2,3.0,1.0,1.0,1.0,1.0,3.0,1.0,1.0,1.0,1.0,1.0,1.0,1.0,1.0"
750,policy,Can you explain the cancellation rules?,"The page briefly mentions cancellation, but the paragraph does not explain whether opened items is allowed under within 24 hours.",0.55,partial_missing_key_fields,"0.2,3.0,1.0,1.0,1.0,1.0,1.0,1.0,3.0,3.0,1.0"
751,policy,Does the policy allow international orders under after delivery?,"After several unrelated lines about customer service, the page says: the product catalog lists colors and dimensions rather than policy rules.",0.2,same_topic_wrong_answer,"0.2,3.0,1.0,1.0,1.0,1.0,3.0,1.0,2.5,2.5,1.0,1.0,1.0,1.0"
752,policy,Please help: What is your shipping policy for customer data?,"The article describes how seasonal demand changes customer waiting times, but it does not provide a direct answer to the requested service detail.",0.05,different_topic_negative,"0.2,3.0,1.0,1.0,1.0,1.0,1.0,1.0,1.0,3.0,3.0,1.0,1.0,1.0,1.0"
753,policy,Can you explain the privacy rules?,"The paragraph continues with a warning about delays, but says that the policy section states that customer data is allowed under the privacy policy only when within 24 hours is met and support approval is recorded.",0.9,full_messy_article_match,"0.2,3.0,1.0,1.0,1.0,1.0,1.0,1.0,3.0,3.0,1.0"
754,policy,Does the policy allow late changes under after delivery?,"After several unrelated lines about customer service, the page says: the page briefly mentions refund, but the paragraph does not explain whether late changes is allowed under after delivery.",0.55,partial_missing_key_fields,"0.2,3.0,1.0,1.0,1.0,1.0,3.0,1.0,2.5,2.5,1.0,1.0,1.0,1.0"
755,policy,Can you explain the shipping rules?,"The technical guide describes browser cache clearing, not company policy conditions. The same article also includes unrelated marketing text and a link to general support.",0.15,same_topic_wrong_answer,"0.2,3.0,1.0,1.0,1.0,1.0,1.0,1.0,3.0,3.0,1.0"
756,policy,What is your privacy policy for customer data?,"In a later section, the company notes that account settings can be adjusted from the profile page, although shipment notices may still arrive separately.",0.05,different_topic_negative,"0.2,3.0,1.0,1.0,1.0,1.0,1.0,3.0,3.0,1.0,1.0,1.0,1.0"
757,policy,"In short, what is your shipping policy for late changes?","In a side note under the comparison table, it says that according to the rules page, the shipping policy applies to late changes and requires customers to keep the original confirmation email.",1.0,full_messy_article_match,"0.2,3.0,1.0,1.0,1.0,1.0,1.0,1.0,1.0,1.0,3.0,3.0,1.0,2.5,2.5,1.0"
758,policy,Does the policy allow late changes under within 24 hours?,"The paragraph continues with a warning about delays, but says that the page briefly mentions shipping, but the paragraph does not explain whether late changes is allowed under within 24 hours.",0.35,partial_missing_key_fields,"0.2,3.0,1.0,1.0,1.0,1.0,3.0,1.0,2.5,2.5,1.0,1.0,1.0,1.0,1.0"
759,policy,What is your shipping policy for late changes?,A note in the middle of the article adds that the product catalog lists colors and dimensions rather than policy rules. The same article also includes unrelated marketing text and a link to general support.,0.15,same_topic_wrong_answer,"0.2,3.0,1.0,1.0,1.0,1.0,1.0,3.0,3.0,1.0,2.5,2.5,1.0"
760,policy,Does the policy allow opened items under during holidays?,"The article describes how seasonal demand changes customer waiting times, but it does not provide a direct answer to the requested service detail. The same article also includes unrelated marketing text and a link to general support.",0.0,different_topic_negative,"0.2,3.0,1.0,1.0,1.0,1.0,3.0,1.0,1.0,1.0,1.0,1.0,1.0,1.0"
761,policy,Does the policy allow opened items under for business accounts?,"The page does not present it as a direct answer; instead, it states that according to the rules page, the shipping policy applies to opened items and requires customers to keep the original confirmation email. The same article also includes unrelated marketing text and a link to general support.",1.0,full_messy_article_match,"0.2,3.0,1.0,1.0,1.0,1.0,3.0,1.0,1.0,1.0,1.0,1.0,2.5,2.5,1.0"
762,policy,"Can you explain the privacy rules? I only need the exact answer, not a general explanation.","The paragraph continues with a warning about delays, but says that a general legal note says terms may vary by region, without giving the requested rule. The same article also includes unrelated marketing text and a link to general support.",0.55,partial_missing_key_fields,"0.2,3.0,1.0,1.0,1.0,1.0,1.0,1.0,3.0,3.0,1.0,1.0,1.0,1.0,1.0,1.0,1.0,1.0,1.0,1.0,1.0,1.0,1.0"
763,policy,Does the policy allow international orders under within 24 hours?,"After several unrelated lines about customer service, the page says: the product catalog lists colors and dimensions rather than policy rules.",0.25,same_topic_wrong_answer,"0.2,3.0,1.0,1.0,1.0,1.0,3.0,1.0,2.5,2.5,1.0,1.0,1.0,1.0,1.0"
764,policy,What is your refund policy for late changes?,"In a later section, the company notes that account settings can be adjusted from the profile page, although shipment notices may still arrive separately.",0.0,different_topic_negative,"0.2,3.0,1.0,1.0,1.0,1.0,1.0,3.0,3.0,1.0,2.5,2.5,1.0"
765,policy,Can you explain the cancellation rules?,"After several unrelated lines about customer service, the page says: according to the rules page, the cancellation policy applies to customer data and requires customers to keep the original confirmation email.",0.9,full_messy_article_match,"0.2,3.0,1.0,1.0,1.0,1.0,1.0,1.0,3.0,3.0,1.0"
766,policy,Can you explain the shipping rules?,"The page briefly mentions shipping, but the paragraph does not explain whether international orders is allowed under after delivery.",0.55,partial_missing_key_fields,"0.2,3.0,1.0,1.0,1.0,1.0,1.0,1.0,3.0,3.0,1.0"
767,policy,"In short, what is your refund policy for international orders?",A note in the middle of the article adds that the product catalog lists colors and dimensions rather than policy rules.,0.1,same_topic_wrong_answer,"0.2,3.0,1.0,1.0,1.0,1.0,1.0,1.0,1.0,1.0,3.0,3.0,1.0,2.5,2.5,1.0"
768,policy,Does the policy allow customer data under for business accounts?,"According to the announcement, users should check the help center for updates, while unrelated billing references were moved to a separate dashboard.",0.05,different_topic_negative,"0.2,3.0,1.0,1.0,1.0,1.0,3.0,1.0,1.0,1.0,1.0,1.0,2.5,2.5,1.0"
769,policy,Does the policy allow international orders under during holidays?,"The paragraph continues with a warning about delays, but says that the policy section states that international orders is allowed under the cancellation policy only when during holidays is met and support approval is recorded.",0.95,full_messy_article_match,"0.2,3.0,1.0,1.0,1.0,1.0,3.0,1.0,2.5,2.5,1.0,1.0,1.0,1.0"
770,policy,Does the policy allow late changes under during holidays?,"The paragraph continues with a warning about delays, but says that the page briefly mentions privacy, but the paragraph does not explain whether late changes is allowed under during holidays.",0.45,partial_missing_key_fields,"0.2,3.0,1.0,1.0,1.0,1.0,3.0,1.0,2.5,2.5,1.0,1.0,1.0,1.0"
771,policy,Does the policy allow customer data under for business accounts?,"The page does not present it as a direct answer; instead, it states that the technical guide describes browser cache clearing, not company policy conditions. The same article also includes unrelated marketing text and a link to general support.",0.15,same_topic_wrong_answer,"0.2,3.0,1.0,1.0,1.0,1.0,3.0,1.0,1.0,1.0,1.0,1.0,2.5,2.5,1.0"
772,policy,Please help: Does the policy allow opened items under for business accounts?,The guide spends most of its space comparing mobile app layouts and does not mention the requested product or transaction details.,0.0,different_topic_negative,"0.2,3.0,1.0,1.0,1.0,1.0,1.0,1.0,3.0,1.0,1.0,1.0,1.0,1.0,2.5,2.5,1.0"
773,policy,Does the policy allow opened items under after delivery?,"In a side note under the comparison table, it says that the policy section states that opened items is allowed under the refund policy only when after delivery is met and support approval is recorded. The same article also includes unrelated marketing text and a link to general support.",0.9,full_messy_article_match,"0.2,3.0,1.0,1.0,1.0,1.0,3.0,1.0,1.0,1.0,1.0,1.0,1.0,1.0"
774,policy,Does the policy allow late changes under after delivery?,"The paragraph continues with a warning about delays, but says that the page briefly mentions shipping, but the paragraph does not explain whether late changes is allowed under after delivery.",0.35,partial_missing_key_fields,"0.2,3.0,1.0,1.0,1.0,1.0,3.0,1.0,2.5,2.5,1.0,1.0,1.0,1.0"
775,policy,Does the policy allow customer data under for business accounts?,"The page does not present it as a direct answer; instead, it states that the product catalog lists colors and dimensions rather than policy rules.",0.15,same_topic_wrong_answer,"0.2,3.0,1.0,1.0,1.0,1.0,3.0,1.0,1.0,1.0,1.0,1.0,2.5,2.5,1.0"
776,policy,Does the policy allow opened items under during holidays?,"The article describes how seasonal demand changes customer waiting times, but it does not provide a direct answer to the requested service detail.",0.0,different_topic_negative,"0.2,3.0,1.0,1.0,1.0,1.0,3.0,1.0,1.0,1.0,1.0,1.0,1.0,1.0"
777,policy,Please help: Does the policy allow international orders under within 24 hours?,A note in the middle of the article adds that the policy section states that international orders is allowed under the refund policy only when within 24 hours is met and support approval is recorded.,1.0,full_messy_article_match,"0.2,3.0,1.0,1.0,1.0,1.0,1.0,1.0,3.0,1.0,2.5,2.5,1.0,1.0,1.0,1.0,1.0"
778,policy,Does the policy allow late changes under during holidays?,"A general legal note says terms may vary by region, without giving the requested rule.",0.55,partial_missing_key_fields,"0.2,3.0,1.0,1.0,1.0,1.0,3.0,1.0,2.5,2.5,1.0,1.0,1.0,1.0"
779,policy,Can you explain the cancellation rules?,The product catalog lists colors and dimensions rather than policy rules. The same article also includes unrelated marketing text and a link to general support.,0.1,same_topic_wrong_answer,"0.2,3.0,1.0,1.0,1.0,1.0,1.0,1.0,3.0,3.0,1.0"
780,policy,What is your privacy policy for international orders?,The guide spends most of its space comparing mobile app layouts and does not mention the requested product or transaction details. The same article also includes unrelated marketing text and a link to general support.,0.0,different_topic_negative,"0.2,3.0,1.0,1.0,1.0,1.0,1.0,3.0,3.0,1.0,2.5,2.5,1.0"
781,policy,Can you explain the privacy rules?,"The paragraph continues with a warning about delays, but says that the policy section states that late changes is allowed under the privacy policy only when for business accounts is met and support approval is recorded.",0.9,full_messy_article_match,"0.2,3.0,1.0,1.0,1.0,1.0,1.0,1.0,3.0,3.0,1.0"
782,policy,"I was checking the site and couldn't find it clearly, does the policy allow international orders under after delivery?","The page does not present it as a direct answer; instead, it states that the page briefly mentions refund, but the paragraph does not explain whether international orders is allowed under after delivery. The same article also includes unrelated marketing text and a link to general support.",0.45,partial_missing_key_fields,"0.2,3.0,1.0,1.0,1.0,1.0,1.0,1.0,1.0,1.0,1.0,1.0,1.0,1.0,1.0,1.0,1.0,1.0,3.0,1.0,2.5,2.5,1.0,1.0,1.0,1.0"
783,policy,What is your cancellation policy for customer data?,"In a side note under the comparison table, it says that the technical guide describes browser cache clearing, not company policy conditions. The same article also includes unrelated marketing text and a link to general support.",0.25,same_topic_wrong_answer,"0.2,3.0,1.0,1.0,1.0,1.0,1.0,3.0,3.0,1.0,1.0,1.0,1.0"
784,policy,Does the policy allow opened items under after delivery?,"The article describes how seasonal demand changes customer waiting times, but it does not provide a direct answer to the requested service detail. The same article also includes unrelated marketing text and a link to general support.",0.05,different_topic_negative,"0.2,3.0,1.0,1.0,1.0,1.0,3.0,1.0,1.0,1.0,1.0,1.0,1.0,1.0"
785,policy,What is your privacy policy for international orders?,"In a side note under the comparison table, it says that the policy section states that international orders is allowed under the privacy policy only when after delivery is met and support approval is recorded. The same article also includes unrelated marketing text and a link to general support.",0.9,full_messy_article_match,"0.2,3.0,1.0,1.0,1.0,1.0,1.0,3.0,3.0,1.0,2.5,2.5,1.0"
786,policy,What is your shipping policy for late changes?,"A general legal note says terms may vary by region, without giving the requested rule. The same article also includes unrelated marketing text and a link to general support.",0.35,partial_missing_key_fields,"0.2,3.0,1.0,1.0,1.0,1.0,1.0,3.0,3.0,1.0,2.5,2.5,1.0"
787,policy,Please help: What is your cancellation policy for opened items?,"In a side note under the comparison table, it says that the technical guide describes browser cache clearing, not company policy conditions.",0.15,same_topic_wrong_answer,"0.2,3.0,1.0,1.0,1.0,1.0,1.0,1.0,1.0,3.0,3.0,1.0,1.0,1.0,1.0"
788,policy,Can you explain the cancellation rules?,"A short paragraph at the bottom says that support teams may contact customers later, without giving a concrete instruction or value. The same article also includes unrelated marketing text and a link to general support.",0.05,different_topic_negative,"0.2,3.0,1.0,1.0,1.0,1.0,1.0,1.0,3.0,3.0,1.0"
789,policy,Can you explain the privacy rules?,A note in the middle of the article adds that the policy section states that late changes is allowed under the privacy policy only when for business accounts is met and support approval is recorded. The same article also includes unrelated marketing text and a link to general support.,1.0,full_messy_article_match,"0.2,3.0,1.0,1.0,1.0,1.0,1.0,1.0,3.0,3.0,1.0"
790,policy,Does the policy allow late changes under for business accounts?,"In a side note under the comparison table, it says that the page briefly mentions privacy, but the paragraph does not explain whether late changes is allowed under for business accounts.",0.55,partial_missing_key_fields,"0.2,3.0,1.0,1.0,1.0,1.0,3.0,1.0,2.5,2.5,1.0,1.0,2.5,2.5,1.0"
791,policy,What is your shipping policy for late changes?,"The paragraph continues with a warning about delays, but says that the technical guide describes browser cache clearing, not company policy conditions.",0.25,same_topic_wrong_answer,"0.2,3.0,1.0,1.0,1.0,1.0,1.0,3.0,3.0,1.0,2.5,2.5,1.0"
792,policy,Please help: Does the policy allow late changes under after delivery?,"The article describes how seasonal demand changes customer waiting times, but it does not provide a direct answer to the requested service detail.",0.0,different_topic_negative,"0.2,3.0,1.0,1.0,1.0,1.0,1.0,1.0,3.0,1.0,2.5,2.5,1.0,1.0,1.0,1.0"
793,policy,Can you explain the cancellation rules?,"The paragraph continues with a warning about delays, but says that the policy section states that customer data is allowed under the cancellation policy only when after delivery is met and support approval is recorded.",0.9,full_messy_article_match,"0.2,3.0,1.0,1.0,1.0,1.0,1.0,1.0,3.0,3.0,1.0"
794,policy,What is your cancellation policy for late changes?,"A note in the middle of the article adds that the page briefly mentions cancellation, but the paragraph does not explain whether late changes is allowed under within 24 hours.",0.45,partial_missing_key_fields,"0.2,3.0,1.0,1.0,1.0,1.0,1.0,3.0,3.0,1.0,2.5,2.5,1.0"
795,policy,Does the policy allow international orders under during holidays?,The product catalog lists colors and dimensions rather than policy rules.,0.2,same_topic_wrong_answer,"0.2,3.0,1.0,1.0,1.0,1.0,3.0,1.0,2.5,2.5,1.0,1.0,1.0,1.0"
796,policy,Does the policy allow international orders under within 24 hours?,The guide spends most of its space comparing mobile app layouts and does not mention the requested product or transaction details.,0.05,different_topic_negative,"0.2,3.0,1.0,1.0,1.0,1.0,3.0,1.0,2.5,2.5,1.0,1.0,1.0,1.0,1.0"
797,policy,Please help: Can you explain the shipping rules?,"The paragraph continues with a warning about delays, but says that according to the rules page, the shipping policy applies to opened items and requires customers to keep the original confirmation email. The same article also includes unrelated marketing text and a link to general support.",0.9,full_messy_article_match,"0.2,3.0,1.0,1.0,1.0,1.0,1.0,1.0,1.0,1.0,3.0,3.0,1.0"
798,policy,Does the policy allow customer data under during holidays?,"After several unrelated lines about customer service, the page says: the page briefly mentions privacy, but the paragraph does not explain whether customer data is allowed under during holidays. The same article also includes unrelated marketing text and a link to general support.",0.55,partial_missing_key_fields,"0.2,3.0,1.0,1.0,1.0,1.0,3.0,1.0,1.0,1.0,1.0,1.0,1.0,1.0"
799,policy,What is your refund policy for international orders?,"The paragraph continues with a warning about delays, but says that the product catalog lists colors and dimensions rather than policy rules.",0.15,same_topic_wrong_answer,"0.2,3.0,1.0,1.0,1.0,1.0,1.0,3.0,3.0,1.0,2.5,2.5,1.0"
800,policy,Can you explain the refund rules?,"A short paragraph at the bottom says that support teams may contact customers later, without giving a concrete instruction or value. The same article also includes unrelated marketing text and a link to general support.",0.05,different_topic_negative,"0.2,3.0,1.0,1.0,1.0,1.0,1.0,1.0,3.0,3.0,1.0"
801,complaint,The service was bad because the technician missed the appointment.,"After several unrelated lines about customer service, the page says: in the service review, the customer says the technician missed the appointment affected billing department, and the company response promises a follow-up within two business days. The same article also includes unrelated marketing text and a link to general support.",1.0,full_messy_article_match,"0.2,3.0,1.0,1.0,1.0,2.5,2.0,2.0,1.0,1.0,3.0,3.0,3.0,3.0,1.0"
802,complaint,Please help: I am disappointed because the charge was incorrect with delivery service reference A1234.,"The page does not present it as a direct answer; instead, it states that the article mentions several complaints about delivery service, but it does not describe the exact issue or reference A1234.",0.45,partial_missing_key_fields,"0.2,3.0,1.0,1.0,1.0,1.0,1.0,1.0,2.0,1.0,1.0,3.0,3.0,3.0,1.0,2.5,2.5,1.0,1.0,2.0,1.0"
803,complaint,The service was bad because the charge was incorrect.,"In a side note under the comparison table, it says that a specs table lists battery life and model numbers, unrelated to a service complaint. The same article also includes unrelated marketing text and a link to general support.",0.1,same_topic_wrong_answer,"0.2,3.0,1.0,1.0,1.0,2.5,2.0,2.0,1.0,1.0,3.0,3.0,3.0,1.0"
804,complaint,I want to complain about delivery service; the problem is the charge was incorrect.,"The article describes how seasonal demand changes customer waiting times, but it does not provide a direct answer to the requested service detail. The same article also includes unrelated marketing text and a link to general support.",0.0,different_topic_negative,"0.2,3.0,1.0,1.0,1.0,1.0,1.0,2.0,1.0,2.5,2.5,1.0,3.0,1.0,1.0,3.0,3.0,3.0,1.0"
805,complaint,I am disappointed because the charge was incorrect with repair visit reference CMP7788.,"After several unrelated lines about customer service, the page says: the complaint log for reference CMP7788 records that repair visit had the charge was incorrect, and the support team opened an escalation ticket the same day.",0.9,full_messy_article_match,"0.2,3.0,1.0,1.0,1.0,1.0,2.0,1.0,1.0,3.0,3.0,3.0,1.0,2.5,2.5,1.0,2.0,2.0,1.0"
806,complaint,I want to complain about delivery service; the problem is the order was delayed.,"A note in the middle of the article adds that a general support note apologizes for inconvenience, without confirming what happened in this specific case.",0.55,partial_missing_key_fields,"0.2,3.0,1.0,1.0,1.0,1.0,1.0,2.0,1.0,2.5,2.5,1.0,3.0,1.0,1.0,3.0,3.0,3.0,1.0"
807,complaint,"The service was bad because the technician missed the appointment. I only need the exact answer, not a general explanation.","A note in the middle of the article adds that the ordering page explains how to add a product to the cart, not how to handle a complaint. The same article also includes unrelated marketing text and a link to general support.",0.1,same_topic_wrong_answer,"0.2,3.0,1.0,1.0,1.0,2.5,2.0,2.0,1.0,1.0,3.0,3.0,3.0,3.0,1.0,1.0,1.0,1.0,1.0,1.0,1.0,1.0,1.0,1.0,1.0,1.0,1.0"
808,complaint,The service was bad because the technician missed the appointment.,"According to the announcement, users should check the help center for updates, while unrelated billing references were moved to a separate dashboard. The same article also includes unrelated marketing text and a link to general support.",0.0,different_topic_negative,"0.2,3.0,1.0,1.0,1.0,2.5,2.0,2.0,1.0,1.0,3.0,3.0,3.0,3.0,1.0"
809,complaint,I am disappointed because the charge was incorrect with delivery service reference ORD5510.,"In the service review, the customer says the charge was incorrect affected delivery service, and the company response promises a follow-up within two business days.",0.9,full_messy_article_match,"0.2,3.0,1.0,1.0,1.0,1.0,2.0,1.0,1.0,3.0,3.0,3.0,1.0,2.5,2.5,1.0,2.0,2.0,1.0"
810,complaint,I am disappointed because the order was delayed with support team reference CMP7788.,"The article mentions several complaints about support team, but it does not describe the exact issue or reference CMP7788.",0.45,partial_missing_key_fields,"0.2,3.0,1.0,1.0,1.0,1.0,2.0,1.0,1.0,3.0,3.0,3.0,1.0,1.0,1.0,1.0,2.0,2.0,1.0"
811,complaint,I want to complain about billing department; the problem is the technician missed the appointment.,"The ordering page explains how to add a product to the cart, not how to handle a complaint.",0.2,same_topic_wrong_answer,"0.2,3.0,1.0,1.0,1.0,1.0,1.0,2.0,1.0,1.0,1.0,1.0,3.0,1.0,1.0,3.0,3.0,3.0,3.0,1.0"
812,complaint,Please help: The service was bad because the charge was incorrect.,"The article describes how seasonal demand changes customer waiting times, but it does not provide a direct answer to the requested service detail.",0.05,different_topic_negative,"0.2,3.0,1.0,1.0,1.0,1.0,1.0,2.5,2.0,2.0,1.0,1.0,3.0,3.0,3.0,1.0"
813,complaint,I am disappointed because the charge was incorrect with repair visit reference CMP7788.,"After several unrelated lines about customer service, the page says: the complaint log for reference CMP7788 records that repair visit had the charge was incorrect, and the support team opened an escalation ticket the same day.",1.0,full_messy_article_match,"0.2,3.0,1.0,1.0,1.0,1.0,2.0,1.0,1.0,3.0,3.0,3.0,1.0,2.5,2.5,1.0,2.0,2.0,1.0"
814,complaint,I want to complain about billing department; the problem is the technician missed the appointment.,"A note in the middle of the article adds that a general support note apologizes for inconvenience, without confirming what happened in this specific case.",0.45,partial_missing_key_fields,"0.2,3.0,1.0,1.0,1.0,1.0,1.0,2.0,1.0,1.0,1.0,1.0,3.0,1.0,1.0,3.0,3.0,3.0,3.0,1.0"
815,complaint,The service was bad because the order was delayed.,"The paragraph continues with a warning about delays, but says that the ordering page explains how to add a product to the cart, not how to handle a complaint. The same article also includes unrelated marketing text and a link to general support.",0.1,same_topic_wrong_answer,"0.2,3.0,1.0,1.0,1.0,2.5,2.0,2.0,1.0,1.0,3.0,3.0,3.0,1.0"
816,complaint,I am disappointed because support did not answer clearly with repair visit reference ORD5510.,"A short paragraph at the bottom says that support teams may contact customers later, without giving a concrete instruction or value.",0.05,different_topic_negative,"0.2,3.0,1.0,1.0,1.0,1.0,2.0,1.0,1.0,1.0,1.0,1.0,1.0,1.0,2.5,2.5,1.0,2.0,2.0,1.0"
817,complaint,"I was checking the site and couldn't find it clearly, the service was bad because the charge was incorrect.","After several unrelated lines about customer service, the page says: in the service review, the customer says the charge was incorrect affected support team, and the company response promises a follow-up within two business days.",1.0,full_messy_article_match,"0.2,3.0,1.0,1.0,1.0,1.0,1.0,1.0,1.0,1.0,1.0,1.0,1.0,1.0,1.0,1.0,1.0,2.5,2.0,2.0,1.0,1.0,3.0,3.0,3.0,1.0"
818,complaint,I am disappointed because the technician missed the appointment with support team reference SR9001.,"A note in the middle of the article adds that a general support note apologizes for inconvenience, without confirming what happened in this specific case.",0.35,partial_missing_key_fields,"0.2,3.0,1.0,1.0,1.0,1.0,2.0,1.0,1.0,3.0,3.0,3.0,3.0,1.0,1.0,1.0,1.0,2.0,2.0,1.0"
819,complaint,I want to complain about repair visit; the problem is the technician missed the appointment.,"After several unrelated lines about customer service, the page says: the ordering page explains how to add a product to the cart, not how to handle a complaint.",0.15,same_topic_wrong_answer,"0.2,3.0,1.0,1.0,1.0,1.0,1.0,2.0,1.0,2.5,2.5,1.0,3.0,1.0,1.0,3.0,3.0,3.0,3.0,1.0"
820,complaint,I am disappointed because the charge was incorrect with billing department reference SR9001.,"In a later section, the company notes that account settings can be adjusted from the profile page, although shipment notices may still arrive separately.",0.0,different_topic_negative,"0.2,3.0,1.0,1.0,1.0,1.0,2.0,1.0,1.0,3.0,3.0,3.0,1.0,1.0,1.0,1.0,2.0,2.0,1.0"
821,complaint,I am disappointed because the order was delayed with billing department reference ORD5510.,"The page does not present it as a direct answer; instead, it states that the complaint log for reference ORD5510 records that billing department had the order was delayed, and the support team opened an escalation ticket the same day.",0.95,full_messy_article_match,"0.2,3.0,1.0,1.0,1.0,1.0,2.0,1.0,1.0,3.0,3.0,3.0,1.0,1.0,1.0,1.0,2.0,2.0,1.0"
822,complaint,Please help: I am disappointed because the technician missed the appointment with support team reference A1234.,"The page does not present it as a direct answer; instead, it states that a general support note apologizes for inconvenience, without confirming what happened in this specific case. The same article also includes unrelated marketing text and a link to general support.",0.45,partial_missing_key_fields,"0.2,3.0,1.0,1.0,1.0,1.0,1.0,1.0,2.0,1.0,1.0,3.0,3.0,3.0,3.0,1.0,1.0,1.0,1.0,1.0,2.0,1.0"
823,complaint,I am disappointed because support did not answer clearly with repair visit reference ORD5510.,"The paragraph continues with a warning about delays, but says that the ordering page explains how to add a product to the cart, not how to handle a complaint.",0.1,same_topic_wrong_answer,"0.2,3.0,1.0,1.0,1.0,1.0,2.0,1.0,1.0,1.0,1.0,1.0,1.0,1.0,2.5,2.5,1.0,2.0,2.0,1.0"
824,complaint,The service was bad because the technician missed the appointment.,"According to the announcement, users should check the help center for updates, while unrelated billing references were moved to a separate dashboard. The same article also includes unrelated marketing text and a link to general support.",0.0,different_topic_negative,"0.2,3.0,1.0,1.0,1.0,2.5,2.0,2.0,1.0,1.0,3.0,3.0,3.0,3.0,1.0"
825,complaint,The service was bad because the charge was incorrect.,"A note in the middle of the article adds that in the service review, the customer says the charge was incorrect affected delivery service, and the company response promises a follow-up within two business days. The same article also includes unrelated marketing text and a link to general support.",0.9,full_messy_article_match,"0.2,3.0,1.0,1.0,1.0,2.5,2.0,2.0,1.0,1.0,3.0,3.0,3.0,1.0"
826,complaint,The service was bad because support did not answer clearly.,"After several unrelated lines about customer service, the page says: the article mentions several complaints about delivery service, but it does not describe the exact issue or reference ORD5510.",0.55,partial_missing_key_fields,"0.2,3.0,1.0,1.0,1.0,2.5,2.0,2.0,1.0,1.0,1.0,1.0,1.0,1.0,1.0"
827,complaint,"The service was bad because the technician missed the appointment. I only need the exact answer, not a general explanation.","In a side note under the comparison table, it says that a specs table lists battery life and model numbers, unrelated to a service complaint.",0.2,same_topic_wrong_answer,"0.2,3.0,1.0,1.0,1.0,2.5,2.0,2.0,1.0,1.0,3.0,3.0,3.0,3.0,1.0,1.0,1.0,1.0,1.0,1.0,1.0,1.0,1.0,1.0,1.0,1.0,1.0"
828,complaint,I am disappointed because the technician missed the appointment with billing department reference A1234.,"In a later section, the company notes that account settings can be adjusted from the profile page, although shipment notices may still arrive separately.",0.0,different_topic_negative,"0.2,3.0,1.0,1.0,1.0,1.0,2.0,1.0,1.0,3.0,3.0,3.0,3.0,1.0,1.0,1.0,1.0,1.0,2.0,1.0"
829,complaint,I want to complain about repair visit; the problem is support did not answer clearly.,"In a side note under the comparison table, it says that the complaint log for reference SR9001 records that repair visit had support did not answer clearly, and the support team opened an escalation ticket the same day.",0.9,full_messy_article_match,"0.2,3.0,1.0,1.0,1.0,1.0,1.0,2.0,1.0,2.5,2.5,1.0,3.0,1.0,1.0,1.0,1.0,1.0,1.0,1.0"
830,complaint,I am disappointed because the technician missed the appointment with billing department reference CMP7788.,"A note in the middle of the article adds that the article mentions several complaints about billing department, but it does not describe the exact issue or reference CMP7788.",0.45,partial_missing_key_fields,"0.2,3.0,1.0,1.0,1.0,1.0,2.0,1.0,1.0,3.0,3.0,3.0,3.0,1.0,1.0,1.0,1.0,2.0,2.0,1.0"
831,complaint,I am disappointed because the order was delayed with delivery service reference SR9001.,"The ordering page explains how to add a product to the cart, not how to handle a complaint.",0.15,same_topic_wrong_answer,"0.2,3.0,1.0,1.0,1.0,1.0,2.0,1.0,1.0,3.0,3.0,3.0,1.0,2.5,2.5,1.0,2.0,2.0,1.0"
832,complaint,"In short, i want to complain about delivery service; the problem is the charge was incorrect.","According to the announcement, users should check the help center for updates, while unrelated billing references were moved to a separate dashboard.",0.05,different_topic_negative,"0.2,3.0,1.0,1.0,1.0,1.0,1.0,1.0,1.0,1.0,2.0,1.0,2.5,2.5,1.0,3.0,1.0,1.0,3.0,3.0,3.0,1.0"
833,complaint,The service was bad because the order was delayed.,"After several unrelated lines about customer service, the page says: in the service review, the customer says the order was delayed affected support team, and the company response promises a follow-up within two business days. The same article also includes unrelated marketing text and a link to general support.",0.9,full_messy_article_match,"0.2,3.0,1.0,1.0,1.0,2.5,2.0,2.0,1.0,1.0,3.0,3.0,3.0,1.0"
834,complaint,I want to complain about support team; the problem is the technician missed the appointment.,"The page does not present it as a direct answer; instead, it states that the article mentions several complaints about support team, but it does not describe the exact issue or reference ORD5510. The same article also includes unrelated marketing text and a link to general support.",0.35,partial_missing_key_fields,"0.2,3.0,1.0,1.0,1.0,1.0,1.0,2.0,1.0,1.0,1.0,1.0,3.0,1.0,1.0,3.0,3.0,3.0,3.0,1.0"
835,complaint,I want to complain about billing department; the problem is the charge was incorrect.,"The page does not present it as a direct answer; instead, it states that the ordering page explains how to add a product to the cart, not how to handle a complaint.",0.1,same_topic_wrong_answer,"0.2,3.0,1.0,1.0,1.0,1.0,1.0,2.0,1.0,1.0,1.0,1.0,3.0,1.0,1.0,3.0,3.0,3.0,1.0"
836,complaint,I am disappointed because the charge was incorrect with delivery service reference ORD5510.,The guide spends most of its space comparing mobile app layouts and does not mention the requested product or transaction details. The same article also includes unrelated marketing text and a link to general support.,0.0,different_topic_negative,"0.2,3.0,1.0,1.0,1.0,1.0,2.0,1.0,1.0,3.0,3.0,3.0,1.0,2.5,2.5,1.0,2.0,2.0,1.0"
837,complaint,"I am disappointed because support did not answer clearly with repair visit reference CMP7788. I only need the exact answer, not a general explanation.","The page does not present it as a direct answer; instead, it states that the complaint log for reference CMP7788 records that repair visit had support did not answer clearly, and the support team opened an escalation ticket the same day.",1.0,full_messy_article_match,"0.2,3.0,1.0,1.0,1.0,1.0,2.0,1.0,1.0,1.0,1.0,1.0,1.0,1.0,2.5,2.5,1.0,2.0,2.0,1.0,1.0,1.0,1.0,1.0,1.0,1.0,1.0,1.0,1.0,1.0,1.0,1.0"
838,complaint,The service was bad because the order was delayed.,"After several unrelated lines about customer service, the page says: a general support note apologizes for inconvenience, without confirming what happened in this specific case.",0.45,partial_missing_key_fields,"0.2,3.0,1.0,1.0,1.0,2.5,2.0,2.0,1.0,1.0,3.0,3.0,3.0,1.0"
839,complaint,I want to complain about delivery service; the problem is the order was delayed.,"The ordering page explains how to add a product to the cart, not how to handle a complaint.",0.15,same_topic_wrong_answer,"0.2,3.0,1.0,1.0,1.0,1.0,1.0,2.0,1.0,2.5,2.5,1.0,3.0,1.0,1.0,3.0,3.0,3.0,1.0"
840,complaint,I am disappointed because the technician missed the appointment with delivery service reference CMP7788.,"In a later section, the company notes that account settings can be adjusted from the profile page, although shipment notices may still arrive separately.",0.0,different_topic_negative,"0.2,3.0,1.0,1.0,1.0,1.0,2.0,1.0,1.0,3.0,3.0,3.0,3.0,1.0,2.5,2.5,1.0,2.0,2.0,1.0"
841,complaint,I want to complain about billing department; the problem is the technician missed the appointment.,"The complaint log for reference CMP7788 records that billing department had the technician missed the appointment, and the support team opened an escalation ticket the same day. The same article also includes unrelated marketing text and a link to general support.",0.95,full_messy_article_match,"0.2,3.0,1.0,1.0,1.0,1.0,1.0,2.0,1.0,1.0,1.0,1.0,3.0,1.0,1.0,3.0,3.0,3.0,3.0,1.0"
842,complaint,"I want to complain about repair visit; the problem is the technician missed the appointment. I only need the exact answer, not a general explanation.","The page does not present it as a direct answer; instead, it states that a general support note apologizes for inconvenience, without confirming what happened in this specific case.",0.55,partial_missing_key_fields,"0.2,3.0,1.0,1.0,1.0,1.0,1.0,2.0,1.0,2.5,2.5,1.0,3.0,1.0,1.0,3.0,3.0,3.0,3.0,1.0,1.0,1.0,1.0,1.0,1.0,1.0,1.0,1.0,1.0,1.0,1.0,1.0"
843,complaint,The service was bad because the order was delayed.,"A specs table lists battery life and model numbers, unrelated to a service complaint.",0.25,same_topic_wrong_answer,"0.2,3.0,1.0,1.0,1.0,2.5,2.0,2.0,1.0,1.0,3.0,3.0,3.0,1.0"
844,complaint,The service was bad because the order was delayed.,"According to the announcement, users should check the help center for updates, while unrelated billing references were moved to a separate dashboard. The same article also includes unrelated marketing text and a link to general support.",0.0,different_topic_negative,"0.2,3.0,1.0,1.0,1.0,2.5,2.0,2.0,1.0,1.0,3.0,3.0,3.0,1.0"
845,complaint,I am disappointed because the charge was incorrect with support team reference SR9001.,"A note in the middle of the article adds that in the service review, the customer says the charge was incorrect affected support team, and the company response promises a follow-up within two business days. The same article also includes unrelated marketing text and a link to general support.",0.9,full_messy_article_match,"0.2,3.0,1.0,1.0,1.0,1.0,2.0,1.0,1.0,3.0,3.0,3.0,1.0,1.0,1.0,1.0,2.0,2.0,1.0"
846,complaint,The service was bad because support did not answer clearly.,"The page does not present it as a direct answer; instead, it states that a general support note apologizes for inconvenience, without confirming what happened in this specific case.",0.45,partial_missing_key_fields,"0.2,3.0,1.0,1.0,1.0,2.5,2.0,2.0,1.0,1.0,1.0,1.0,1.0,1.0,1.0"
847,complaint,Please help: I want to complain about billing department; the problem is the order was delayed.,"The paragraph continues with a warning about delays, but says that the ordering page explains how to add a product to the cart, not how to handle a complaint.",0.1,same_topic_wrong_answer,"0.2,3.0,1.0,1.0,1.0,1.0,1.0,1.0,1.0,2.0,1.0,1.0,1.0,1.0,3.0,1.0,1.0,3.0,3.0,3.0,1.0"
848,complaint,I am disappointed because the order was delayed with support team reference A1234.,"The article describes how seasonal demand changes customer waiting times, but it does not provide a direct answer to the requested service detail.",0.0,different_topic_negative,"0.2,3.0,1.0,1.0,1.0,1.0,2.0,1.0,1.0,3.0,3.0,3.0,1.0,1.0,1.0,1.0,1.0,2.0,1.0"
849,complaint,I am disappointed because the charge was incorrect with delivery service reference CMP7788.,"The complaint log for reference CMP7788 records that delivery service had the charge was incorrect, and the support team opened an escalation ticket the same day.",0.9,full_messy_article_match,"0.2,3.0,1.0,1.0,1.0,1.0,2.0,1.0,1.0,3.0,3.0,3.0,1.0,2.5,2.5,1.0,2.0,2.0,1.0"
850,complaint,I want to complain about delivery service; the problem is support did not answer clearly.,"In a side note under the comparison table, it says that the article mentions several complaints about delivery service, but it does not describe the exact issue or reference SR9001. The same article also includes unrelated marketing text and a link to general support.",0.55,partial_missing_key_fields,"0.2,3.0,1.0,1.0,1.0,1.0,1.0,2.0,1.0,2.5,2.5,1.0,3.0,1.0,1.0,1.0,1.0,1.0,1.0,1.0"
851,complaint,I am disappointed because the charge was incorrect with delivery service reference SR9001.,"The paragraph continues with a warning about delays, but says that the ordering page explains how to add a product to the cart, not how to handle a complaint.",0.1,same_topic_wrong_answer,"0.2,3.0,1.0,1.0,1.0,1.0,2.0,1.0,1.0,3.0,3.0,3.0,1.0,2.5,2.5,1.0,2.0,2.0,1.0"
852,complaint,"I was checking the site and couldn't find it clearly, i want to complain about billing department; the problem is the order was delayed.",The guide spends most of its space comparing mobile app layouts and does not mention the requested product or transaction details.,0.0,different_topic_negative,"0.2,3.0,1.0,1.0,1.0,1.0,1.0,1.0,1.0,1.0,1.0,1.0,1.0,1.0,1.0,1.0,1.0,1.0,1.0,2.0,1.0,1.0,1.0,1.0,3.0,1.0,1.0,3.0,3.0,3.0,1.0"
853,complaint,I am disappointed because the technician missed the appointment with billing department reference A1234.,"A note in the middle of the article adds that the complaint log for reference A1234 records that billing department had the technician missed the appointment, and the support team opened an escalation ticket the same day.",0.9,full_messy_article_match,"0.2,3.0,1.0,1.0,1.0,1.0,2.0,1.0,1.0,3.0,3.0,3.0,3.0,1.0,1.0,1.0,1.0,1.0,2.0,1.0"
854,complaint,I want to complain about billing department; the problem is the charge was incorrect.,"A note in the middle of the article adds that the article mentions several complaints about billing department, but it does not describe the exact issue or reference ORD5510. The same article also includes unrelated marketing text and a link to general support.",0.35,partial_missing_key_fields,"0.2,3.0,1.0,1.0,1.0,1.0,1.0,2.0,1.0,1.0,1.0,1.0,3.0,1.0,1.0,3.0,3.0,3.0,1.0"
855,complaint,I am disappointed because the order was delayed with support team reference A1234.,"After several unrelated lines about customer service, the page says: the ordering page explains how to add a product to the cart, not how to handle a complaint.",0.1,same_topic_wrong_answer,"0.2,3.0,1.0,1.0,1.0,1.0,2.0,1.0,1.0,3.0,3.0,3.0,1.0,1.0,1.0,1.0,1.0,2.0,1.0"
856,complaint,The service was bad because the order was delayed.,The guide spends most of its space comparing mobile app layouts and does not mention the requested product or transaction details.,0.05,different_topic_negative,"0.2,3.0,1.0,1.0,1.0,2.5,2.0,2.0,1.0,1.0,3.0,3.0,3.0,1.0"
857,complaint,"I was checking the site and couldn't find it clearly, the service was bad because support did not answer clearly.","A note in the middle of the article adds that in the service review, the customer says support did not answer clearly affected delivery service, and the company response promises a follow-up within two business days.",0.9,full_messy_article_match,"0.2,3.0,1.0,1.0,1.0,1.0,1.0,1.0,1.0,1.0,1.0,1.0,1.0,1.0,1.0,1.0,1.0,2.5,2.0,2.0,1.0,1.0,1.0,1.0,1.0,1.0,1.0"
858,complaint,I am disappointed because support did not answer clearly with repair visit reference SR9001.,"In a side note under the comparison table, it says that a general support note apologizes for inconvenience, without confirming what happened in this specific case. The same article also includes unrelated marketing text and a link to general support.",0.45,partial_missing_key_fields,"0.2,3.0,1.0,1.0,1.0,1.0,2.0,1.0,1.0,1.0,1.0,1.0,1.0,1.0,2.5,2.5,1.0,2.0,2.0,1.0"
859,complaint,I want to complain about billing department; the problem is support did not answer clearly.,"In a side note under the comparison table, it says that a specs table lists battery life and model numbers, unrelated to a service complaint.",0.1,same_topic_wrong_answer,"0.2,3.0,1.0,1.0,1.0,1.0,1.0,2.0,1.0,1.0,1.0,1.0,3.0,1.0,1.0,1.0,1.0,1.0,1.0,1.0"
860,complaint,The service was bad because the charge was incorrect.,The guide spends most of its space comparing mobile app layouts and does not mention the requested product or transaction details.,0.0,different_topic_negative,"0.2,3.0,1.0,1.0,1.0,2.5,2.0,2.0,1.0,1.0,3.0,3.0,3.0,1.0"
861,complaint,I am disappointed because the technician missed the appointment with repair visit reference ORD5510.,"The complaint log for reference ORD5510 records that repair visit had the technician missed the appointment, and the support team opened an escalation ticket the same day. The same article also includes unrelated marketing text and a link to general support.",0.95,full_messy_article_match,"0.2,3.0,1.0,1.0,1.0,1.0,2.0,1.0,1.0,3.0,3.0,3.0,3.0,1.0,2.5,2.5,1.0,2.0,2.0,1.0"
862,complaint,Please help: I am disappointed because support did not answer clearly with delivery service reference CMP7788.,"After several unrelated lines about customer service, the page says: a general support note apologizes for inconvenience, without confirming what happened in this specific case. The same article also includes unrelated marketing text and a link to general support.",0.45,partial_missing_key_fields,"0.2,3.0,1.0,1.0,1.0,1.0,1.0,1.0,2.0,1.0,1.0,1.0,1.0,1.0,1.0,1.0,2.5,2.5,1.0,2.0,2.0,1.0"
863,complaint,The service was bad because support did not answer clearly.,"A note in the middle of the article adds that the ordering page explains how to add a product to the cart, not how to handle a complaint.",0.1,same_topic_wrong_answer,"0.2,3.0,1.0,1.0,1.0,2.5,2.0,2.0,1.0,1.0,1.0,1.0,1.0,1.0,1.0"
864,complaint,I want to complain about support team; the problem is the technician missed the appointment.,"The article describes how seasonal demand changes customer waiting times, but it does not provide a direct answer to the requested service detail. The same article also includes unrelated marketing text and a link to general support.",0.0,different_topic_negative,"0.2,3.0,1.0,1.0,1.0,1.0,1.0,2.0,1.0,1.0,1.0,1.0,3.0,1.0,1.0,3.0,3.0,3.0,3.0,1.0"
865,complaint,I want to complain about billing department; the problem is the order was delayed.,"In the service review, the customer says the order was delayed affected billing department, and the company response promises a follow-up within two business days.",0.9,full_messy_article_match,"0.2,3.0,1.0,1.0,1.0,1.0,1.0,2.0,1.0,1.0,1.0,1.0,3.0,1.0,1.0,3.0,3.0,3.0,1.0"
866,complaint,The service was bad because the order was delayed.,"A note in the middle of the article adds that a general support note apologizes for inconvenience, without confirming what happened in this specific case.",0.35,partial_missing_key_fields,"0.2,3.0,1.0,1.0,1.0,2.5,2.0,2.0,1.0,1.0,3.0,3.0,3.0,1.0"
867,complaint,"I was checking the site and couldn't find it clearly, i am disappointed because support did not answer clearly with support team reference SR9001.","After several unrelated lines about customer service, the page says: a specs table lists battery life and model numbers, unrelated to a service complaint.",0.25,same_topic_wrong_answer,"0.2,3.0,1.0,1.0,1.0,1.0,1.0,1.0,1.0,1.0,1.0,1.0,1.0,1.0,1.0,1.0,1.0,1.0,2.0,1.0,1.0,1.0,1.0,1.0,1.0,1.0,1.0,1.0,1.0,2.0,2.0,1.0"
868,complaint,I am disappointed because support did not answer clearly with support team reference A1234.,"In a later section, the company notes that account settings can be adjusted from the profile page, although shipment notices may still arrive separately. The same article also includes unrelated marketing text and a link to general support.",0.05,different_topic_negative,"0.2,3.0,1.0,1.0,1.0,1.0,2.0,1.0,1.0,1.0,1.0,1.0,1.0,1.0,1.0,1.0,1.0,1.0,2.0,1.0"
869,complaint,I want to complain about delivery service; the problem is the order was delayed.,"In a side note under the comparison table, it says that in the service review, the customer says the order was delayed affected delivery service, and the company response promises a follow-up within two business days. The same article also includes unrelated marketing text and a link to general support.",0.95,full_messy_article_match,"0.2,3.0,1.0,1.0,1.0,1.0,1.0,2.0,1.0,2.5,2.5,1.0,3.0,1.0,1.0,3.0,3.0,3.0,1.0"
870,complaint,I am disappointed because the order was delayed with billing department reference A1234.,"A general support note apologizes for inconvenience, without confirming what happened in this specific case.",0.35,partial_missing_key_fields,"0.2,3.0,1.0,1.0,1.0,1.0,2.0,1.0,1.0,3.0,3.0,3.0,1.0,1.0,1.0,1.0,1.0,2.0,1.0"
871,complaint,I want to complain about support team; the problem is support did not answer clearly.,"The paragraph continues with a warning about delays, but says that the ordering page explains how to add a product to the cart, not how to handle a complaint. The same article also includes unrelated marketing text and a link to general support.",0.25,same_topic_wrong_answer,"0.2,3.0,1.0,1.0,1.0,1.0,1.0,2.0,1.0,1.0,1.0,1.0,3.0,1.0,1.0,1.0,1.0,1.0,1.0,1.0"
872,complaint,Please help: The service was bad because the technician missed the appointment.,"In a later section, the company notes that account settings can be adjusted from the profile page, although shipment notices may still arrive separately.",0.05,different_topic_negative,"0.2,3.0,1.0,1.0,1.0,1.0,1.0,2.5,2.0,2.0,1.0,1.0,3.0,3.0,3.0,3.0,1.0"
873,complaint,The service was bad because the technician missed the appointment.,"After several unrelated lines about customer service, the page says: in the service review, the customer says the technician missed the appointment affected support team, and the company response promises a follow-up within two business days.",1.0,full_messy_article_match,"0.2,3.0,1.0,1.0,1.0,2.5,2.0,2.0,1.0,1.0,3.0,3.0,3.0,3.0,1.0"
874,complaint,I want to complain about repair visit; the problem is support did not answer clearly.,"In a side note under the comparison table, it says that the article mentions several complaints about repair visit, but it does not describe the exact issue or reference A1234.",0.55,partial_missing_key_fields,"0.2,3.0,1.0,1.0,1.0,1.0,1.0,2.0,1.0,2.5,2.5,1.0,3.0,1.0,1.0,1.0,1.0,1.0,1.0,1.0"
875,complaint,I want to complain about repair visit; the problem is support did not answer clearly.,"In a side note under the comparison table, it says that the ordering page explains how to add a product to the cart, not how to handle a complaint.",0.15,same_topic_wrong_answer,"0.2,3.0,1.0,1.0,1.0,1.0,1.0,2.0,1.0,2.5,2.5,1.0,3.0,1.0,1.0,1.0,1.0,1.0,1.0,1.0"
876,complaint,The service was bad because the order was delayed.,"In a later section, the company notes that account settings can be adjusted from the profile page, although shipment notices may still arrive separately.",0.0,different_topic_negative,"0.2,3.0,1.0,1.0,1.0,2.5,2.0,2.0,1.0,1.0,3.0,3.0,3.0,1.0"
877,complaint,"In short, the service was bad because the charge was incorrect.","In a side note under the comparison table, it says that the complaint log for reference ORD5510 records that billing department had the charge was incorrect, and the support team opened an escalation ticket the same day.",0.95,full_messy_article_match,"0.2,3.0,1.0,1.0,1.0,1.0,1.0,1.0,2.5,2.0,2.0,1.0,1.0,3.0,3.0,3.0,1.0"
878,complaint,I am disappointed because the technician missed the appointment with delivery service reference SR9001.,"The article mentions several complaints about delivery service, but it does not describe the exact issue or reference SR9001. The same article also includes unrelated marketing text and a link to general support.",0.55,partial_missing_key_fields,"0.2,3.0,1.0,1.0,1.0,1.0,2.0,1.0,1.0,3.0,3.0,3.0,3.0,1.0,2.5,2.5,1.0,2.0,2.0,1.0"
879,complaint,I want to complain about billing department; the problem is support did not answer clearly.,"In a side note under the comparison table, it says that the ordering page explains how to add a product to the cart, not how to handle a complaint.",0.2,same_topic_wrong_answer,"0.2,3.0,1.0,1.0,1.0,1.0,1.0,2.0,1.0,1.0,1.0,1.0,3.0,1.0,1.0,1.0,1.0,1.0,1.0,1.0"
880,complaint,I want to complain about billing department; the problem is the technician missed the appointment.,"According to the announcement, users should check the help center for updates, while unrelated billing references were moved to a separate dashboard.",0.0,different_topic_negative,"0.2,3.0,1.0,1.0,1.0,1.0,1.0,2.0,1.0,1.0,1.0,1.0,3.0,1.0,1.0,3.0,3.0,3.0,3.0,1.0"
881,date_and_time,When is there flight from warehouse A to customer office with CityCourier in tomorrow for 1 unit?,"In a side note under the comparison table, it says that the timetable says the flight from warehouse A to customer office with CityCourier is available in tomorrow, with booking slots open for 1 unit.",1.0,full_messy_article_match,"0.2,3.0,1.0,1.0,1.0,1.0,1.0,3.0,1.0,1.5,1.0,1.0,1.5,1.5,1.0,2.0,1.0,2.5,1.0,1.0,1.0,1.0"
882,date_and_time,Please help: When can I schedule support call for 1 unit?,"A note in the middle of the article adds that the article says schedules may change in Friday, but it does not provide the exact time for support call with QuickFix.",0.45,partial_missing_key_fields,"0.2,3.0,1.0,1.0,1.0,1.0,1.0,1.0,1.0,1.0,3.0,3.0,1.0,1.0,1.0,1.0"
883,date_and_time,When is there flight from Israel to Jerusalem with ExpressShip in next week for one person?,"After several unrelated lines about customer service, the page says: the pricing table compares ticket costs by class, but it does not say when the event takes place. The same article also includes unrelated marketing text and a link to general support.",0.15,same_topic_wrong_answer,"0.2,3.0,1.0,1.0,1.0,1.0,1.0,3.0,1.0,1.5,1.0,1.5,1.0,2.0,1.0,2.5,2.5,1.0,1.0,1.0,1.0"
884,date_and_time,When is there installation appointment from Tel Aviv to Jerusalem with El Al in tomorrow for three seats?,"A short paragraph at the bottom says that support teams may contact customers later, without giving a concrete instruction or value. The same article also includes unrelated marketing text and a link to general support.",0.05,different_topic_negative,"0.2,3.0,1.0,1.0,1.0,1.0,1.0,3.0,3.0,1.0,1.5,1.5,1.0,1.5,1.0,2.0,2.0,1.0,2.5,1.0,1.0,1.0,1.0"
885,date_and_time,When can I schedule delivery pickup for one person?,"After several unrelated lines about customer service, the page says: in the schedule notice, QuickFix lists the next delivery pickup at 10 AM, and the paragraph adds that capacity for one person is limited.",0.95,full_messy_article_match,"0.2,3.0,1.0,1.0,1.0,1.0,1.0,1.0,3.0,3.0,1.0,1.0,1.0,1.0"
886,date_and_time,When is there flight from Tel Aviv to Greece with QuickFix in next week for 1 unit?,"A travel guide mentions departures from Tel Aviv to Greece, without naming a specific event time.",0.45,partial_missing_key_fields,"0.2,3.0,1.0,1.0,1.0,1.0,1.0,3.0,1.0,1.5,1.5,1.0,1.5,1.0,2.0,1.0,2.5,2.5,1.0,1.0,1.0,1.0"
887,date_and_time,"I was checking the site and couldn't find it clearly, when is there support call from warehouse A to Jerusalem with CityCourier in next week for 1 unit?","The pricing table compares ticket costs by class, but it does not say when the event takes place. The same article also includes unrelated marketing text and a link to general support.",0.15,same_topic_wrong_answer,"0.2,3.0,1.0,1.0,1.0,1.0,1.0,1.0,1.0,1.0,1.0,1.0,1.0,1.0,1.0,1.0,1.0,1.0,1.0,3.0,3.0,1.0,1.5,1.0,1.0,1.5,1.0,2.0,1.0,2.5,2.5,1.0,1.0,1.0,1.0"
888,date_and_time,When is there flight from Haifa to customer office with QuickFix in Friday for one person?,"A short paragraph at the bottom says that support teams may contact customers later, without giving a concrete instruction or value.",0.05,different_topic_negative,"0.2,3.0,1.0,1.0,1.0,1.0,1.0,3.0,1.0,1.5,1.0,1.5,1.5,1.0,2.0,1.0,2.5,1.0,1.0,1.0,1.0"
889,date_and_time,When can I schedule installation appointment for two packages?,"The timetable says the installation appointment from Tel Aviv to Greece with QuickFix is available in April, with booking slots open for two packages.",0.9,full_messy_article_match,"0.2,3.0,1.0,1.0,1.0,1.0,1.0,1.0,3.0,3.0,1.0,1.0,1.0,1.0"
890,date_and_time,What time is the flight with QuickFix?,"After several unrelated lines about customer service, the page says: the article says schedules may change in April, but it does not provide the exact time for flight with QuickFix. The same article also includes unrelated marketing text and a link to general support.",0.35,partial_missing_key_fields,"0.2,3.0,1.0,1.0,1.0,1.0,1.0,1.0,3.0,1.0,2.0,1.0"
891,date_and_time,What time is the flight with ExpressShip?,"The account page describes password recovery, unrelated to dates or scheduling.",0.2,same_topic_wrong_answer,"0.2,3.0,1.0,1.0,1.0,1.0,1.0,1.0,3.0,1.0,2.0,1.0"
892,date_and_time,"When can I schedule flight for 1 unit? I only need the exact answer, not a general explanation.",The guide spends most of its space comparing mobile app layouts and does not mention the requested product or transaction details. The same article also includes unrelated marketing text and a link to general support.,0.0,different_topic_negative,"0.2,3.0,1.0,1.0,1.0,1.0,1.0,1.0,3.0,1.0,1.0,1.0,1.0,1.0,1.0,1.0,1.0,1.0,1.0,1.0,1.0,1.0,1.0,1.0,1.0"
893,date_and_time,When can I schedule delivery pickup for one person?,"After several unrelated lines about customer service, the page says: in the schedule notice, CityCourier lists the next delivery pickup at 08:30, and the paragraph adds that capacity for one person is limited.",0.95,full_messy_article_match,"0.2,3.0,1.0,1.0,1.0,1.0,1.0,1.0,3.0,3.0,1.0,1.0,1.0,1.0"
894,date_and_time,What time is the support call with QuickFix?,"After several unrelated lines about customer service, the page says: a travel guide mentions departures from Tel Aviv to Eilat, without naming a specific event time.",0.45,partial_missing_key_fields,"0.2,3.0,1.0,1.0,1.0,1.0,1.0,1.0,3.0,3.0,1.0,2.0,1.0"
895,date_and_time,What time is the flight with CityCourier?,"The account page describes password recovery, unrelated to dates or scheduling.",0.1,same_topic_wrong_answer,"0.2,3.0,1.0,1.0,1.0,1.0,1.0,1.0,3.0,1.0,2.0,1.0"
896,date_and_time,What time is the support call with ExpressShip?,"According to the announcement, users should check the help center for updates, while unrelated billing references were moved to a separate dashboard.",0.05,different_topic_negative,"0.2,3.0,1.0,1.0,1.0,1.0,1.0,1.0,3.0,3.0,1.0,2.0,1.0"
897,date_and_time,Please help: What time is the installation appointment with ExpressShip?,"The timetable says the installation appointment from Tel Aviv to Eilat with ExpressShip is available in tomorrow, with booking slots open for 1 unit. The same article also includes unrelated marketing text and a link to general support.",0.9,full_messy_article_match,"0.2,3.0,1.0,1.0,1.0,1.0,1.0,1.0,1.0,1.0,3.0,3.0,1.0,2.0,1.0"
898,date_and_time,When can I schedule support call for one person?,"After several unrelated lines about customer service, the page says: the article says schedules may change in tomorrow, but it does not provide the exact time for support call with CityCourier.",0.35,partial_missing_key_fields,"0.2,3.0,1.0,1.0,1.0,1.0,1.0,1.0,3.0,3.0,1.0,1.0,1.0,1.0"
899,date_and_time,When is there delivery pickup from Israel to Jerusalem with ExpressShip in tomorrow for two packages?,"The pricing table compares ticket costs by class, but it does not say when the event takes place.",0.2,same_topic_wrong_answer,"0.2,3.0,1.0,1.0,1.0,1.0,1.0,3.0,3.0,1.0,1.5,1.0,1.5,1.0,2.0,1.0,2.5,1.0,1.0,1.0,1.0"
900,date_and_time,When is there delivery pickup from Tel Aviv to Greece with El Al in next week for two packages?,"The article describes how seasonal demand changes customer waiting times, but it does not provide a direct answer to the requested service detail. The same article also includes unrelated marketing text and a link to general support.",0.05,different_topic_negative,"0.2,3.0,1.0,1.0,1.0,1.0,1.0,3.0,3.0,1.0,1.5,1.5,1.0,1.5,1.0,2.0,2.0,1.0,2.5,2.5,1.0,1.0,1.0,1.0"
901,date_and_time,When can I schedule flight for one person?,"The paragraph continues with a warning about delays, but says that the timetable says the flight from Israel to customer office with QuickFix is available in April, with booking slots open for one person.",0.9,full_messy_article_match,"0.2,3.0,1.0,1.0,1.0,1.0,1.0,1.0,3.0,1.0,1.0,1.0,1.0"
902,date_and_time,"I was checking the site and couldn't find it clearly, when is there delivery pickup from Israel to Jerusalem with ExpressShip in April for three seats?","In a side note under the comparison table, it says that the article says schedules may change in April, but it does not provide the exact time for delivery pickup with ExpressShip.",0.35,partial_missing_key_fields,"0.2,3.0,1.0,1.0,1.0,1.0,1.0,1.0,1.0,1.0,1.0,1.0,1.0,1.0,1.0,1.0,1.0,1.0,1.0,3.0,3.0,1.0,1.5,1.0,1.5,1.0,2.0,1.0,2.5,1.0,1.0,1.0,1.0"
903,date_and_time,What time is the installation appointment with QuickFix?,"In a side note under the comparison table, it says that the pricing table compares ticket costs by class, but it does not say when the event takes place.",0.15,same_topic_wrong_answer,"0.2,3.0,1.0,1.0,1.0,1.0,1.0,1.0,3.0,3.0,1.0,2.0,1.0"
904,date_and_time,When can I schedule installation appointment for three seats?,"The article describes how seasonal demand changes customer waiting times, but it does not provide a direct answer to the requested service detail. The same article also includes unrelated marketing text and a link to general support.",0.0,different_topic_negative,"0.2,3.0,1.0,1.0,1.0,1.0,1.0,1.0,3.0,3.0,1.0,1.0,1.0,1.0"
905,date_and_time,When is there flight from warehouse A to Eilat with ExpressShip in Friday for one person?,"In a side note under the comparison table, it says that the timetable says the flight from warehouse A to Eilat with ExpressShip is available in Friday, with booking slots open for one person.",0.95,full_messy_article_match,"0.2,3.0,1.0,1.0,1.0,1.0,1.0,3.0,1.0,1.5,1.0,1.0,1.5,1.0,2.0,1.0,2.5,1.0,1.0,1.0,1.0"
906,date_and_time,When can I schedule delivery pickup for one person?,"A travel guide mentions departures from Tel Aviv to Jerusalem, without naming a specific event time.",0.45,partial_missing_key_fields,"0.2,3.0,1.0,1.0,1.0,1.0,1.0,1.0,3.0,3.0,1.0,1.0,1.0,1.0"
907,date_and_time,"In short, what time is the installation appointment with El Al?","The pricing table compares ticket costs by class, but it does not say when the event takes place. The same article also includes unrelated marketing text and a link to general support.",0.25,same_topic_wrong_answer,"0.2,3.0,1.0,1.0,1.0,1.0,1.0,1.0,1.0,1.0,1.0,3.0,3.0,1.0,2.0,2.0,1.0"
908,date_and_time,When can I schedule support call for three seats?,"According to the announcement, users should check the help center for updates, while unrelated billing references were moved to a separate dashboard.",0.0,different_topic_negative,"0.2,3.0,1.0,1.0,1.0,1.0,1.0,1.0,3.0,3.0,1.0,1.0,1.0,1.0"
909,date_and_time,When is there installation appointment from warehouse A to Greece with El Al in Friday for one person?,"The timetable says the installation appointment from warehouse A to Greece with El Al is available in Friday, with booking slots open for one person. The same article also includes unrelated marketing text and a link to general support.",0.95,full_messy_article_match,"0.2,3.0,1.0,1.0,1.0,1.0,1.0,3.0,3.0,1.0,1.5,1.0,1.0,1.5,1.0,2.0,2.0,1.0,2.5,1.0,1.0,1.0,1.0"
910,date_and_time,When is there support call from Tel Aviv to Greece with El Al in tomorrow for two packages?,"After several unrelated lines about customer service, the page says: the article says schedules may change in tomorrow, but it does not provide the exact time for support call with El Al.",0.55,partial_missing_key_fields,"0.2,3.0,1.0,1.0,1.0,1.0,1.0,3.0,3.0,1.0,1.5,1.5,1.0,1.5,1.0,2.0,2.0,1.0,2.5,1.0,1.0,1.0,1.0"
911,date_and_time,When can I schedule delivery pickup for one person?,"The account page describes password recovery, unrelated to dates or scheduling. The same article also includes unrelated marketing text and a link to general support.",0.25,same_topic_wrong_answer,"0.2,3.0,1.0,1.0,1.0,1.0,1.0,1.0,3.0,3.0,1.0,1.0,1.0,1.0"
912,date_and_time,"In short, when is there installation appointment from Haifa to Eilat with QuickFix in Friday for one person?","The article describes how seasonal demand changes customer waiting times, but it does not provide a direct answer to the requested service detail.",0.05,different_topic_negative,"0.2,3.0,1.0,1.0,1.0,1.0,1.0,1.0,1.0,1.0,3.0,3.0,1.0,1.5,1.0,1.5,1.0,2.0,1.0,2.5,1.0,1.0,1.0,1.0"
913,date_and_time,When can I schedule support call for two packages?,"The paragraph continues with a warning about delays, but says that the timetable says the support call from warehouse A to Greece with CityCourier is available in April, with booking slots open for two packages.",0.95,full_messy_article_match,"0.2,3.0,1.0,1.0,1.0,1.0,1.0,1.0,3.0,3.0,1.0,1.0,1.0,1.0"
914,date_and_time,When can I schedule support call for 1 unit?,"A travel guide mentions departures from Israel to Greece, without naming a specific event time. The same article also includes unrelated marketing text and a link to general support.",0.55,partial_missing_key_fields,"0.2,3.0,1.0,1.0,1.0,1.0,1.0,1.0,3.0,3.0,1.0,1.0,1.0,1.0"
915,date_and_time,When can I schedule support call for one person?,"The page does not present it as a direct answer; instead, it states that the account page describes password recovery, unrelated to dates or scheduling. The same article also includes unrelated marketing text and a link to general support.",0.2,same_topic_wrong_answer,"0.2,3.0,1.0,1.0,1.0,1.0,1.0,1.0,3.0,3.0,1.0,1.0,1.0,1.0"
916,date_and_time,When is there support call from Tel Aviv to customer office with CityCourier in Friday for three seats?,"In a later section, the company notes that account settings can be adjusted from the profile page, although shipment notices may still arrive separately.",0.0,different_topic_negative,"0.2,3.0,1.0,1.0,1.0,1.0,1.0,3.0,3.0,1.0,1.5,1.5,1.0,1.5,1.5,1.0,2.0,1.0,2.5,1.0,1.0,1.0,1.0"
917,date_and_time,Please help: When can I schedule installation appointment for two packages?,"The timetable says the installation appointment from Haifa to Eilat with CityCourier is available in Friday, with booking slots open for two packages. The same article also includes unrelated marketing text and a link to general support.",0.9,full_messy_article_match,"0.2,3.0,1.0,1.0,1.0,1.0,1.0,1.0,1.0,1.0,3.0,3.0,1.0,1.0,1.0,1.0"
918,date_and_time,When can I schedule support call for three seats?,"In a side note under the comparison table, it says that a travel guide mentions departures from Haifa to Eilat, without naming a specific event time. The same article also includes unrelated marketing text and a link to general support.",0.45,partial_missing_key_fields,"0.2,3.0,1.0,1.0,1.0,1.0,1.0,1.0,3.0,3.0,1.0,1.0,1.0,1.0"
919,date_and_time,When is there support call from Israel to Jerusalem with ExpressShip in Friday for one person?,"In a side note under the comparison table, it says that the account page describes password recovery, unrelated to dates or scheduling.",0.15,same_topic_wrong_answer,"0.2,3.0,1.0,1.0,1.0,1.0,1.0,3.0,3.0,1.0,1.5,1.0,1.5,1.0,2.0,1.0,2.5,1.0,1.0,1.0,1.0"
920,date_and_time,What time is the delivery pickup with QuickFix?,"According to the announcement, users should check the help center for updates, while unrelated billing references were moved to a separate dashboard. The same article also includes unrelated marketing text and a link to general support.",0.05,different_topic_negative,"0.2,3.0,1.0,1.0,1.0,1.0,1.0,1.0,3.0,3.0,1.0,2.0,1.0"
921,date_and_time,What time is the installation appointment with ExpressShip?,"A note in the middle of the article adds that in the schedule notice, ExpressShip lists the next installation appointment at noon, and the paragraph adds that capacity for two packages is limited.",1.0,full_messy_article_match,"0.2,3.0,1.0,1.0,1.0,1.0,1.0,1.0,3.0,3.0,1.0,2.0,1.0"
922,date_and_time,Please help: When can I schedule installation appointment for one person?,"A note in the middle of the article adds that the article says schedules may change in Friday, but it does not provide the exact time for installation appointment with CityCourier.",0.45,partial_missing_key_fields,"0.2,3.0,1.0,1.0,1.0,1.0,1.0,1.0,1.0,1.0,3.0,3.0,1.0,1.0,1.0,1.0"
923,date_and_time,When can I schedule installation appointment for 1 unit?,"The paragraph continues with a warning about delays, but says that the account page describes password recovery, unrelated to dates or scheduling. The same article also includes unrelated marketing text and a link to general support.",0.15,same_topic_wrong_answer,"0.2,3.0,1.0,1.0,1.0,1.0,1.0,1.0,3.0,3.0,1.0,1.0,1.0,1.0"
924,date_and_time,When is there flight from Tel Aviv to Jerusalem with El Al in Friday for three seats?,"In a later section, the company notes that account settings can be adjusted from the profile page, although shipment notices may still arrive separately.",0.05,different_topic_negative,"0.2,3.0,1.0,1.0,1.0,1.0,1.0,3.0,1.0,1.5,1.5,1.0,1.5,1.0,2.0,2.0,1.0,2.5,1.0,1.0,1.0,1.0"
925,date_and_time,When is there delivery pickup from Israel to customer office with ExpressShip in April for three seats?,"After several unrelated lines about customer service, the page says: in the schedule notice, ExpressShip lists the next delivery pickup at 08:30, and the paragraph adds that capacity for three seats is limited.",0.95,full_messy_article_match,"0.2,3.0,1.0,1.0,1.0,1.0,1.0,3.0,3.0,1.0,1.5,1.0,1.5,1.5,1.0,2.0,1.0,2.5,1.0,1.0,1.0,1.0"
926,date_and_time,When is there installation appointment from Tel Aviv to Greece with QuickFix in April for one person?,"The paragraph continues with a warning about delays, but says that the article says schedules may change in April, but it does not provide the exact time for installation appointment with QuickFix.",0.55,partial_missing_key_fields,"0.2,3.0,1.0,1.0,1.0,1.0,1.0,3.0,3.0,1.0,1.5,1.5,1.0,1.5,1.0,2.0,1.0,2.5,1.0,1.0,1.0,1.0"
927,date_and_time,"I was checking the site and couldn't find it clearly, what time is the support call with QuickFix?","The page does not present it as a direct answer; instead, it states that the pricing table compares ticket costs by class, but it does not say when the event takes place.",0.25,same_topic_wrong_answer,"0.2,3.0,1.0,1.0,1.0,1.0,1.0,1.0,1.0,1.0,1.0,1.0,1.0,1.0,1.0,1.0,1.0,1.0,1.0,1.0,3.0,3.0,1.0,2.0,1.0"
928,date_and_time,When is there support call from Tel Aviv to Jerusalem with El Al in next week for three seats?,"In a later section, the company notes that account settings can be adjusted from the profile page, although shipment notices may still arrive separately.",0.05,different_topic_negative,"0.2,3.0,1.0,1.0,1.0,1.0,1.0,3.0,3.0,1.0,1.5,1.5,1.0,1.5,1.0,2.0,2.0,1.0,2.5,2.5,1.0,1.0,1.0,1.0"
929,date_and_time,When can I schedule installation appointment for 1 unit?,"After several unrelated lines about customer service, the page says: in the schedule notice, QuickFix lists the next installation appointment at 10 AM, and the paragraph adds that capacity for 1 unit is limited.",0.95,full_messy_article_match,"0.2,3.0,1.0,1.0,1.0,1.0,1.0,1.0,3.0,3.0,1.0,1.0,1.0,1.0"
930,date_and_time,What time is the support call with El Al?,"A travel guide mentions departures from Tel Aviv to Jerusalem, without naming a specific event time.",0.45,partial_missing_key_fields,"0.2,3.0,1.0,1.0,1.0,1.0,1.0,1.0,3.0,3.0,1.0,2.0,2.0,1.0"
931,date_and_time,When can I schedule delivery pickup for three seats?,"The page does not present it as a direct answer; instead, it states that the account page describes password recovery, unrelated to dates or scheduling.",0.25,same_topic_wrong_answer,"0.2,3.0,1.0,1.0,1.0,1.0,1.0,1.0,3.0,3.0,1.0,1.0,1.0,1.0"
932,date_and_time,Please help: When can I schedule installation appointment for one person?,"A short paragraph at the bottom says that support teams may contact customers later, without giving a concrete instruction or value. The same article also includes unrelated marketing text and a link to general support.",0.05,different_topic_negative,"0.2,3.0,1.0,1.0,1.0,1.0,1.0,1.0,1.0,1.0,3.0,3.0,1.0,1.0,1.0,1.0"
933,date_and_time,When can I schedule flight for three seats?,"The timetable says the flight from warehouse A to Greece with CityCourier is available in April, with booking slots open for three seats.",1.0,full_messy_article_match,"0.2,3.0,1.0,1.0,1.0,1.0,1.0,1.0,3.0,1.0,1.0,1.0,1.0"
934,date_and_time,When can I schedule installation appointment for 1 unit?,"The paragraph continues with a warning about delays, but says that a travel guide mentions departures from Israel to Jerusalem, without naming a specific event time.",0.55,partial_missing_key_fields,"0.2,3.0,1.0,1.0,1.0,1.0,1.0,1.0,3.0,3.0,1.0,1.0,1.0,1.0"
935,date_and_time,What time is the support call with QuickFix?,"In a side note under the comparison table, it says that the pricing table compares ticket costs by class, but it does not say when the event takes place.",0.15,same_topic_wrong_answer,"0.2,3.0,1.0,1.0,1.0,1.0,1.0,1.0,3.0,3.0,1.0,2.0,1.0"
936,date_and_time,When can I schedule support call for 1 unit?,"In a later section, the company notes that account settings can be adjusted from the profile page, although shipment notices may still arrive separately.",0.05,different_topic_negative,"0.2,3.0,1.0,1.0,1.0,1.0,1.0,1.0,3.0,3.0,1.0,1.0,1.0,1.0"
937,date_and_time,"I was checking the site and couldn't find it clearly, what time is the flight with El Al?","After several unrelated lines about customer service, the page says: the timetable says the flight from Haifa to Eilat with El Al is available in next week, with booking slots open for two packages.",1.0,full_messy_article_match,"0.2,3.0,1.0,1.0,1.0,1.0,1.0,1.0,1.0,1.0,1.0,1.0,1.0,1.0,1.0,1.0,1.0,1.0,1.0,1.0,3.0,1.0,2.0,2.0,1.0"
938,date_and_time,When can I schedule delivery pickup for 1 unit?,"The article says schedules may change in next week, but it does not provide the exact time for delivery pickup with ExpressShip.",0.55,partial_missing_key_fields,"0.2,3.0,1.0,1.0,1.0,1.0,1.0,1.0,3.0,3.0,1.0,1.0,1.0,1.0"
939,date_and_time,What time is the installation appointment with CityCourier?,"The paragraph continues with a warning about delays, but says that the pricing table compares ticket costs by class, but it does not say when the event takes place.",0.1,same_topic_wrong_answer,"0.2,3.0,1.0,1.0,1.0,1.0,1.0,1.0,3.0,3.0,1.0,2.0,1.0"
940,date_and_time,When is there installation appointment from Haifa to Greece with ExpressShip in Friday for two packages?,"According to the announcement, users should check the help center for updates, while unrelated billing references were moved to a separate dashboard. The same article also includes unrelated marketing text and a link to general support.",0.05,different_topic_negative,"0.2,3.0,1.0,1.0,1.0,1.0,1.0,3.0,3.0,1.0,1.5,1.0,1.5,1.0,2.0,1.0,2.5,1.0,1.0,1.0,1.0"
941,date_and_time,When is there installation appointment from Haifa to Greece with El Al in next week for two packages?,"The paragraph continues with a warning about delays, but says that in the schedule notice, El Al lists the next installation appointment at 10 AM, and the paragraph adds that capacity for two packages is limited.",0.95,full_messy_article_match,"0.2,3.0,1.0,1.0,1.0,1.0,1.0,3.0,3.0,1.0,1.5,1.0,1.5,1.0,2.0,2.0,1.0,2.5,2.5,1.0,1.0,1.0,1.0"
942,date_and_time,"When is there flight from Israel to Greece with El Al in Friday for 1 unit? I only need the exact answer, not a general explanation.","In a side note under the comparison table, it says that a travel guide mentions departures from Israel to Greece, without naming a specific event time.",0.35,partial_missing_key_fields,"0.2,3.0,1.0,1.0,1.0,1.0,1.0,3.0,1.0,1.5,1.0,1.5,1.0,2.0,2.0,1.0,2.5,1.0,1.0,1.0,1.0,1.0,1.0,1.0,1.0,1.0,1.0,1.0,1.0,1.0,1.0,1.0,1.0"
943,date_and_time,When is there flight from warehouse A to Jerusalem with CityCourier in tomorrow for one person?,"A note in the middle of the article adds that the pricing table compares ticket costs by class, but it does not say when the event takes place.",0.25,same_topic_wrong_answer,"0.2,3.0,1.0,1.0,1.0,1.0,1.0,3.0,1.0,1.5,1.0,1.0,1.5,1.0,2.0,1.0,2.5,1.0,1.0,1.0,1.0"
944,date_and_time,What time is the support call with QuickFix?,"In a later section, the company notes that account settings can be adjusted from the profile page, although shipment notices may still arrive separately.",0.05,different_topic_negative,"0.2,3.0,1.0,1.0,1.0,1.0,1.0,1.0,3.0,3.0,1.0,2.0,1.0"
945,date_and_time,When can I schedule support call for two packages?,"In a side note under the comparison table, it says that in the schedule notice, CityCourier lists the next support call at noon, and the paragraph adds that capacity for two packages is limited. The same article also includes unrelated marketing text and a link to general support.",0.9,full_messy_article_match,"0.2,3.0,1.0,1.0,1.0,1.0,1.0,1.0,3.0,3.0,1.0,1.0,1.0,1.0"
946,date_and_time,When can I schedule delivery pickup for 1 unit?,"A travel guide mentions departures from warehouse A to Jerusalem, without naming a specific event time.",0.55,partial_missing_key_fields,"0.2,3.0,1.0,1.0,1.0,1.0,1.0,1.0,3.0,3.0,1.0,1.0,1.0,1.0"
947,date_and_time,"I was checking the site and couldn't find it clearly, when is there installation appointment from Tel Aviv to Greece with QuickFix in next week for 1 unit?","After several unrelated lines about customer service, the page says: the account page describes password recovery, unrelated to dates or scheduling. The same article also includes unrelated marketing text and a link to general support.",0.15,same_topic_wrong_answer,"0.2,3.0,1.0,1.0,1.0,1.0,1.0,1.0,1.0,1.0,1.0,1.0,1.0,1.0,1.0,1.0,1.0,1.0,1.0,3.0,3.0,1.0,1.5,1.5,1.0,1.5,1.0,2.0,1.0,2.5,2.5,1.0,1.0,1.0,1.0"
948,date_and_time,What time is the flight with El Al?,The guide spends most of its space comparing mobile app layouts and does not mention the requested product or transaction details. The same article also includes unrelated marketing text and a link to general support.,0.05,different_topic_negative,"0.2,3.0,1.0,1.0,1.0,1.0,1.0,1.0,3.0,1.0,2.0,2.0,1.0"
949,date_and_time,What time is the installation appointment with CityCourier?,"In the schedule notice, CityCourier lists the next installation appointment at 08:30, and the paragraph adds that capacity for one person is limited.",0.9,full_messy_article_match,"0.2,3.0,1.0,1.0,1.0,1.0,1.0,1.0,3.0,3.0,1.0,2.0,1.0"
950,date_and_time,What time is the flight with ExpressShip?,"The paragraph continues with a warning about delays, but says that a travel guide mentions departures from Haifa to Greece, without naming a specific event time.",0.55,partial_missing_key_fields,"0.2,3.0,1.0,1.0,1.0,1.0,1.0,1.0,3.0,1.0,2.0,1.0"
951,date_and_time,What time is the delivery pickup with QuickFix?,"The pricing table compares ticket costs by class, but it does not say when the event takes place.",0.2,same_topic_wrong_answer,"0.2,3.0,1.0,1.0,1.0,1.0,1.0,1.0,3.0,3.0,1.0,2.0,1.0"
952,date_and_time,"I was checking the site and couldn't find it clearly, what time is the delivery pickup with QuickFix?","According to the announcement, users should check the help center for updates, while unrelated billing references were moved to a separate dashboard. The same article also includes unrelated marketing text and a link to general support.",0.05,different_topic_negative,"0.2,3.0,1.0,1.0,1.0,1.0,1.0,1.0,1.0,1.0,1.0,1.0,1.0,1.0,1.0,1.0,1.0,1.0,1.0,1.0,3.0,3.0,1.0,2.0,1.0"
953,date_and_time,What time is the flight with CityCourier?,"In a side note under the comparison table, it says that the timetable says the flight from Israel to Jerusalem with CityCourier is available in Friday, with booking slots open for three seats. The same article also includes unrelated marketing text and a link to general support.",0.95,full_messy_article_match,"0.2,3.0,1.0,1.0,1.0,1.0,1.0,1.0,3.0,1.0,2.0,1.0"
954,date_and_time,When is there delivery pickup from warehouse A to Jerusalem with El Al in tomorrow for one person?,"A travel guide mentions departures from warehouse A to Jerusalem, without naming a specific event time.",0.45,partial_missing_key_fields,"0.2,3.0,1.0,1.0,1.0,1.0,1.0,3.0,3.0,1.0,1.5,1.0,1.0,1.5,1.0,2.0,2.0,1.0,2.5,1.0,1.0,1.0,1.0"
955,date_and_time,When is there flight from warehouse A to Jerusalem with El Al in next week for 1 unit?,"After several unrelated lines about customer service, the page says: the pricing table compares ticket costs by class, but it does not say when the event takes place.",0.15,same_topic_wrong_answer,"0.2,3.0,1.0,1.0,1.0,1.0,1.0,3.0,1.0,1.5,1.0,1.0,1.5,1.0,2.0,2.0,1.0,2.5,2.5,1.0,1.0,1.0,1.0"
956,date_and_time,When is there delivery pickup from warehouse A to Jerusalem with El Al in April for three seats?,"A short paragraph at the bottom says that support teams may contact customers later, without giving a concrete instruction or value.",0.05,different_topic_negative,"0.2,3.0,1.0,1.0,1.0,1.0,1.0,3.0,3.0,1.0,1.5,1.0,1.0,1.5,1.0,2.0,2.0,1.0,2.5,1.0,1.0,1.0,1.0"
957,date_and_time,"When can I schedule support call for two packages? I only need the exact answer, not a general explanation.","In the schedule notice, ExpressShip lists the next support call at 10 AM, and the paragraph adds that capacity for two packages is limited. The same article also includes unrelated marketing text and a link to general support.",0.95,full_messy_article_match,"0.2,3.0,1.0,1.0,1.0,1.0,1.0,1.0,3.0,3.0,1.0,1.0,1.0,1.0,1.0,1.0,1.0,1.0,1.0,1.0,1.0,1.0,1.0,1.0,1.0,1.0"
958,date_and_time,What time is the flight with QuickFix?,"A note in the middle of the article adds that a travel guide mentions departures from Israel to Greece, without naming a specific event time.",0.45,partial_missing_key_fields,"0.2,3.0,1.0,1.0,1.0,1.0,1.0,1.0,3.0,1.0,2.0,1.0"
959,date_and_time,When is there delivery pickup from Haifa to Greece with CityCourier in Friday for one person?,"A note in the middle of the article adds that the account page describes password recovery, unrelated to dates or scheduling. The same article also includes unrelated marketing text and a link to general support.",0.2,same_topic_wrong_answer,"0.2,3.0,1.0,1.0,1.0,1.0,1.0,3.0,3.0,1.0,1.5,1.0,1.5,1.0,2.0,1.0,2.5,1.0,1.0,1.0,1.0"
960,date_and_time,When is there flight from Tel Aviv to Eilat with CityCourier in April for one person?,The guide spends most of its space comparing mobile app layouts and does not mention the requested product or transaction details.,0.05,different_topic_negative,"0.2,3.0,1.0,1.0,1.0,1.0,1.0,3.0,1.0,1.5,1.5,1.0,1.5,1.0,2.0,1.0,2.5,1.0,1.0,1.0,1.0"
961,pricing,How much does it cost to fly from Israel to Greece with El Al in April for one person?,A flight from Israel to Greece with El Al in April for one person starts at $72 for a one-way ticket and $101 for a round-trip ticket.,1.0,added_full_exact_match,"0.2,1.0,3.0,1.0,1.0,1.0,1.0,1.0,1.0,1.0,2.5,1.0,2.5,1.0,1.5,1.0,1.5,1.0,3.0,3.0,1.0,1.0,1.0,1.0,1.0,1.0"
962,pricing,How much does it cost to fly from Israel to Greece with El Al in April for one person?,A flight from Israel to Italy with Ryanair in April for one person starts at $72.,0.25,added_close_negative_wrong_destination_provider,"0.2,1.0,3.0,1.0,1.0,1.0,1.0,1.0,1.0,1.0,2.5,1.0,2.5,1.0,1.5,1.0,1.5,1.0,3.0,3.0,1.0,1.0,1.0,1.0,1.0,1.0"
963,pricing,How much does it cost to fly from Israel to Greece with El Al in April for one person?,"Flights from Israel to Greece in April start at $72, but the airline and passenger details are not specified.",0.6,added_partial_missing_provider,"0.2,1.0,3.0,1.0,1.0,1.0,1.0,1.0,1.0,1.0,2.5,1.0,2.5,1.0,1.5,1.0,1.5,1.0,3.0,3.0,1.0,1.0,1.0,1.0,1.0,1.0"
964,pricing,How much does it cost to fly from Israel to Greece with El Al in April for one person?,"El Al flights from Israel to Greece are available, but this paragraph does not include the April price for one passenger.",0.45,added_partial_missing_price,"0.2,1.0,3.0,1.0,1.0,1.0,1.0,1.0,1.0,1.0,2.5,1.0,2.5,1.0,1.5,1.0,1.5,1.0,3.0,3.0,1.0,1.0,1.0,1.0,1.0,1.0"
965,pricing,How much does it cost to ship a laptop battery from Tel Aviv to Jerusalem with ExpressShip for two units?,Shipping two laptop batteries from Tel Aviv to Jerusalem with ExpressShip costs $18.,1.0,added_full_exact_match,"0.2,1.0,3.0,1.0,1.0,1.0,1.0,1.0,1.0,1.0,2.5,1.0,2.5,1.0,1.0,1.0,1.0,1.5,1.5,1.0,1.5,1.0,3.0,1.0,1.0,1.0,1.0"
966,pricing,How much does it cost to ship a laptop battery from Tel Aviv to Jerusalem with ExpressShip for two units?,Shipping two laptop batteries from Jerusalem to Tel Aviv with ExpressShip costs $18.,0.35,added_close_negative_reversed_route,"0.2,1.0,3.0,1.0,1.0,1.0,1.0,1.0,1.0,1.0,2.5,1.0,2.5,1.0,1.0,1.0,1.0,1.5,1.5,1.0,1.5,1.0,3.0,1.0,1.0,1.0,1.0"
967,ordering,Can I order two noise cancelling headphones through the website with student discount?,You can order two noise cancelling headphones through the website and apply the student discount during checkout.,1.0,added_full_exact_match,"0.2,1.0,3.0,1.0,1.0,1.0,1.0,1.0,3.0,1.0,1.0,1.0,3.0,1.0,1.0,2.0,1.0,2.0,1.0,1.0"
968,ordering,Can I order two noise cancelling headphones through the website with student discount?,You can order two earbuds through the mobile app with a business discount.,0.25,added_close_negative_wrong_item_channel_condition,"0.2,1.0,3.0,1.0,1.0,1.0,1.0,1.0,3.0,1.0,1.0,1.0,3.0,1.0,1.0,2.0,1.0,2.0,1.0,1.0"
969,ordering,Can I order two noise cancelling headphones through the website with student discount?,"The website supports ordering noise cancelling headphones, but it does not mention student discounts or quantity rules.",0.55,added_partial_missing_condition_quantity,"0.2,1.0,3.0,1.0,1.0,1.0,1.0,1.0,3.0,1.0,1.0,1.0,3.0,1.0,1.0,2.0,1.0,2.0,1.0,1.0"
970,ordering,How do I place a bulk order for 15 smartwatches by phone?,"To place a bulk order for 15 smartwatches, call the sales team and ask for the bulk ordering option.",1.0,added_full_exact_match,"0.2,1.0,3.0,1.0,1.0,1.0,1.0,1.0,1.0,2.5,1.0,2.0,3.0,1.0,1.0,1.0,1.0,2.0,1.0"
971,ordering,How do I place a bulk order for 15 smartwatches by phone?,You can place a single smartwatch order online through the website.,0.35,added_close_negative_wrong_quantity_channel,"0.2,1.0,3.0,1.0,1.0,1.0,1.0,1.0,1.0,2.5,1.0,2.0,3.0,1.0,1.0,1.0,1.0,2.0,1.0"
972,tracking,Where is my package with tracking reference TRK4582 and why is it delayed?,Package TRK4582 is delayed at the sorting center and the latest tracking status shows it should move today.,1.0,added_full_exact_match,"0.2,1.0,3.0,1.0,1.0,1.0,2.0,1.0,1.0,2.5,1.0,3.0,3.0,1.0,1.0,1.0,1.0,1.0,2.0,1.0"
973,tracking,Where is my package with tracking reference TRK4582 and why is it delayed?,Package TRK9921 is delayed at the sorting center and should move today.,0.25,added_close_negative_wrong_reference,"0.2,1.0,3.0,1.0,1.0,1.0,2.0,1.0,1.0,2.5,1.0,3.0,3.0,1.0,1.0,1.0,1.0,1.0,2.0,1.0"
974,tracking,Where is my package with tracking reference TRK4582 and why is it delayed?,"The package is delayed, but no tracking reference is listed in this paragraph.",0.5,added_partial_missing_reference,"0.2,1.0,3.0,1.0,1.0,1.0,2.0,1.0,1.0,2.5,1.0,3.0,3.0,1.0,1.0,1.0,1.0,1.0,2.0,1.0"
975,tracking,Track my order REF7710 for this week.,Order REF7710 is currently in transit and the tracking page expects delivery this week.,1.0,added_full_exact_match,"0.2,1.0,3.0,1.0,1.0,1.0,3.0,1.0,2.5,1.0,1.0,1.0,1.0,1.0"
976,tracking,Track my order REF7710 for this week.,Order REF7710 was refunded last month.,0.2,added_same_reference_wrong_topic,"0.2,1.0,3.0,1.0,1.0,1.0,3.0,1.0,2.5,1.0,1.0,1.0,1.0,1.0"
977,cancel_or_change,Can I change the delivery address for order reference CHG2201 to 18 King Street?,"Yes, order CHG2201 can have its delivery address changed to 18 King Street before dispatch.",1.0,added_full_exact_match,"0.2,1.0,3.0,1.0,1.0,1.0,1.0,1.0,3.0,1.0,1.0,2.5,1.0,2.5,2.5,1.0,1.0,1.0,1.0,1.0,1.0"
978,cancel_or_change,Can I change the delivery address for order reference CHG2201 to 18 King Street?,"Order CHG2201 can be cancelled, but this article does not describe changing the delivery address.",0.35,added_close_negative_wrong_action,"0.2,1.0,3.0,1.0,1.0,1.0,1.0,1.0,3.0,1.0,1.0,2.5,1.0,2.5,2.5,1.0,1.0,1.0,1.0,1.0,1.0"
979,cancel_or_change,Can I change the delivery address for order reference CHG2201 to 18 King Street?,Order CHG9000 can have its delivery address changed to 18 King Street.,0.3,added_close_negative_wrong_reference,"0.2,1.0,3.0,1.0,1.0,1.0,1.0,1.0,3.0,1.0,1.0,2.5,1.0,2.5,2.5,1.0,1.0,1.0,1.0,1.0,1.0"
980,cancel_or_change,Cancel my booking reference BK112 for tomorrow.,Booking BK112 can be cancelled for tomorrow from the booking management page.,1.0,added_full_exact_match,"0.2,1.0,3.0,1.0,1.0,1.0,3.0,1.0,2.5,2.5,1.0,1.0,1.0,1.0"
981,cancel_or_change,Cancel my booking reference BK112 for tomorrow.,"Booking BK112 can be changed to next week, but it cannot be cancelled in this paragraph.",0.35,added_close_negative_wrong_action,"0.2,1.0,3.0,1.0,1.0,1.0,3.0,1.0,2.5,2.5,1.0,1.0,1.0,1.0"
982,returns_and_refunds,How can I return the damaged headphones from order reference RET440 and get a refund?,"For order RET440, damaged headphones can be returned and a refund request can be opened from the returns page.",1.0,added_full_exact_match,"0.2,1.0,3.0,1.0,1.0,1.0,1.0,1.0,1.0,3.0,1.0,1.0,2.5,1.0,1.0,2.0,1.0,1.0,1.0,1.0,3.0,1.0"
983,returns_and_refunds,How can I return the damaged headphones from order reference RET440 and get a refund?,"For order RET441, damaged headphones can be returned and refunded.",0.35,added_close_negative_wrong_reference,"0.2,1.0,3.0,1.0,1.0,1.0,1.0,1.0,1.0,3.0,1.0,1.0,2.5,1.0,1.0,2.0,1.0,1.0,1.0,1.0,3.0,1.0"
984,returns_and_refunds,How can I return the damaged headphones from order reference RET440 and get a refund?,"The headphones can be exchanged, but this policy does not mention a refund for order RET440.",0.45,added_partial_wrong_request_type,"0.2,1.0,3.0,1.0,1.0,1.0,1.0,1.0,1.0,3.0,1.0,1.0,2.5,1.0,1.0,2.0,1.0,1.0,1.0,1.0,3.0,1.0"
985,returns_and_refunds,Is my refund for shoes approved or still pending?,The refund for the shoes is still pending and has not been approved yet.,1.0,added_full_exact_match,"0.2,1.0,3.0,1.0,1.0,1.0,1.0,1.0,3.0,1.0,2.5,1.5,1.0,1.0,1.5,1.0"
986,returns_and_refunds,Is my refund for shoes approved or still pending?,The return window for jackets is still open.,0.2,added_same_topic_wrong_item,"0.2,1.0,3.0,1.0,1.0,1.0,1.0,1.0,3.0,1.0,2.5,1.5,1.0,1.0,1.5,1.0"
987,account_access,I cannot log in because my account is locked after a password reset.,"If the account is locked after a password reset, wait 15 minutes and then use the unlock account link.",1.0,added_full_exact_match,"0.2,1.0,3.0,1.0,1.0,1.0,1.0,1.0,1.0,1.0,1.0,1.0,2.5,1.0,2.5,1.0,1.0,3.0,3.0,1.0"
988,account_access,I cannot log in because my account is locked after a password reset.,"If payment is declined after checkout, update the saved card.",0.1,added_cross_topic_negative,"0.2,1.0,3.0,1.0,1.0,1.0,1.0,1.0,1.0,1.0,1.0,1.0,2.5,1.0,2.5,1.0,1.0,3.0,3.0,1.0"
989,account_access,I cannot log in because my account is locked after a password reset.,"The password reset page works, but this answer does not explain locked accounts.",0.45,added_partial_missing_access_type,"0.2,1.0,3.0,1.0,1.0,1.0,1.0,1.0,1.0,1.0,1.0,1.0,2.5,1.0,2.5,1.0,1.0,3.0,3.0,1.0"
990,account_access,How do I change the email address used to access my account?,You can change the email address for account access from account settings after verifying the old email.,1.0,added_full_exact_match,"0.2,1.0,3.0,1.0,1.0,1.0,1.0,1.0,1.0,1.0,1.0,2.0,1.0,1.0,1.0,3.0,1.0,2.5,1.0"
991,account_access,How do I change the email address used to access my account?,"You can reset the password, but changing the account email is not covered here.",0.4,added_close_negative_wrong_target,"0.2,1.0,3.0,1.0,1.0,1.0,1.0,1.0,1.0,1.0,1.0,2.0,1.0,1.0,1.0,3.0,1.0,2.5,1.0"
992,billing_and_payment,Why was my Visa card charged twice for invoice INV882?,"Invoice INV882 shows a duplicate Visa card charge, and support can start a double-charge refund check.",1.0,added_full_exact_match,"0.2,1.0,3.0,1.0,1.0,1.0,1.0,1.0,1.0,1.0,2.0,2.5,1.0,1.0,3.0,1.0,1.0"
993,billing_and_payment,Why was my Visa card charged twice for invoice INV882?,Invoice INV883 shows a duplicate Visa card charge.,0.3,added_close_negative_wrong_reference,"0.2,1.0,3.0,1.0,1.0,1.0,1.0,1.0,1.0,1.0,2.0,2.5,1.0,1.0,3.0,1.0,1.0"
994,billing_and_payment,Why was my Visa card charged twice for invoice INV882?,"Invoice INV882 was paid by bank transfer, not by Visa card.",0.4,added_close_negative_wrong_payment_method,"0.2,1.0,3.0,1.0,1.0,1.0,1.0,1.0,1.0,1.0,2.0,2.5,1.0,1.0,3.0,1.0,1.0"
995,billing_and_payment,Can I pay the $45 bill with PayPal?,"Yes, the $45 bill can be paid with PayPal from the payment page.",1.0,added_full_exact_match,"0.2,1.0,3.0,1.0,1.0,1.0,1.0,1.0,1.0,1.0,1.0,3.0,1.0,2.0,1.0"
996,billing_and_payment,Can I pay the $45 bill with PayPal?,The $45 bill can be paid by credit card only.,0.35,added_close_negative_wrong_payment_method,"0.2,1.0,3.0,1.0,1.0,1.0,1.0,1.0,1.0,1.0,1.0,3.0,1.0,2.0,1.0"
997,technical_issue,The Android app crashes when I upload a profile photo and shows error E45.,Error E45 on Android can cause the app to crash during profile photo upload; update the app and clear cache.,1.0,added_full_exact_match,"0.2,1.0,3.0,1.0,1.0,1.0,1.0,2.5,2.5,1.0,1.0,1.0,2.0,1.0,1.0,1.0,1.0,1.0,3.0,1.0,1.0"
998,technical_issue,The Android app crashes when I upload a profile photo and shows error E45.,Error E45 on iOS can cause a crash during payment checkout.,0.3,added_close_negative_wrong_platform_action,"0.2,1.0,3.0,1.0,1.0,1.0,1.0,2.5,2.5,1.0,1.0,1.0,2.0,1.0,1.0,1.0,1.0,1.0,3.0,1.0,1.0"
999,technical_issue,The Android app crashes when I upload a profile photo and shows error E45.,"The Android app has upload problems, but this article does not mention error E45 or crashes.",0.55,added_partial_missing_error,"0.2,1.0,3.0,1.0,1.0,1.0,1.0,2.5,2.5,1.0,1.0,1.0,2.0,1.0,1.0,1.0,1.0,1.0,3.0,1.0,1.0"
1000,technical_issue,Why does the website fail to sync my orders on Windows?,The website sync issue on Windows can be fixed by reconnecting the account and refreshing the orders page.,1.0,added_full_exact_match,"0.2,1.0,3.0,1.0,1.0,1.0,1.0,1.0,1.0,2.5,1.0,1.0,2.0,1.0,1.0,1.0,2.5,1.0"
1001,technical_issue,Why does the website fail to sync my orders on Windows?,The mobile app fails to send notifications on Android.,0.2,added_same_topic_wrong_platform_action,"0.2,1.0,3.0,1.0,1.0,1.0,1.0,1.0,1.0,2.5,1.0,1.0,2.0,1.0,1.0,1.0,2.5,1.0"
1002,product_specs,What is the RAM and storage of the ASUS X15 Pro laptop?,The ASUS X15 Pro laptop includes 16GB RAM and 512GB SSD storage.,1.0,added_full_exact_match,"0.2,1.0,3.0,1.0,1.0,1.0,1.0,1.0,1.0,2.5,1.0,2.5,1.0,1.0,2.5,3.0,3.0,1.0,1.0"
1003,product_specs,What is the RAM and storage of the ASUS X15 Pro laptop?,The Lenovo X15 Pro laptop includes 16GB RAM and 512GB SSD storage.,0.35,added_close_negative_wrong_brand,"0.2,1.0,3.0,1.0,1.0,1.0,1.0,1.0,1.0,2.5,1.0,2.5,1.0,1.0,2.5,3.0,3.0,1.0,1.0"
1004,product_specs,What is the RAM and storage of the ASUS X15 Pro laptop?,"The ASUS X15 Pro laptop has a 15-inch screen, but the RAM and storage are not listed.",0.5,added_partial_missing_spec,"0.2,1.0,3.0,1.0,1.0,1.0,1.0,1.0,1.0,2.5,1.0,2.5,1.0,1.0,2.5,3.0,3.0,1.0,1.0"
1005,product_specs,Does the Galaxy A55 support wireless charging?,The Galaxy A55 does not support wireless charging according to the product specifications.,1.0,added_full_exact_match,"0.2,1.0,3.0,1.0,1.0,1.0,1.0,1.0,2.5,3.0,1.0,1.0,1.0,1.0"
1006,product_specs,Does the Galaxy A55 support wireless charging?,The Galaxy S24 supports wireless charging.,0.3,added_close_negative_wrong_model,"0.2,1.0,3.0,1.0,1.0,1.0,1.0,1.0,2.5,3.0,1.0,1.0,1.0,1.0"
1007,policy,What is the warranty policy for business laptops bought internationally?,The warranty policy for internationally purchased business laptops includes one year of limited hardware coverage.,1.0,added_full_exact_match,"0.2,1.0,3.0,1.0,1.0,1.0,1.0,1.0,1.0,2.5,3.0,1.0,2.0,1.0,1.0,1.0,1.0"
1008,policy,What is the warranty policy for business laptops bought internationally?,The return policy for local phone purchases allows returns within 14 days.,0.25,added_close_negative_wrong_policy_target,"0.2,1.0,3.0,1.0,1.0,1.0,1.0,1.0,1.0,2.5,3.0,1.0,2.0,1.0,1.0,1.0,1.0"
1009,policy,What is the warranty policy for business laptops bought internationally?,"The warranty policy covers business laptops, but this paragraph does not explain international purchases.",0.6,added_partial_missing_condition,"0.2,1.0,3.0,1.0,1.0,1.0,1.0,1.0,1.0,2.5,3.0,1.0,2.0,1.0,1.0,1.0,1.0"
1010,policy,Are customers allowed to return opened headphones after 30 days?,Opened headphones cannot be returned after 30 days under the return policy.,1.0,added_full_exact_match,"0.2,1.0,3.0,1.0,1.0,1.0,1.0,1.0,2.5,1.0,2.5,1.0,1.0,1.0,1.0,1.0,1.0"
1011,policy,Are customers allowed to return opened headphones after 30 days?,Unopened headphones can be returned within 14 days.,0.45,added_close_negative_wrong_condition,"0.2,1.0,3.0,1.0,1.0,1.0,1.0,1.0,2.5,1.0,2.5,1.0,1.0,1.0,1.0,1.0,1.0"
1012,complaint,I am disappointed because my order arrived damaged and support did not help.,"The complaint describes a damaged order and poor support, so it should be handled as a service complaint.",1.0,added_full_exact_match,"0.2,1.0,3.0,1.0,1.0,1.0,1.0,1.0,3.0,1.0,1.0,2.5,1.0,2.5,1.0,2.5,1.0,1.0,1.0,1.0"
1013,complaint,I am disappointed because my order arrived damaged and support did not help.,The customer asked how to track a delayed package with a reference number.,0.15,added_cross_topic_negative,"0.2,1.0,3.0,1.0,1.0,1.0,1.0,1.0,3.0,1.0,1.0,2.5,1.0,2.5,1.0,2.5,1.0,1.0,1.0,1.0"
1014,complaint,I am disappointed because my order arrived damaged and support did not help.,"The order arrived damaged, but the support experience is not mentioned.",0.6,added_partial_missing_issue,"0.2,1.0,3.0,1.0,1.0,1.0,1.0,1.0,3.0,1.0,1.0,2.5,1.0,2.5,1.0,2.5,1.0,1.0,1.0,1.0"
1015,complaint,The refund process is slow and I am unhappy with the service.,The user is unhappy with the slow refund process and the service response.,1.0,added_full_exact_match,"0.2,1.0,3.0,1.0,1.0,1.0,1.0,2.5,1.0,1.0,1.0,1.0,1.0,1.0,3.0,1.0,1.0,2.5,1.0"
1016,complaint,The refund process is slow and I am unhappy with the service.,The refund was approved instantly and the customer thanked the team.,0.2,added_opposite_sentiment_negative,"0.2,1.0,3.0,1.0,1.0,1.0,1.0,2.5,1.0,1.0,1.0,1.0,1.0,1.0,3.0,1.0,1.0,2.5,1.0"
1017,date_and_time,When is the El Al flight from Israel to Greece in April?,The El Al flight from Israel to Greece is scheduled for April 12 at 09:30.,1.0,added_full_exact_match,"0.2,1.0,3.0,1.0,1.0,1.0,2.5,1.0,1.0,2.0,2.0,3.0,1.0,1.5,1.0,1.5,1.0,2.5,1.0"
1018,date_and_time,When is the El Al flight from Israel to Greece in April?,The Ryanair flight from Israel to Italy is scheduled for April 12 at 09:30.,0.25,added_close_negative_wrong_provider_route,"0.2,1.0,3.0,1.0,1.0,1.0,2.5,1.0,1.0,2.0,2.0,3.0,1.0,1.5,1.0,1.5,1.0,2.5,1.0"
1019,date_and_time,When is the El Al flight from Israel to Greece in April?,"El Al has flights from Israel to Greece, but the April date and time are not listed.",0.5,added_partial_missing_time,"0.2,1.0,3.0,1.0,1.0,1.0,2.5,1.0,1.0,2.0,2.0,3.0,1.0,1.5,1.0,1.5,1.0,2.5,1.0"
1020,date_and_time,What time is my delivery appointment tomorrow for reference DEL501?,Delivery appointment DEL501 is scheduled for tomorrow at 14:00.,1.0,added_full_exact_match,"0.2,1.0,3.0,1.0,1.0,1.0,1.0,2.5,1.0,1.0,3.0,3.0,2.5,1.0,1.0,1.0,1.0"
1021,date_and_time,What time is my delivery appointment tomorrow for reference DEL501?,Delivery appointment DEL999 is scheduled for tomorrow at 14:00.,0.3,added_close_negative_wrong_reference,"0.2,1.0,3.0,1.0,1.0,1.0,1.0,2.5,1.0,1.0,3.0,3.0,2.5,1.0,1.0,1.0,1.0"
1022,pricing,How much does it cost to fly from Israel to Greece with El Al in April for one person?,"Check out these great prices for the next 90 days, starting at just $72 for a one-way ticket and $101 for a round-trip.",0.38,added_general_missing_route_provider_time_quantity,"0.2,1.0,3.0,1.0,1.0,1.0,1.0,1.0,1.0,1.0,2.5,1.0,2.5,1.0,1.5,1.0,1.5,1.0,3.0,3.0,1.0,1.0,1.0,1.0,1.0,1.0"
1023,pricing,How much does it cost to fly from Israel to Greece with El Al in April for one person?,"Flight prices start at $72, but the route, airline, month, and passenger count are not specified.",0.4,added_general_missing_key_pricing_fields,"0.2,1.0,3.0,1.0,1.0,1.0,1.0,1.0,1.0,1.0,2.5,1.0,2.5,1.0,1.5,1.0,1.5,1.0,3.0,3.0,1.0,1.0,1.0,1.0,1.0,1.0"
1024,pricing,How much does it cost to ship a laptop battery from Tel Aviv to Jerusalem with ExpressShip for two units?,"Shipping prices start at $8 for small items, but carrier, route, item, and quantity details are not specified.",0.35,added_general_missing_shipping_details,"0.2,1.0,3.0,1.0,1.0,1.0,1.0,1.0,1.0,1.0,2.5,1.0,2.5,1.0,1.0,1.0,1.0,1.5,1.5,1.0,1.5,1.0,3.0,1.0,1.0,1.0,1.0"
1025,pricing,What is the installation price for an ASUS laptop battery replacement including technician service?,Battery replacement prices vary by model and service center.,0.4,added_general_missing_item_brand_service_amount,"0.2,1.0,3.0,1.0,1.0,1.0,1.0,1.0,1.0,1.0,2.5,1.0,1.0,1.0,1.0,1.0,1.0,1.0,1.0,1.0,1.0"
1026,ordering,Can I order two noise cancelling headphones through the website with student discount?,You can place orders online for selected products.,0.35,added_general_missing_item_quantity_condition,"0.2,1.0,3.0,1.0,1.0,1.0,1.0,1.0,3.0,1.0,1.0,1.0,3.0,1.0,1.0,2.0,1.0,2.0,2.0,1.0"
1027,ordering,How do I place a bulk order for 15 smartwatches by phone?,Bulk orders are supported for some products through sales channels.,0.4,added_general_missing_item_quantity_channel,"0.2,1.0,3.0,1.0,1.0,1.0,1.0,1.0,1.0,2.5,1.0,2.0,3.0,1.0,1.0,1.0,1.0,2.0,1.0"
1028,ordering,Can I buy a laptop battery through the app with business discount?,Some products can be bought through digital channels.,0.3,added_general_missing_item_channel_condition,"0.2,1.0,3.0,1.0,1.0,1.0,1.0,1.0,3.0,1.0,3.0,3.0,1.0,1.0,2.0,1.0,2.0,2.0,1.0"
1029,ordering,Do you allow ordering three wireless mice for office delivery?,Office delivery may be available for some orders.,0.35,added_general_missing_item_quantity,"0.2,1.0,3.0,1.0,1.0,1.0,1.0,1.0,1.0,3.0,1.0,1.0,1.0,1.0,1.0,1.0,1.0"
1030,tracking,Where is my package with tracking reference TRK4582 and why is it delayed?,Some packages may be delayed at sorting centers during busy periods.,0.35,added_general_missing_reference_item,"0.2,1.0,3.0,1.0,1.0,1.0,2.0,1.0,1.0,2.5,1.0,3.0,3.0,1.0,1.0,1.0,1.0,1.0,2.0,1.0"
1031,tracking,Track my order REF7710 for this week.,You can track orders from the tracking page using a valid reference number.,0.3,added_general_missing_specific_reference_status,"0.2,1.0,3.0,1.0,1.0,1.0,3.0,1.0,2.5,1.0,1.0,1.0,1.0,1.0"
1032,tracking,Why is shipment TRK9001 stuck in customs?,Shipments may sometimes be delayed in customs.,0.4,added_general_missing_reference_reason,"0.2,1.0,3.0,1.0,1.0,1.0,1.0,1.0,2.5,1.0,2.0,1.0,1.0,1.0"
1033,tracking,Where is my replacement item with reference REP551?,Replacement items can be tracked after they are dispatched.,0.35,added_general_missing_reference_status,"0.2,1.0,3.0,1.0,1.0,1.0,2.0,1.0,1.0,1.0,1.0,1.0,3.0,1.0,1.0"
1034,cancel_or_change,Can I change the delivery address for order reference CHG2201 to 18 King Street?,Delivery addresses can sometimes be changed before dispatch.,0.4,added_general_missing_reference_new_value,"0.2,1.0,3.0,1.0,1.0,1.0,1.0,1.0,3.0,1.0,1.0,2.5,1.0,2.5,2.5,1.0,1.0,1.0,1.0,1.0,1.0"
1035,cancel_or_change,Cancel my booking reference BK112 for tomorrow.,Bookings can be cancelled from the booking management page.,0.4,added_general_missing_reference_time,"0.2,1.0,3.0,1.0,1.0,1.0,3.0,1.0,2.5,2.5,1.0,1.0,1.0,1.0"
1036,cancel_or_change,Can I update the color of my order from red to blue?,Some order details can be updated before the order is processed.,0.35,added_general_missing_target_new_value,"0.2,1.0,3.0,1.0,1.0,1.0,1.0,1.0,3.0,1.0,1.0,1.0,1.0,2.5,1.0,2.0,1.0,2.0,1.0"
1037,cancel_or_change,Can I change my delivery date to next Monday?,Delivery dates can sometimes be changed through the account page.,0.45,added_general_missing_specific_new_date,"0.2,1.0,3.0,1.0,1.0,1.0,1.0,1.0,3.0,1.0,1.0,2.5,1.0,1.0,1.0,1.0"
1038,returns_and_refunds,How can I return the damaged headphones from order reference RET440 and get a refund?,Items can be returned through the returns page if they meet the return conditions.,0.35,added_general_missing_item_reference_refund,"0.2,1.0,3.0,1.0,1.0,1.0,1.0,1.0,1.0,3.0,1.0,1.0,2.5,1.0,1.0,2.0,1.0,1.0,1.0,1.0,3.0,1.0"
1039,returns_and_refunds,Is my refund for shoes approved or still pending?,Refund status can be checked from the account page.,0.35,added_general_missing_item_status,"0.2,1.0,3.0,1.0,1.0,1.0,1.0,1.0,3.0,1.0,2.5,1.5,1.0,1.0,1.5,1.0"
1040,returns_and_refunds,Can I exchange a laptop bag after 30 days?,Exchanges are possible for eligible products within the allowed return window.,0.4,added_general_missing_item_time_rule,"0.2,1.0,3.0,1.0,1.0,1.0,1.0,1.0,3.0,1.0,2.5,1.0,1.0,1.0,1.0,1.0"
1041,returns_and_refunds,When will I receive the refund for reference RF222?,Refunds are usually processed after the returned item is inspected.,0.4,added_general_missing_reference_time,"0.2,1.0,3.0,1.0,1.0,1.0,1.0,1.0,1.0,1.0,1.0,3.0,1.0,2.0,1.0,1.0"
1042,account_access,I cannot log in because my account is locked after a password reset.,Login problems can often be solved by resetting the password.,0.4,added_general_missing_locked_account,"0.2,1.0,3.0,1.0,1.0,1.0,1.0,1.0,1.0,1.0,1.0,1.0,2.5,1.0,2.5,1.0,1.0,3.0,3.0,1.0"
1043,account_access,How do I change the email address used to access my account?,Account settings include several profile and security options.,0.3,added_general_missing_email_change,"0.2,1.0,3.0,1.0,1.0,1.0,1.0,1.0,1.0,1.0,1.0,2.0,1.0,1.0,1.0,3.0,1.0,2.5,1.0"
1044,account_access,Why do I get error code A17 when signing in on my phone?,Sign-in errors may happen when account details are incorrect.,0.35,added_general_missing_error_device,"0.2,1.0,3.0,1.0,1.0,1.0,1.0,1.0,1.0,1.0,2.5,2.0,1.0,1.0,1.0,1.0,1.0,1.0,1.0,1.0"
1045,account_access,Can you help me recover access to an account registered with my old email?,Account recovery is available for eligible users.,0.4,added_general_missing_old_email,"0.2,1.0,3.0,1.0,1.0,1.0,1.0,1.0,1.0,1.0,1.0,3.0,1.0,1.0,2.5,1.0,1.0,1.0,1.0,2.0,1.0"
1046,billing_and_payment,Why was my Visa card charged twice for invoice INV882?,Billing issues can be reviewed by the payment support team.,0.35,added_general_missing_card_invoice_amount,"0.2,1.0,3.0,1.0,1.0,1.0,1.0,1.0,1.0,2.0,2.0,2.5,1.0,1.0,3.0,1.0,1.0"
1047,billing_and_payment,Can I pay the $45 bill with PayPal?,Several payment methods are supported during checkout.,0.35,added_general_missing_amount_method,"0.2,1.0,3.0,1.0,1.0,1.0,1.0,1.0,1.0,1.0,1.0,3.0,1.0,2.0,1.0"
1048,billing_and_payment,Where can I download invoice INV451 for my last payment?,Invoices can be downloaded from the billing page.,0.45,added_general_missing_specific_invoice,"0.2,1.0,3.0,1.0,1.0,1.0,1.0,1.0,1.0,1.0,3.0,1.0,1.0,1.0,1.0,3.0,1.0"
1049,billing_and_payment,Why did my bank transfer payment fail for order PAY330?,Payments may fail because of bank restrictions or missing details.,0.4,added_general_missing_reference_method,"0.2,1.0,3.0,1.0,1.0,1.0,1.0,1.0,1.0,2.0,1.0,3.0,1.0,1.0,1.0,1.0,1.0"
1050,technical_issue,The Android app crashes when I upload a profile photo and shows error E45.,App crashes can often be fixed by updating the app and clearing cache.,0.4,added_general_missing_platform_action_error,"0.2,1.0,3.0,1.0,1.0,1.0,1.0,2.5,2.5,1.0,1.0,1.0,2.0,1.0,1.0,1.0,1.0,1.0,3.0,1.0,1.0"
1051,technical_issue,Why does the website fail to sync my orders on Windows?,Sync problems may happen when the connection is unstable.,0.35,added_general_missing_platform_target,"0.2,1.0,3.0,1.0,1.0,1.0,1.0,1.0,1.0,2.5,1.0,1.0,2.0,1.0,1.0,1.0,2.5,1.0"
1052,technical_issue,The iOS app freezes after I tap the checkout button.,Freezing issues can be caused by outdated app versions.,0.4,added_general_missing_platform_action,"0.2,1.0,3.0,1.0,1.0,1.0,1.0,2.5,2.5,1.0,1.0,1.0,1.0,1.0,1.0,1.0,1.0"
1053,technical_issue,Why does file upload fail with error U77 on Chrome?,Upload failures may happen because of browser or file size limitations.,0.45,added_general_missing_error_browser,"0.2,1.0,3.0,1.0,1.0,1.0,1.0,1.0,1.0,2.0,1.0,1.0,3.0,1.0,1.0,1.0,1.0"
1054,product_specs,What is the RAM and storage of the ASUS X15 Pro laptop?,Laptop specifications are listed on each product page.,0.3,added_general_missing_brand_model_spec,"0.2,1.0,3.0,1.0,1.0,1.0,1.0,1.0,1.0,2.5,1.0,2.5,1.0,1.0,2.5,3.0,3.0,1.0,1.0"
1055,product_specs,Does the Galaxy A55 support wireless charging?,Charging features vary by model.,0.35,added_general_missing_model_spec_answer,"0.2,1.0,3.0,1.0,1.0,1.0,1.0,1.0,2.5,3.0,1.0,1.0,1.0,1.0"
1056,product_specs,What is the battery life and screen size of the Lenovo Flex 5?,Battery and screen specifications depend on the exact model.,0.4,added_general_missing_brand_model_exact_values,"0.2,1.0,3.0,1.0,1.0,1.0,1.0,1.0,1.0,2.5,1.0,1.0,2.5,1.0,1.0,1.0,2.5,1.0,1.0,1.0"
1057,product_specs,How much does the iPhone 15 Pro weigh?,Product weight is shown in the technical specifications section.,0.35,added_general_missing_product_model_value,"0.2,1.0,3.0,1.0,1.0,1.0,1.0,1.0,1.0,1.0,2.5,1.0,3.0,1.0,1.0"
1058,policy,What is the warranty policy for business laptops bought internationally?,Warranty policies vary by product and purchase region.,0.45,added_general_missing_target_condition,"0.2,1.0,3.0,1.0,1.0,1.0,1.0,1.0,1.0,2.5,3.0,1.0,2.0,1.0,1.0,1.0,1.0"
1059,policy,Are customers allowed to return opened headphones after 30 days?,Return rules depend on product condition and return timing.,0.4,added_general_missing_item_condition_time,"0.2,1.0,3.0,1.0,1.0,1.0,1.0,1.0,2.5,1.0,2.5,2.0,1.0,1.0,1.0,1.0,1.0"
1060,policy,What is your privacy policy for storing customer payment details?,The privacy policy explains how customer data is handled.,0.45,added_general_missing_payment_details,"0.2,1.0,3.0,1.0,1.0,1.0,1.0,1.0,1.0,2.5,3.0,1.0,1.0,1.0,1.0,1.0,1.0"
1061,policy,Is international shipping allowed for battery products?,International shipping availability depends on item type and destination.,0.45,added_general_missing_battery_specific_rule,"0.2,1.0,3.0,1.0,1.0,1.0,1.0,2.0,2.5,2.5,1.0,1.0,1.0,1.0"
1062,complaint,I am disappointed because my order arrived damaged and support did not help.,Customer complaints are reviewed by the support team.,0.35,added_general_missing_specific_issue_target,"0.2,1.0,3.0,1.0,1.0,1.0,1.0,1.0,3.0,1.0,1.0,2.5,1.0,2.5,1.0,2.5,1.0,1.0,1.0,1.0"
1063,complaint,The refund process is slow and I am unhappy with the service.,Service feedback helps improve customer experience.,0.3,added_general_missing_refund_process,"0.2,1.0,3.0,1.0,1.0,1.0,1.0,2.5,1.0,1.0,1.0,1.0,1.0,1.0,3.0,1.0,1.0,2.5,1.0"
1064,complaint,I waited two weeks for delivery and nobody updated me.,Delivery complaints can be submitted through the help center.,0.4,added_general_missing_wait_time_update_issue,"0.2,1.0,3.0,1.0,1.0,1.0,1.0,1.0,1.0,1.0,1.0,1.0,1.0,1.0,1.0,1.0,1.0"
1065,complaint,The technician was late and the repair was not completed.,Repair complaints are handled by the service department.,0.4,added_general_missing_late_incomplete_repair,"0.2,1.0,3.0,1.0,1.0,1.0,1.0,1.0,1.0,1.0,1.0,1.0,1.0,1.0,1.0,1.0,1.0"
1066,date_and_time,When is the El Al flight from Israel to Greece in April?,Flight schedules are available on the airline website.,0.35,added_general_missing_route_provider_date_time,"0.2,1.0,3.0,1.0,1.0,1.0,2.5,1.0,1.0,2.0,2.0,3.0,1.0,1.5,1.0,1.5,1.0,2.5,1.0"
1067,date_and_time,What time is my delivery appointment tomorrow for reference DEL501?,Delivery appointment times can be checked in your account.,0.35,added_general_missing_reference_exact_time,"0.2,1.0,3.0,1.0,1.0,1.0,1.0,2.5,1.0,1.0,3.0,3.0,2.5,1.0,2.0,1.0,1.0"
1068,date_and_time,When will order REF7710 arrive this week?,Estimated delivery dates are shown on the tracking page.,0.35,added_general_missing_reference_exact_date,"0.2,1.0,3.0,1.0,1.0,1.0,2.5,1.0,1.0,1.0,1.0,1.0,1.0,1.0"
1069,date_and_time,What date is the technician visit for my laptop repair?,Technician visit dates are sent after the repair request is scheduled.,0.4,added_general_missing_item_exact_date,"0.2,1.0,3.0,1.0,1.0,1.0,1.0,2.5,1.0,1.0,1.0,1.0,1.0,1.0,1.0,1.0,1.0"
